field_id,sport_id,day_of_week,hour,month,price
6804b000a628d87a352cd5e3,67654209bf85ec5de3d4b68e,7,10,11,80000.0
6804b000a628d87a352cd5e3,67654209bf85ec5de3d4b68e,7,10,11,80000.0
6804b000a628d87a352cd5e3,67654209bf85ec5de3d4b68e,7,10,11,80000.0
6804b000a628d87a352cd5e3,67654209bf85ec5de3d4b68e,7,10,12,80000.0
6804b000a628d87a352cd5e3,67654209bf85ec5de3d4b68e,7,10,12,80000.0
6804b000a628d87a352cd5e3,67654209bf85ec5de3d4b68e,7,10,11,80000.0
6804b000a628d87a352cd5e3,67654209bf85ec5de3d4b68e,7,10,10,80000.0
6804b000a628d87a352cd5e3,67654209bf85ec5de3d4b68e,7,10,11,80000.0
6804b000a628d87a352cd5e3,67654209bf85ec5de3d4b68e,7,10,10,80000.0
6804b000a628d87a352cd5e3,67654209bf85ec5de3d4b68e,7,10,10,80000.0
6804b000a628d87a352cd5e3,67654209bf85ec5de3d4b68e,7,10,10,80000.0
6804b000a628d87a352cd5e3,67654209bf85ec5de3d4b68e,7,10,9,80000.0
6804b000a628d87a352cd5e3,67654209bf85ec5de3d4b68e,7,10,2,80000.0
6804b000a628d87a352cd5e3,67654209bf85ec5de3d4b68e,7,10,2,80000.0
6804b000a628d87a352cd5e3,67654209bf85ec5de3d4b68e,7,10,2,80000.0
6804b000a628d87a352cd5e3,67654209bf85ec5de3d4b68e,7,10,3,80000.0
6804b000a628d87a352cd5e3,67654209bf85ec5de3d4b68e,7,10,3,80000.0
6804b000a628d87a352cd5e3,67654209bf85ec5de3d4b68e,7,10,2,80000.0
6804b000a628d87a352cd5e3,67654209bf85ec5de3d4b68e,7,10,7,80000.0
6804b000a628d87a352cd5e3,67654209bf85ec5de3d4b68e,7,10,8,80000.0
6804b000a628d87a352cd5e3,67654209bf85ec5de3d4b68e,7,10,8,80000.0
6804b000a628d87a352cd5e3,67654209bf85ec5de3d4b68e,7,10,1,80000.0
6804b000a628d87a352cd5e3,67654209bf85ec5de3d4b68e,7,10,7,80000.0
6804b000a628d87a352cd5e3,67654209bf85ec5de3d4b68e,7,10,1,80000.0
6804b000a628d87a352cd5e3,67654209bf85ec5de3d4b68e,7,10,1,80000.0
6804b000a628d87a352cd5e3,67654209bf85ec5de3d4b68e,7,10,7,80000.0
6804b000a628d87a352cd5e3,67654209bf85ec5de3d4b68e,7,10,7,80000.0
6804b000a628d87a352cd5e3,67654209bf85ec5de3d4b68e,7,10,5,80000.0
6804b000a628d87a352cd5e3,67654209bf85ec5de3d4b68e,7,10,8,80000.0
6804b000a628d87a352cd5e3,67654209bf85ec5de3d4b68e,7,10,5,80000.0
6804b000a628d87a352cd5e3,67654209bf85ec5de3d4b68e,7,10,8,80000.0
6804b000a628d87a352cd5e3,67654209bf85ec5de3d4b68e,7,10,5,80000.0
6804b000a628d87a352cd5e3,67654209bf85ec5de3d4b68e,7,10,9,80000.0
6804b000a628d87a352cd5e3,67654209bf85ec5de3d4b68e,7,10,8,80000.0
6804b000a628d87a352cd5e3,67654209bf85ec5de3d4b68e,7,10,4,80000.0
6804b000a628d87a352cd5e3,67654209bf85ec5de3d4b68e,7,10,9,80000.0
6804b000a628d87a352cd5e3,67654209bf85ec5de3d4b68e,7,10,4,80000.0
6804b000a628d87a352cd5e3,67654209bf85ec5de3d4b68e,7,10,9,80000.0
6804b000a628d87a352cd5e3,67654209bf85ec5de3d4b68e,7,10,6,80000.0
6804b000a628d87a352cd5e3,67654209bf85ec5de3d4b68e,7,10,4,80000.0
6804b000a628d87a352cd5e3,67654209bf85ec5de3d4b68e,7,10,6,80000.0
6804b000a628d87a352cd5e3,67654209bf85ec5de3d4b68e,7,10,6,80000.0
6804b000a628d87a352cd5e3,67654209bf85ec5de3d4b68e,7,10,5,80000.0
6804b000a628d87a352cd5e3,67654209bf85ec5de3d4b68e,7,10,6,80000.0
6804b000a628d87a352cd5e3,67654209bf85ec5de3d4b68e,7,10,6,80000.0
6804b000a628d87a352cd5e3,67654209bf85ec5de3d4b68e,7,10,12,80000.0
6804b000a628d87a352cd5e3,67654209bf85ec5de3d4b68e,7,10,12,80000.0
6804b000a628d87a352cd5e3,67654209bf85ec5de3d4b68e,7,10,1,80000.0
6804b000a628d87a352cd5e3,67654209bf85ec5de3d4b68e,7,11,11,80000.0
6804b000a628d87a352cd5e3,67654209bf85ec5de3d4b68e,7,11,11,80000.0
6804b000a628d87a352cd5e3,67654209bf85ec5de3d4b68e,7,11,7,80000.0
6804b000a628d87a352cd5e3,67654209bf85ec5de3d4b68e,7,11,2,80000.0
6804b000a628d87a352cd5e3,67654209bf85ec5de3d4b68e,7,11,6,80000.0
6804b000a628d87a352cd5e3,67654209bf85ec5de3d4b68e,7,11,11,80000.0
6804b000a628d87a352cd5e3,67654209bf85ec5de3d4b68e,7,11,6,80000.0
6804b000a628d87a352cd5e3,67654209bf85ec5de3d4b68e,7,11,2,80000.0
6804b000a628d87a352cd5e3,67654209bf85ec5de3d4b68e,7,11,8,80000.0
6804b000a628d87a352cd5e3,67654209bf85ec5de3d4b68e,7,11,9,80000.0
6804b000a628d87a352cd5e3,67654209bf85ec5de3d4b68e,7,11,5,80000.0
6804b000a628d87a352cd5e3,67654209bf85ec5de3d4b68e,7,11,2,80000.0
6804b000a628d87a352cd5e3,67654209bf85ec5de3d4b68e,7,11,8,80000.0
6804b000a628d87a352cd5e3,67654209bf85ec5de3d4b68e,7,11,9,80000.0
6804b000a628d87a352cd5e3,67654209bf85ec5de3d4b68e,7,11,6,80000.0
6804b000a628d87a352cd5e3,67654209bf85ec5de3d4b68e,7,11,9,80000.0
6804b000a628d87a352cd5e3,67654209bf85ec5de3d4b68e,7,11,3,80000.0
6804b000a628d87a352cd5e3,67654209bf85ec5de3d4b68e,7,11,7,80000.0
6804b000a628d87a352cd5e3,67654209bf85ec5de3d4b68e,7,11,6,80000.0
6804b000a628d87a352cd5e3,67654209bf85ec5de3d4b68e,7,11,3,80000.0
6804b000a628d87a352cd5e3,67654209bf85ec5de3d4b68e,7,11,7,80000.0
6804b000a628d87a352cd5e3,67654209bf85ec5de3d4b68e,7,11,6,80000.0
6804b000a628d87a352cd5e3,67654209bf85ec5de3d4b68e,7,11,7,80000.0
6804b000a628d87a352cd5e3,67654209bf85ec5de3d4b68e,7,11,12,80000.0
6804b000a628d87a352cd5e3,67654209bf85ec5de3d4b68e,7,11,2,80000.0
6804b000a628d87a352cd5e3,67654209bf85ec5de3d4b68e,7,11,5,80000.0
6804b000a628d87a352cd5e3,67654209bf85ec5de3d4b68e,7,11,8,80000.0
6804b000a628d87a352cd5e3,67654209bf85ec5de3d4b68e,7,11,8,80000.0
6804b000a628d87a352cd5e3,67654209bf85ec5de3d4b68e,7,11,11,80000.0
6804b000a628d87a352cd5e3,67654209bf85ec5de3d4b68e,7,11,8,80000.0
6804b000a628d87a352cd5e3,67654209bf85ec5de3d4b68e,7,11,10,80000.0
6804b000a628d87a352cd5e3,67654209bf85ec5de3d4b68e,7,11,1,80000.0
6804b000a628d87a352cd5e3,67654209bf85ec5de3d4b68e,7,11,5,80000.0
6804b000a628d87a352cd5e3,67654209bf85ec5de3d4b68e,7,11,11,80000.0
6804b000a628d87a352cd5e3,67654209bf85ec5de3d4b68e,7,11,12,80000.0
6804b000a628d87a352cd5e3,67654209bf85ec5de3d4b68e,7,11,9,80000.0
6804b000a628d87a352cd5e3,67654209bf85ec5de3d4b68e,7,11,10,80000.0
6804b000a628d87a352cd5e3,67654209bf85ec5de3d4b68e,7,11,5,80000.0
6804b000a628d87a352cd5e3,67654209bf85ec5de3d4b68e,7,11,1,80000.0
6804b000a628d87a352cd5e3,67654209bf85ec5de3d4b68e,7,11,12,80000.0
6804b000a628d87a352cd5e3,67654209bf85ec5de3d4b68e,7,11,10,80000.0
6804b000a628d87a352cd5e3,67654209bf85ec5de3d4b68e,7,11,1,80000.0
6804b000a628d87a352cd5e3,67654209bf85ec5de3d4b68e,7,11,1,80000.0
6804b000a628d87a352cd5e3,67654209bf85ec5de3d4b68e,7,11,4,80000.0
6804b000a628d87a352cd5e3,67654209bf85ec5de3d4b68e,7,11,4,80000.0
6804b000a628d87a352cd5e3,67654209bf85ec5de3d4b68e,7,11,12,80000.0
6804b000a628d87a352cd5e3,67654209bf85ec5de3d4b68e,7,11,4,80000.0
6804b000a628d87a352cd5e3,67654209bf85ec5de3d4b68e,7,11,10,80000.0
6804b000a628d87a352cd5e3,67654209bf85ec5de3d4b68e,1,21,11,50000.0
6804b000a628d87a352cd5e3,67654209bf85ec5de3d4b68e,1,21,11,50000.0
6804b000a628d87a352cd5e3,67654209bf85ec5de3d4b68e,1,21,11,50000.0
6804b000a628d87a352cd5e3,67654209bf85ec5de3d4b68e,1,21,12,50000.0
6804b000a628d87a352cd5e3,67654209bf85ec5de3d4b68e,1,21,12,50000.0
6804b000a628d87a352cd5e3,67654209bf85ec5de3d4b68e,1,21,12,50000.0
6804b000a628d87a352cd5e3,67654209bf85ec5de3d4b68e,1,21,10,50000.0
6804b000a628d87a352cd5e3,67654209bf85ec5de3d4b68e,1,21,11,50000.0
6804b000a628d87a352cd5e3,67654209bf85ec5de3d4b68e,1,21,10,50000.0
6804b000a628d87a352cd5e3,67654209bf85ec5de3d4b68e,1,21,10,50000.0
6804b000a628d87a352cd5e3,67654209bf85ec5de3d4b68e,1,21,10,50000.0
6804b000a628d87a352cd5e3,67654209bf85ec5de3d4b68e,1,21,9,50000.0
6804b000a628d87a352cd5e3,67654209bf85ec5de3d4b68e,1,21,2,50000.0
6804b000a628d87a352cd5e3,67654209bf85ec5de3d4b68e,1,21,7,50000.0
6804b000a628d87a352cd5e3,67654209bf85ec5de3d4b68e,1,21,2,50000.0
6804b000a628d87a352cd5e3,67654209bf85ec5de3d4b68e,1,21,2,50000.0
6804b000a628d87a352cd5e3,67654209bf85ec5de3d4b68e,1,21,8,50000.0
6804b000a628d87a352cd5e3,67654209bf85ec5de3d4b68e,1,21,8,50000.0
6804b000a628d87a352cd5e3,67654209bf85ec5de3d4b68e,1,21,3,50000.0
6804b000a628d87a352cd5e3,67654209bf85ec5de3d4b68e,1,21,3,50000.0
6804b000a628d87a352cd5e3,67654209bf85ec5de3d4b68e,1,21,7,50000.0
6804b000a628d87a352cd5e3,67654209bf85ec5de3d4b68e,1,21,2,50000.0
6804b000a628d87a352cd5e3,67654209bf85ec5de3d4b68e,1,21,7,50000.0
6804b000a628d87a352cd5e3,67654209bf85ec5de3d4b68e,1,21,1,50000.0
6804b000a628d87a352cd5e3,67654209bf85ec5de3d4b68e,1,21,7,50000.0
6804b000a628d87a352cd5e3,67654209bf85ec5de3d4b68e,1,21,1,50000.0
6804b000a628d87a352cd5e3,67654209bf85ec5de3d4b68e,1,21,9,50000.0
6804b000a628d87a352cd5e3,67654209bf85ec5de3d4b68e,1,21,9,50000.0
6804b000a628d87a352cd5e3,67654209bf85ec5de3d4b68e,1,21,1,50000.0
6804b000a628d87a352cd5e3,67654209bf85ec5de3d4b68e,1,21,9,50000.0
6804b000a628d87a352cd5e3,67654209bf85ec5de3d4b68e,1,21,8,50000.0
6804b000a628d87a352cd5e3,67654209bf85ec5de3d4b68e,1,21,12,50000.0
6804b000a628d87a352cd5e3,67654209bf85ec5de3d4b68e,1,21,12,50000.0
6804b000a628d87a352cd5e3,67654209bf85ec5de3d4b68e,1,21,6,50000.0
6804b000a628d87a352cd5e3,67654209bf85ec5de3d4b68e,1,21,1,50000.0
6804b000a628d87a352cd5e3,67654209bf85ec5de3d4b68e,1,21,5,50000.0
6804b000a628d87a352cd5e3,67654209bf85ec5de3d4b68e,1,21,6,50000.0
6804b000a628d87a352cd5e3,67654209bf85ec5de3d4b68e,1,21,6,50000.0
6804b000a628d87a352cd5e3,67654209bf85ec5de3d4b68e,1,21,5,50000.0
6804b000a628d87a352cd5e3,67654209bf85ec5de3d4b68e,1,21,6,50000.0
6804b000a628d87a352cd5e3,67654209bf85ec5de3d4b68e,1,21,6,50000.0
6804b000a628d87a352cd5e3,67654209bf85ec5de3d4b68e,1,21,5,50000.0
6804b000a628d87a352cd5e3,67654209bf85ec5de3d4b68e,1,21,5,50000.0
6804b000a628d87a352cd5e3,67654209bf85ec5de3d4b68e,1,21,4,50000.0
6804b000a628d87a352cd5e3,67654209bf85ec5de3d4b68e,1,21,4,50000.0
6804b000a628d87a352cd5e3,67654209bf85ec5de3d4b68e,1,21,4,50000.0
6804b000a628d87a352cd5e3,67654209bf85ec5de3d4b68e,1,21,8,50000.0
6804b000a628d87a352cd5e3,67654209bf85ec5de3d4b68e,1,21,9,50000.0
6804af99a628d87a352cd5e2,67654209bf85ec5de3d4b68e,6,10,11,100000.0
6804af99a628d87a352cd5e2,67654209bf85ec5de3d4b68e,6,10,11,100000.0
6804af99a628d87a352cd5e2,67654209bf85ec5de3d4b68e,6,10,11,100000.0
6804af99a628d87a352cd5e2,67654209bf85ec5de3d4b68e,6,10,12,100000.0
6804af99a628d87a352cd5e2,67654209bf85ec5de3d4b68e,6,10,12,100000.0
6804af99a628d87a352cd5e2,67654209bf85ec5de3d4b68e,6,10,12,100000.0
6804af99a628d87a352cd5e2,67654209bf85ec5de3d4b68e,6,10,10,100000.0
6804af99a628d87a352cd5e2,67654209bf85ec5de3d4b68e,6,10,11,100000.0
6804af99a628d87a352cd5e2,67654209bf85ec5de3d4b68e,6,10,11,100000.0
6804af99a628d87a352cd5e2,67654209bf85ec5de3d4b68e,6,10,8,100000.0
6804af99a628d87a352cd5e2,67654209bf85ec5de3d4b68e,6,10,10,100000.0
6804af99a628d87a352cd5e2,67654209bf85ec5de3d4b68e,6,10,8,100000.0
6804af99a628d87a352cd5e2,67654209bf85ec5de3d4b68e,6,10,10,100000.0
6804af99a628d87a352cd5e2,67654209bf85ec5de3d4b68e,6,10,8,100000.0
6804af99a628d87a352cd5e2,67654209bf85ec5de3d4b68e,6,10,10,100000.0
6804af99a628d87a352cd5e2,67654209bf85ec5de3d4b68e,6,10,7,100000.0
6804af99a628d87a352cd5e2,67654209bf85ec5de3d4b68e,6,10,7,100000.0
6804af99a628d87a352cd5e2,67654209bf85ec5de3d4b68e,6,10,6,100000.0
6804af99a628d87a352cd5e2,67654209bf85ec5de3d4b68e,6,10,5,100000.0
6804af99a628d87a352cd5e2,67654209bf85ec5de3d4b68e,6,10,7,100000.0
6804af99a628d87a352cd5e2,67654209bf85ec5de3d4b68e,6,10,6,100000.0
6804af99a628d87a352cd5e2,67654209bf85ec5de3d4b68e,6,10,5,100000.0
6804af99a628d87a352cd5e2,67654209bf85ec5de3d4b68e,6,10,5,100000.0
6804af99a628d87a352cd5e2,67654209bf85ec5de3d4b68e,6,10,5,100000.0
6804af99a628d87a352cd5e2,67654209bf85ec5de3d4b68e,6,10,4,100000.0
6804af99a628d87a352cd5e2,67654209bf85ec5de3d4b68e,6,10,4,100000.0
6804af99a628d87a352cd5e2,67654209bf85ec5de3d4b68e,6,10,6,100000.0
6804af99a628d87a352cd5e2,67654209bf85ec5de3d4b68e,6,10,6,100000.0
6804af99a628d87a352cd5e2,67654209bf85ec5de3d4b68e,6,10,7,100000.0
6804af99a628d87a352cd5e2,67654209bf85ec5de3d4b68e,6,10,5,100000.0
6804af99a628d87a352cd5e2,67654209bf85ec5de3d4b68e,6,10,2,100000.0
6804af99a628d87a352cd5e2,67654209bf85ec5de3d4b68e,6,10,2,100000.0
6804af99a628d87a352cd5e2,67654209bf85ec5de3d4b68e,6,10,2,100000.0
6804af99a628d87a352cd5e2,67654209bf85ec5de3d4b68e,6,10,1,100000.0
6804af99a628d87a352cd5e2,67654209bf85ec5de3d4b68e,6,10,3,100000.0
6804af99a628d87a352cd5e2,67654209bf85ec5de3d4b68e,6,10,1,100000.0
6804af99a628d87a352cd5e2,67654209bf85ec5de3d4b68e,6,10,1,100000.0
6804af99a628d87a352cd5e2,67654209bf85ec5de3d4b68e,6,10,3,100000.0
6804af99a628d87a352cd5e2,67654209bf85ec5de3d4b68e,6,10,1,100000.0
6804af99a628d87a352cd5e2,67654209bf85ec5de3d4b68e,6,10,12,100000.0
6804af99a628d87a352cd5e2,67654209bf85ec5de3d4b68e,6,10,1,100000.0
6804af99a628d87a352cd5e2,67654209bf85ec5de3d4b68e,6,10,2,100000.0
6804af99a628d87a352cd5e2,67654209bf85ec5de3d4b68e,6,10,9,100000.0
6804af99a628d87a352cd5e2,67654209bf85ec5de3d4b68e,6,10,9,100000.0
6804af99a628d87a352cd5e2,67654209bf85ec5de3d4b68e,6,10,9,100000.0
6804af99a628d87a352cd5e2,67654209bf85ec5de3d4b68e,6,10,8,100000.0
6804af99a628d87a352cd5e2,67654209bf85ec5de3d4b68e,6,10,8,100000.0
6804af99a628d87a352cd5e2,67654209bf85ec5de3d4b68e,6,10,9,100000.0
6804af99a628d87a352cd5e2,67654209bf85ec5de3d4b68e,6,20,11,100000.0
6804af99a628d87a352cd5e2,67654209bf85ec5de3d4b68e,6,20,11,100000.0
6804af99a628d87a352cd5e2,67654209bf85ec5de3d4b68e,6,20,11,100000.0
6804af99a628d87a352cd5e2,67654209bf85ec5de3d4b68e,6,20,12,100000.0
6804af99a628d87a352cd5e2,67654209bf85ec5de3d4b68e,6,20,12,100000.0
6804af99a628d87a352cd5e2,67654209bf85ec5de3d4b68e,6,20,12,100000.0
6804af99a628d87a352cd5e2,67654209bf85ec5de3d4b68e,6,20,10,100000.0
6804af99a628d87a352cd5e2,67654209bf85ec5de3d4b68e,6,20,11,100000.0
6804af99a628d87a352cd5e2,67654209bf85ec5de3d4b68e,6,20,11,100000.0
6804af99a628d87a352cd5e2,67654209bf85ec5de3d4b68e,6,20,10,100000.0
6804af99a628d87a352cd5e2,67654209bf85ec5de3d4b68e,6,20,10,100000.0
6804af99a628d87a352cd5e2,67654209bf85ec5de3d4b68e,6,20,8,100000.0
6804af99a628d87a352cd5e2,67654209bf85ec5de3d4b68e,6,20,10,100000.0
6804af99a628d87a352cd5e2,67654209bf85ec5de3d4b68e,6,20,8,100000.0
6804af99a628d87a352cd5e2,67654209bf85ec5de3d4b68e,6,20,8,100000.0
6804af99a628d87a352cd5e2,67654209bf85ec5de3d4b68e,6,20,7,100000.0
6804af99a628d87a352cd5e2,67654209bf85ec5de3d4b68e,6,20,2,100000.0
6804af99a628d87a352cd5e2,67654209bf85ec5de3d4b68e,6,20,7,100000.0
6804af99a628d87a352cd5e2,67654209bf85ec5de3d4b68e,6,20,2,100000.0
6804af99a628d87a352cd5e2,67654209bf85ec5de3d4b68e,6,20,7,100000.0
6804af99a628d87a352cd5e2,67654209bf85ec5de3d4b68e,6,20,6,100000.0
6804af99a628d87a352cd5e2,67654209bf85ec5de3d4b68e,6,20,2,100000.0
6804af99a628d87a352cd5e2,67654209bf85ec5de3d4b68e,6,20,1,100000.0
6804af99a628d87a352cd5e2,67654209bf85ec5de3d4b68e,6,20,2,100000.0
6804af99a628d87a352cd5e2,67654209bf85ec5de3d4b68e,6,20,1,100000.0
6804af99a628d87a352cd5e2,67654209bf85ec5de3d4b68e,6,20,3,100000.0
6804af99a628d87a352cd5e2,67654209bf85ec5de3d4b68e,6,20,6,100000.0
6804af99a628d87a352cd5e2,67654209bf85ec5de3d4b68e,6,20,3,100000.0
6804af99a628d87a352cd5e2,67654209bf85ec5de3d4b68e,6,20,9,100000.0
6804af99a628d87a352cd5e2,67654209bf85ec5de3d4b68e,6,20,1,100000.0
6804af99a628d87a352cd5e2,67654209bf85ec5de3d4b68e,6,20,12,100000.0
6804af99a628d87a352cd5e2,67654209bf85ec5de3d4b68e,6,20,1,100000.0
6804af99a628d87a352cd5e2,67654209bf85ec5de3d4b68e,6,20,5,100000.0
6804af99a628d87a352cd5e2,67654209bf85ec5de3d4b68e,6,20,1,100000.0
6804af99a628d87a352cd5e2,67654209bf85ec5de3d4b68e,6,20,9,100000.0
6804af99a628d87a352cd5e2,67654209bf85ec5de3d4b68e,6,20,5,100000.0
6804af99a628d87a352cd5e2,67654209bf85ec5de3d4b68e,6,20,9,100000.0
6804af99a628d87a352cd5e2,67654209bf85ec5de3d4b68e,6,20,6,100000.0
6804af99a628d87a352cd5e2,67654209bf85ec5de3d4b68e,6,20,4,100000.0
6804af99a628d87a352cd5e2,67654209bf85ec5de3d4b68e,6,20,4,100000.0
6804af99a628d87a352cd5e2,67654209bf85ec5de3d4b68e,6,20,8,100000.0
6804af99a628d87a352cd5e2,67654209bf85ec5de3d4b68e,6,20,5,100000.0
6804af99a628d87a352cd5e2,67654209bf85ec5de3d4b68e,6,20,6,100000.0
6804af99a628d87a352cd5e2,67654209bf85ec5de3d4b68e,6,20,7,100000.0
6804af99a628d87a352cd5e2,67654209bf85ec5de3d4b68e,6,20,9,100000.0
6804af99a628d87a352cd5e2,67654209bf85ec5de3d4b68e,6,20,5,100000.0
6804af99a628d87a352cd5e2,67654209bf85ec5de3d4b68e,6,20,8,100000.0
6804af99a628d87a352cd5e2,67654209bf85ec5de3d4b68e,6,20,5,100000.0
6804af99a628d87a352cd5e2,67654209bf85ec5de3d4b68e,2,10,11,100000.0
6804af99a628d87a352cd5e2,67654209bf85ec5de3d4b68e,2,10,11,100000.0
6804af99a628d87a352cd5e2,67654209bf85ec5de3d4b68e,2,10,11,100000.0
6804af99a628d87a352cd5e2,67654209bf85ec5de3d4b68e,2,10,12,100000.0
6804af99a628d87a352cd5e2,67654209bf85ec5de3d4b68e,2,10,12,100000.0
6804af99a628d87a352cd5e2,67654209bf85ec5de3d4b68e,2,10,12,100000.0
6804af99a628d87a352cd5e2,67654209bf85ec5de3d4b68e,2,10,10,100000.0
6804af99a628d87a352cd5e2,67654209bf85ec5de3d4b68e,2,10,11,100000.0
6804af99a628d87a352cd5e2,67654209bf85ec5de3d4b68e,2,10,7,100000.0
6804af99a628d87a352cd5e2,67654209bf85ec5de3d4b68e,2,10,10,100000.0
6804af99a628d87a352cd5e2,67654209bf85ec5de3d4b68e,2,10,2,100000.0
6804af99a628d87a352cd5e2,67654209bf85ec5de3d4b68e,2,10,10,100000.0
6804af99a628d87a352cd5e2,67654209bf85ec5de3d4b68e,2,10,10,100000.0
6804af99a628d87a352cd5e2,67654209bf85ec5de3d4b68e,2,10,2,100000.0
6804af99a628d87a352cd5e2,67654209bf85ec5de3d4b68e,2,10,9,100000.0
6804af99a628d87a352cd5e2,67654209bf85ec5de3d4b68e,2,10,2,100000.0
6804af99a628d87a352cd5e2,67654209bf85ec5de3d4b68e,2,10,8,100000.0
6804af99a628d87a352cd5e2,67654209bf85ec5de3d4b68e,2,10,1,100000.0
6804af99a628d87a352cd5e2,67654209bf85ec5de3d4b68e,2,10,3,100000.0
6804af99a628d87a352cd5e2,67654209bf85ec5de3d4b68e,2,10,6,100000.0
6804af99a628d87a352cd5e2,67654209bf85ec5de3d4b68e,2,10,8,100000.0
6804af99a628d87a352cd5e2,67654209bf85ec5de3d4b68e,2,10,3,100000.0
6804af99a628d87a352cd5e2,67654209bf85ec5de3d4b68e,2,10,1,100000.0
6804af99a628d87a352cd5e2,67654209bf85ec5de3d4b68e,2,10,6,100000.0
6804af99a628d87a352cd5e2,67654209bf85ec5de3d4b68e,2,10,2,100000.0
6804af99a628d87a352cd5e2,67654209bf85ec5de3d4b68e,2,10,7,100000.0
6804af99a628d87a352cd5e2,67654209bf85ec5de3d4b68e,2,10,1,100000.0
6804af99a628d87a352cd5e2,67654209bf85ec5de3d4b68e,2,10,12,100000.0
6804af99a628d87a352cd5e2,67654209bf85ec5de3d4b68e,2,10,5,100000.0
6804af99a628d87a352cd5e2,67654209bf85ec5de3d4b68e,2,10,7,100000.0
6804af99a628d87a352cd5e2,67654209bf85ec5de3d4b68e,2,10,1,100000.0
6804af99a628d87a352cd5e2,67654209bf85ec5de3d4b68e,2,10,5,100000.0
6804af99a628d87a352cd5e2,67654209bf85ec5de3d4b68e,2,10,7,100000.0
6804af99a628d87a352cd5e2,67654209bf85ec5de3d4b68e,2,10,12,100000.0
6804af99a628d87a352cd5e2,67654209bf85ec5de3d4b68e,2,10,5,100000.0
6804af99a628d87a352cd5e2,67654209bf85ec5de3d4b68e,2,10,6,100000.0
6804af99a628d87a352cd5e2,67654209bf85ec5de3d4b68e,2,10,5,100000.0
6804af99a628d87a352cd5e2,67654209bf85ec5de3d4b68e,2,10,7,100000.0
6804af99a628d87a352cd5e2,67654209bf85ec5de3d4b68e,2,10,8,100000.0
6804af99a628d87a352cd5e2,67654209bf85ec5de3d4b68e,2,10,9,100000.0
6804af99a628d87a352cd5e2,67654209bf85ec5de3d4b68e,2,10,4,100000.0
6804af99a628d87a352cd5e2,67654209bf85ec5de3d4b68e,2,10,9,100000.0
6804af99a628d87a352cd5e2,67654209bf85ec5de3d4b68e,2,10,8,100000.0
6804af99a628d87a352cd5e2,67654209bf85ec5de3d4b68e,2,10,9,100000.0
6804af99a628d87a352cd5e2,67654209bf85ec5de3d4b68e,2,10,4,100000.0
6804af99a628d87a352cd5e2,67654209bf85ec5de3d4b68e,2,10,4,100000.0
6804af99a628d87a352cd5e2,67654209bf85ec5de3d4b68e,2,10,9,100000.0
6804af99a628d87a352cd5e2,67654209bf85ec5de3d4b68e,2,10,6,100000.0
6804af52a628d87a352cd5e1,67654209bf85ec5de3d4b68e,7,14,11,100000.0
6804af52a628d87a352cd5e1,67654209bf85ec5de3d4b68e,7,14,11,100000.0
6804af52a628d87a352cd5e1,67654209bf85ec5de3d4b68e,7,14,11,100000.0
6804af52a628d87a352cd5e1,67654209bf85ec5de3d4b68e,7,14,12,100000.0
6804af52a628d87a352cd5e1,67654209bf85ec5de3d4b68e,7,14,12,100000.0
6804af52a628d87a352cd5e1,67654209bf85ec5de3d4b68e,7,14,11,100000.0
6804af52a628d87a352cd5e1,67654209bf85ec5de3d4b68e,7,14,7,100000.0
6804af52a628d87a352cd5e1,67654209bf85ec5de3d4b68e,7,14,10,100000.0
6804af52a628d87a352cd5e1,67654209bf85ec5de3d4b68e,7,14,8,100000.0
6804af52a628d87a352cd5e1,67654209bf85ec5de3d4b68e,7,14,11,100000.0
6804af52a628d87a352cd5e1,67654209bf85ec5de3d4b68e,7,14,8,100000.0
6804af52a628d87a352cd5e1,67654209bf85ec5de3d4b68e,7,14,10,100000.0
6804af52a628d87a352cd5e1,67654209bf85ec5de3d4b68e,7,14,7,100000.0
6804af52a628d87a352cd5e1,67654209bf85ec5de3d4b68e,7,14,7,100000.0
6804af52a628d87a352cd5e1,67654209bf85ec5de3d4b68e,7,14,10,100000.0
6804af52a628d87a352cd5e1,67654209bf85ec5de3d4b68e,7,14,7,100000.0
6804af52a628d87a352cd5e1,67654209bf85ec5de3d4b68e,7,14,10,100000.0
6804af52a628d87a352cd5e1,67654209bf85ec5de3d4b68e,7,14,6,100000.0
6804af52a628d87a352cd5e1,67654209bf85ec5de3d4b68e,7,14,9,100000.0
6804af52a628d87a352cd5e1,67654209bf85ec5de3d4b68e,7,14,6,100000.0
6804af52a628d87a352cd5e1,67654209bf85ec5de3d4b68e,7,14,5,100000.0
6804af52a628d87a352cd5e1,67654209bf85ec5de3d4b68e,7,14,2,100000.0
6804af52a628d87a352cd5e1,67654209bf85ec5de3d4b68e,7,14,5,100000.0
6804af52a628d87a352cd5e1,67654209bf85ec5de3d4b68e,7,14,8,100000.0
6804af52a628d87a352cd5e1,67654209bf85ec5de3d4b68e,7,14,1,100000.0
6804af52a628d87a352cd5e1,67654209bf85ec5de3d4b68e,7,14,6,100000.0
6804af52a628d87a352cd5e1,67654209bf85ec5de3d4b68e,7,14,2,100000.0
6804af52a628d87a352cd5e1,67654209bf85ec5de3d4b68e,7,14,5,100000.0
6804af52a628d87a352cd5e1,67654209bf85ec5de3d4b68e,7,14,8,100000.0
6804af52a628d87a352cd5e1,67654209bf85ec5de3d4b68e,7,14,6,100000.0
6804af52a628d87a352cd5e1,67654209bf85ec5de3d4b68e,7,14,2,100000.0
6804af52a628d87a352cd5e1,67654209bf85ec5de3d4b68e,7,14,4,100000.0
6804af52a628d87a352cd5e1,67654209bf85ec5de3d4b68e,7,14,1,100000.0
6804af52a628d87a352cd5e1,67654209bf85ec5de3d4b68e,7,14,6,100000.0
6804af52a628d87a352cd5e1,67654209bf85ec5de3d4b68e,7,14,5,100000.0
6804af52a628d87a352cd5e1,67654209bf85ec5de3d4b68e,7,14,8,100000.0
6804af52a628d87a352cd5e1,67654209bf85ec5de3d4b68e,7,14,3,100000.0
6804af52a628d87a352cd5e1,67654209bf85ec5de3d4b68e,7,14,4,100000.0
6804af52a628d87a352cd5e1,67654209bf85ec5de3d4b68e,7,14,1,100000.0
6804af52a628d87a352cd5e1,67654209bf85ec5de3d4b68e,7,14,3,100000.0
6804af52a628d87a352cd5e1,67654209bf85ec5de3d4b68e,7,14,4,100000.0
6804af52a628d87a352cd5e1,67654209bf85ec5de3d4b68e,7,14,2,100000.0
6804af52a628d87a352cd5e1,67654209bf85ec5de3d4b68e,7,14,12,100000.0
6804af52a628d87a352cd5e1,67654209bf85ec5de3d4b68e,7,14,1,100000.0
6804af52a628d87a352cd5e1,67654209bf85ec5de3d4b68e,7,14,12,100000.0
6804af52a628d87a352cd5e1,67654209bf85ec5de3d4b68e,7,14,9,100000.0
6804af52a628d87a352cd5e1,67654209bf85ec5de3d4b68e,7,14,9,100000.0
6804af52a628d87a352cd5e1,67654209bf85ec5de3d4b68e,7,14,9,100000.0
6804af52a628d87a352cd5e1,67654209bf85ec5de3d4b68e,7,15,11,100000.0
6804af52a628d87a352cd5e1,67654209bf85ec5de3d4b68e,7,15,11,100000.0
6804af52a628d87a352cd5e1,67654209bf85ec5de3d4b68e,7,15,11,100000.0
6804af52a628d87a352cd5e1,67654209bf85ec5de3d4b68e,7,15,12,100000.0
6804af52a628d87a352cd5e1,67654209bf85ec5de3d4b68e,7,15,12,100000.0
6804af52a628d87a352cd5e1,67654209bf85ec5de3d4b68e,7,15,7,100000.0
6804af52a628d87a352cd5e1,67654209bf85ec5de3d4b68e,7,15,11,100000.0
6804af52a628d87a352cd5e1,67654209bf85ec5de3d4b68e,7,15,8,100000.0
6804af52a628d87a352cd5e1,67654209bf85ec5de3d4b68e,7,15,6,100000.0
6804af52a628d87a352cd5e1,67654209bf85ec5de3d4b68e,7,15,6,100000.0
6804af52a628d87a352cd5e1,67654209bf85ec5de3d4b68e,7,15,8,100000.0
6804af52a628d87a352cd5e1,67654209bf85ec5de3d4b68e,7,15,2,100000.0
6804af52a628d87a352cd5e1,67654209bf85ec5de3d4b68e,7,15,5,100000.0
6804af52a628d87a352cd5e1,67654209bf85ec5de3d4b68e,7,15,10,100000.0
6804af52a628d87a352cd5e1,67654209bf85ec5de3d4b68e,7,15,2,100000.0
6804af52a628d87a352cd5e1,67654209bf85ec5de3d4b68e,7,15,6,100000.0
6804af52a628d87a352cd5e1,67654209bf85ec5de3d4b68e,7,15,2,100000.0
6804af52a628d87a352cd5e1,67654209bf85ec5de3d4b68e,7,15,9,100000.0
6804af52a628d87a352cd5e1,67654209bf85ec5de3d4b68e,7,15,5,100000.0
6804af52a628d87a352cd5e1,67654209bf85ec5de3d4b68e,7,15,6,100000.0
6804af52a628d87a352cd5e1,67654209bf85ec5de3d4b68e,7,15,3,100000.0
6804af52a628d87a352cd5e1,67654209bf85ec5de3d4b68e,7,15,7,100000.0
6804af52a628d87a352cd5e1,67654209bf85ec5de3d4b68e,7,15,11,100000.0
6804af52a628d87a352cd5e1,67654209bf85ec5de3d4b68e,7,15,6,100000.0
6804af52a628d87a352cd5e1,67654209bf85ec5de3d4b68e,7,15,5,100000.0
6804af52a628d87a352cd5e1,67654209bf85ec5de3d4b68e,7,15,9,100000.0
6804af52a628d87a352cd5e1,67654209bf85ec5de3d4b68e,7,15,3,100000.0
6804af52a628d87a352cd5e1,67654209bf85ec5de3d4b68e,7,15,2,100000.0
6804af52a628d87a352cd5e1,67654209bf85ec5de3d4b68e,7,15,9,100000.0
6804af52a628d87a352cd5e1,67654209bf85ec5de3d4b68e,7,15,5,100000.0
6804af52a628d87a352cd5e1,67654209bf85ec5de3d4b68e,7,15,7,100000.0
6804af52a628d87a352cd5e1,67654209bf85ec5de3d4b68e,7,15,7,100000.0
6804af52a628d87a352cd5e1,67654209bf85ec5de3d4b68e,7,15,10,100000.0
6804af52a628d87a352cd5e1,67654209bf85ec5de3d4b68e,7,15,1,100000.0
6804af52a628d87a352cd5e1,67654209bf85ec5de3d4b68e,7,15,8,100000.0
6804af52a628d87a352cd5e1,67654209bf85ec5de3d4b68e,7,15,8,100000.0
6804af52a628d87a352cd5e1,67654209bf85ec5de3d4b68e,7,15,1,100000.0
6804af52a628d87a352cd5e1,67654209bf85ec5de3d4b68e,7,15,8,100000.0
6804af52a628d87a352cd5e1,67654209bf85ec5de3d4b68e,7,15,1,100000.0
6804af52a628d87a352cd5e1,67654209bf85ec5de3d4b68e,7,15,4,100000.0
6804af52a628d87a352cd5e1,67654209bf85ec5de3d4b68e,7,15,4,100000.0
6804af52a628d87a352cd5e1,67654209bf85ec5de3d4b68e,7,15,4,100000.0
6804af52a628d87a352cd5e1,67654209bf85ec5de3d4b68e,7,15,12,100000.0
6804af52a628d87a352cd5e1,67654209bf85ec5de3d4b68e,7,15,9,100000.0
6804af52a628d87a352cd5e1,67654209bf85ec5de3d4b68e,7,15,10,100000.0
6804af52a628d87a352cd5e1,67654209bf85ec5de3d4b68e,7,15,1,100000.0
6804af52a628d87a352cd5e1,67654209bf85ec5de3d4b68e,7,15,12,100000.0
6804af52a628d87a352cd5e1,67654209bf85ec5de3d4b68e,7,15,10,100000.0
6804af52a628d87a352cd5e1,67654209bf85ec5de3d4b68e,3,18,11,100000.0
6804af52a628d87a352cd5e1,67654209bf85ec5de3d4b68e,3,18,11,100000.0
6804af52a628d87a352cd5e1,67654209bf85ec5de3d4b68e,3,18,11,100000.0
6804af52a628d87a352cd5e1,67654209bf85ec5de3d4b68e,3,18,7,100000.0
6804af52a628d87a352cd5e1,67654209bf85ec5de3d4b68e,3,18,12,100000.0
6804af52a628d87a352cd5e1,67654209bf85ec5de3d4b68e,3,18,12,100000.0
6804af52a628d87a352cd5e1,67654209bf85ec5de3d4b68e,3,18,8,100000.0
6804af52a628d87a352cd5e1,67654209bf85ec5de3d4b68e,3,18,12,100000.0
6804af52a628d87a352cd5e1,67654209bf85ec5de3d4b68e,3,18,8,100000.0
6804af52a628d87a352cd5e1,67654209bf85ec5de3d4b68e,3,18,6,100000.0
6804af52a628d87a352cd5e1,67654209bf85ec5de3d4b68e,3,18,2,100000.0
6804af52a628d87a352cd5e1,67654209bf85ec5de3d4b68e,3,18,10,100000.0
6804af52a628d87a352cd5e1,67654209bf85ec5de3d4b68e,3,18,2,100000.0
6804af52a628d87a352cd5e1,67654209bf85ec5de3d4b68e,3,18,7,100000.0
6804af52a628d87a352cd5e1,67654209bf85ec5de3d4b68e,3,18,6,100000.0
6804af52a628d87a352cd5e1,67654209bf85ec5de3d4b68e,3,18,1,100000.0
6804af52a628d87a352cd5e1,67654209bf85ec5de3d4b68e,3,18,2,100000.0
6804af52a628d87a352cd5e1,67654209bf85ec5de3d4b68e,3,18,5,100000.0
6804af52a628d87a352cd5e1,67654209bf85ec5de3d4b68e,3,18,7,100000.0
6804af52a628d87a352cd5e1,67654209bf85ec5de3d4b68e,3,18,11,100000.0
6804af52a628d87a352cd5e1,67654209bf85ec5de3d4b68e,3,18,3,100000.0
6804af52a628d87a352cd5e1,67654209bf85ec5de3d4b68e,3,18,1,100000.0
6804af52a628d87a352cd5e1,67654209bf85ec5de3d4b68e,3,18,6,100000.0
6804af52a628d87a352cd5e1,67654209bf85ec5de3d4b68e,3,18,7,100000.0
6804af52a628d87a352cd5e1,67654209bf85ec5de3d4b68e,3,18,3,100000.0
6804af52a628d87a352cd5e1,67654209bf85ec5de3d4b68e,3,18,1,100000.0
6804af52a628d87a352cd5e1,67654209bf85ec5de3d4b68e,3,18,10,100000.0
6804af52a628d87a352cd5e1,67654209bf85ec5de3d4b68e,3,18,7,100000.0
6804af52a628d87a352cd5e1,67654209bf85ec5de3d4b68e,3,18,2,100000.0
6804af52a628d87a352cd5e1,67654209bf85ec5de3d4b68e,3,18,12,100000.0
6804af52a628d87a352cd5e1,67654209bf85ec5de3d4b68e,3,18,6,100000.0
6804af52a628d87a352cd5e1,67654209bf85ec5de3d4b68e,3,18,1,100000.0
6804af52a628d87a352cd5e1,67654209bf85ec5de3d4b68e,3,18,9,100000.0
6804af52a628d87a352cd5e1,67654209bf85ec5de3d4b68e,3,18,12,100000.0
6804af52a628d87a352cd5e1,67654209bf85ec5de3d4b68e,3,18,10,100000.0
6804af52a628d87a352cd5e1,67654209bf85ec5de3d4b68e,3,18,5,100000.0
6804af52a628d87a352cd5e1,67654209bf85ec5de3d4b68e,3,18,5,100000.0
6804af52a628d87a352cd5e1,67654209bf85ec5de3d4b68e,3,18,9,100000.0
6804af52a628d87a352cd5e1,67654209bf85ec5de3d4b68e,3,18,4,100000.0
6804af52a628d87a352cd5e1,67654209bf85ec5de3d4b68e,3,18,10,100000.0
6804af52a628d87a352cd5e1,67654209bf85ec5de3d4b68e,3,18,4,100000.0
6804af52a628d87a352cd5e1,67654209bf85ec5de3d4b68e,3,18,5,100000.0
6804af52a628d87a352cd5e1,67654209bf85ec5de3d4b68e,3,18,8,100000.0
6804af52a628d87a352cd5e1,67654209bf85ec5de3d4b68e,3,18,4,100000.0
6804af52a628d87a352cd5e1,67654209bf85ec5de3d4b68e,3,18,9,100000.0
6804af52a628d87a352cd5e1,67654209bf85ec5de3d4b68e,3,18,9,100000.0
6804af52a628d87a352cd5e1,67654209bf85ec5de3d4b68e,3,18,10,100000.0
6804af52a628d87a352cd5e1,67654209bf85ec5de3d4b68e,3,18,8,100000.0
6804b039a628d87a352cd5e4,67654209bf85ec5de3d4b68e,7,16,11,100000.0
6804b039a628d87a352cd5e4,67654209bf85ec5de3d4b68e,7,16,7,100000.0
6804b039a628d87a352cd5e4,67654209bf85ec5de3d4b68e,7,16,2,100000.0
6804b039a628d87a352cd5e4,67654209bf85ec5de3d4b68e,7,16,8,100000.0
6804b039a628d87a352cd5e4,67654209bf85ec5de3d4b68e,7,16,2,100000.0
6804b039a628d87a352cd5e4,67654209bf85ec5de3d4b68e,7,16,11,100000.0
6804b039a628d87a352cd5e4,67654209bf85ec5de3d4b68e,7,16,8,100000.0
6804b039a628d87a352cd5e4,67654209bf85ec5de3d4b68e,7,16,2,100000.0
6804b039a628d87a352cd5e4,67654209bf85ec5de3d4b68e,7,16,7,100000.0
6804b039a628d87a352cd5e4,67654209bf85ec5de3d4b68e,7,16,3,100000.0
6804b039a628d87a352cd5e4,67654209bf85ec5de3d4b68e,7,16,11,100000.0
6804b039a628d87a352cd5e4,67654209bf85ec5de3d4b68e,7,16,7,100000.0
6804b039a628d87a352cd5e4,67654209bf85ec5de3d4b68e,7,16,7,100000.0
6804b039a628d87a352cd5e4,67654209bf85ec5de3d4b68e,7,16,3,100000.0
6804b039a628d87a352cd5e4,67654209bf85ec5de3d4b68e,7,16,2,100000.0
6804b039a628d87a352cd5e4,67654209bf85ec5de3d4b68e,7,16,12,100000.0
6804b039a628d87a352cd5e4,67654209bf85ec5de3d4b68e,7,16,12,100000.0
6804b039a628d87a352cd5e4,67654209bf85ec5de3d4b68e,7,16,11,100000.0
6804b039a628d87a352cd5e4,67654209bf85ec5de3d4b68e,7,16,10,100000.0
6804b039a628d87a352cd5e4,67654209bf85ec5de3d4b68e,7,16,11,100000.0
6804b039a628d87a352cd5e4,67654209bf85ec5de3d4b68e,7,16,10,100000.0
6804b039a628d87a352cd5e4,67654209bf85ec5de3d4b68e,7,16,10,100000.0
6804b039a628d87a352cd5e4,67654209bf85ec5de3d4b68e,7,16,9,100000.0
6804b039a628d87a352cd5e4,67654209bf85ec5de3d4b68e,7,16,10,100000.0
6804b039a628d87a352cd5e4,67654209bf85ec5de3d4b68e,7,16,6,100000.0
6804b039a628d87a352cd5e4,67654209bf85ec5de3d4b68e,7,16,5,100000.0
6804b039a628d87a352cd5e4,67654209bf85ec5de3d4b68e,7,16,8,100000.0
6804b039a628d87a352cd5e4,67654209bf85ec5de3d4b68e,7,16,6,100000.0
6804b039a628d87a352cd5e4,67654209bf85ec5de3d4b68e,7,16,4,100000.0
6804b039a628d87a352cd5e4,67654209bf85ec5de3d4b68e,7,16,5,100000.0
6804b039a628d87a352cd5e4,67654209bf85ec5de3d4b68e,7,16,4,100000.0
6804b039a628d87a352cd5e4,67654209bf85ec5de3d4b68e,7,16,8,100000.0
6804b039a628d87a352cd5e4,67654209bf85ec5de3d4b68e,7,16,5,100000.0
6804b039a628d87a352cd5e4,67654209bf85ec5de3d4b68e,7,16,5,100000.0
6804b039a628d87a352cd5e4,67654209bf85ec5de3d4b68e,7,16,4,100000.0
6804b039a628d87a352cd5e4,67654209bf85ec5de3d4b68e,7,16,8,100000.0
6804b039a628d87a352cd5e4,67654209bf85ec5de3d4b68e,7,16,6,100000.0
6804b039a628d87a352cd5e4,67654209bf85ec5de3d4b68e,7,16,6,100000.0
6804b039a628d87a352cd5e4,67654209bf85ec5de3d4b68e,7,16,6,100000.0
6804b039a628d87a352cd5e4,67654209bf85ec5de3d4b68e,7,16,1,100000.0
6804b039a628d87a352cd5e4,67654209bf85ec5de3d4b68e,7,16,1,100000.0
6804b039a628d87a352cd5e4,67654209bf85ec5de3d4b68e,7,16,1,100000.0
6804b039a628d87a352cd5e4,67654209bf85ec5de3d4b68e,7,16,12,100000.0
6804b039a628d87a352cd5e4,67654209bf85ec5de3d4b68e,7,16,1,100000.0
6804b039a628d87a352cd5e4,67654209bf85ec5de3d4b68e,7,16,12,100000.0
6804b039a628d87a352cd5e4,67654209bf85ec5de3d4b68e,7,16,9,100000.0
6804b039a628d87a352cd5e4,67654209bf85ec5de3d4b68e,7,16,9,100000.0
6804b039a628d87a352cd5e4,67654209bf85ec5de3d4b68e,7,16,9,100000.0
6804b039a628d87a352cd5e4,67654209bf85ec5de3d4b68e,6,18,11,100000.0
6804b039a628d87a352cd5e4,67654209bf85ec5de3d4b68e,6,18,11,100000.0
6804b039a628d87a352cd5e4,67654209bf85ec5de3d4b68e,6,18,11,100000.0
6804b039a628d87a352cd5e4,67654209bf85ec5de3d4b68e,6,18,12,100000.0
6804b039a628d87a352cd5e4,67654209bf85ec5de3d4b68e,6,18,12,100000.0
6804b039a628d87a352cd5e4,67654209bf85ec5de3d4b68e,6,18,12,100000.0
6804b039a628d87a352cd5e4,67654209bf85ec5de3d4b68e,6,18,10,100000.0
6804b039a628d87a352cd5e4,67654209bf85ec5de3d4b68e,6,18,11,100000.0
6804b039a628d87a352cd5e4,67654209bf85ec5de3d4b68e,6,18,11,100000.0
6804b039a628d87a352cd5e4,67654209bf85ec5de3d4b68e,6,18,10,100000.0
6804b039a628d87a352cd5e4,67654209bf85ec5de3d4b68e,6,18,10,100000.0
6804b039a628d87a352cd5e4,67654209bf85ec5de3d4b68e,6,18,10,100000.0
6804b039a628d87a352cd5e4,67654209bf85ec5de3d4b68e,6,18,2,100000.0
6804b039a628d87a352cd5e4,67654209bf85ec5de3d4b68e,6,18,2,100000.0
6804b039a628d87a352cd5e4,67654209bf85ec5de3d4b68e,6,18,2,100000.0
6804b039a628d87a352cd5e4,67654209bf85ec5de3d4b68e,6,18,3,100000.0
6804b039a628d87a352cd5e4,67654209bf85ec5de3d4b68e,6,18,3,100000.0
6804b039a628d87a352cd5e4,67654209bf85ec5de3d4b68e,6,18,2,100000.0
6804b039a628d87a352cd5e4,67654209bf85ec5de3d4b68e,6,18,1,100000.0
6804b039a628d87a352cd5e4,67654209bf85ec5de3d4b68e,6,18,1,100000.0
6804b039a628d87a352cd5e4,67654209bf85ec5de3d4b68e,6,18,1,100000.0
6804b039a628d87a352cd5e4,67654209bf85ec5de3d4b68e,6,18,1,100000.0
6804b039a628d87a352cd5e4,67654209bf85ec5de3d4b68e,6,18,1,100000.0
6804b039a628d87a352cd5e4,67654209bf85ec5de3d4b68e,6,18,12,100000.0
6804b039a628d87a352cd5e4,67654209bf85ec5de3d4b68e,6,18,8,100000.0
6804b039a628d87a352cd5e4,67654209bf85ec5de3d4b68e,6,18,8,100000.0
6804b039a628d87a352cd5e4,67654209bf85ec5de3d4b68e,6,18,8,100000.0
6804b039a628d87a352cd5e4,67654209bf85ec5de3d4b68e,6,18,7,100000.0
6804b039a628d87a352cd5e4,67654209bf85ec5de3d4b68e,6,18,7,100000.0
6804b039a628d87a352cd5e4,67654209bf85ec5de3d4b68e,6,18,7,100000.0
6804b039a628d87a352cd5e4,67654209bf85ec5de3d4b68e,6,18,9,100000.0
6804b039a628d87a352cd5e4,67654209bf85ec5de3d4b68e,6,18,9,100000.0
6804b039a628d87a352cd5e4,67654209bf85ec5de3d4b68e,6,18,9,100000.0
6804b039a628d87a352cd5e4,67654209bf85ec5de3d4b68e,6,18,8,100000.0
6804b039a628d87a352cd5e4,67654209bf85ec5de3d4b68e,6,18,9,100000.0
6804b039a628d87a352cd5e4,67654209bf85ec5de3d4b68e,6,18,8,100000.0
6804b039a628d87a352cd5e4,67654209bf85ec5de3d4b68e,6,18,6,100000.0
6804b039a628d87a352cd5e4,67654209bf85ec5de3d4b68e,6,18,6,100000.0
6804b039a628d87a352cd5e4,67654209bf85ec5de3d4b68e,6,18,5,100000.0
6804b039a628d87a352cd5e4,67654209bf85ec5de3d4b68e,6,18,6,100000.0
6804b039a628d87a352cd5e4,67654209bf85ec5de3d4b68e,6,18,7,100000.0
6804b039a628d87a352cd5e4,67654209bf85ec5de3d4b68e,6,18,6,100000.0
6804b039a628d87a352cd5e4,67654209bf85ec5de3d4b68e,6,18,5,100000.0
6804b039a628d87a352cd5e4,67654209bf85ec5de3d4b68e,6,18,4,100000.0
6804b039a628d87a352cd5e4,67654209bf85ec5de3d4b68e,6,18,5,100000.0
6804b039a628d87a352cd5e4,67654209bf85ec5de3d4b68e,6,18,5,100000.0
6804b039a628d87a352cd5e4,67654209bf85ec5de3d4b68e,6,18,4,100000.0
6804b039a628d87a352cd5e4,67654209bf85ec5de3d4b68e,6,18,5,100000.0
6804b039a628d87a352cd5e4,67654209bf85ec5de3d4b68e,4,19,11,80000.0
6804b039a628d87a352cd5e4,67654209bf85ec5de3d4b68e,4,19,11,80000.0
6804b039a628d87a352cd5e4,67654209bf85ec5de3d4b68e,4,19,11,80000.0
6804b039a628d87a352cd5e4,67654209bf85ec5de3d4b68e,4,19,12,80000.0
6804b039a628d87a352cd5e4,67654209bf85ec5de3d4b68e,4,19,12,80000.0
6804b039a628d87a352cd5e4,67654209bf85ec5de3d4b68e,4,19,12,80000.0
6804b039a628d87a352cd5e4,67654209bf85ec5de3d4b68e,4,19,10,80000.0
6804b039a628d87a352cd5e4,67654209bf85ec5de3d4b68e,4,19,11,80000.0
6804b039a628d87a352cd5e4,67654209bf85ec5de3d4b68e,4,19,10,80000.0
6804b039a628d87a352cd5e4,67654209bf85ec5de3d4b68e,4,19,10,80000.0
6804b039a628d87a352cd5e4,67654209bf85ec5de3d4b68e,4,19,10,80000.0
6804b039a628d87a352cd5e4,67654209bf85ec5de3d4b68e,4,19,10,80000.0
6804b039a628d87a352cd5e4,67654209bf85ec5de3d4b68e,4,19,2,80000.0
6804b039a628d87a352cd5e4,67654209bf85ec5de3d4b68e,4,19,2,80000.0
6804b039a628d87a352cd5e4,67654209bf85ec5de3d4b68e,4,19,2,80000.0
6804b039a628d87a352cd5e4,67654209bf85ec5de3d4b68e,4,19,7,80000.0
6804b039a628d87a352cd5e4,67654209bf85ec5de3d4b68e,4,19,8,80000.0
6804b039a628d87a352cd5e4,67654209bf85ec5de3d4b68e,4,19,3,80000.0
6804b039a628d87a352cd5e4,67654209bf85ec5de3d4b68e,4,19,2,80000.0
6804b039a628d87a352cd5e4,67654209bf85ec5de3d4b68e,4,19,8,80000.0
6804b039a628d87a352cd5e4,67654209bf85ec5de3d4b68e,4,19,7,80000.0
6804b039a628d87a352cd5e4,67654209bf85ec5de3d4b68e,4,19,7,80000.0
6804b039a628d87a352cd5e4,67654209bf85ec5de3d4b68e,4,19,1,80000.0
6804b039a628d87a352cd5e4,67654209bf85ec5de3d4b68e,4,19,3,80000.0
6804b039a628d87a352cd5e4,67654209bf85ec5de3d4b68e,4,19,7,80000.0
6804b039a628d87a352cd5e4,67654209bf85ec5de3d4b68e,4,19,1,80000.0
6804b039a628d87a352cd5e4,67654209bf85ec5de3d4b68e,4,19,9,80000.0
6804b039a628d87a352cd5e4,67654209bf85ec5de3d4b68e,4,19,1,80000.0
6804b039a628d87a352cd5e4,67654209bf85ec5de3d4b68e,4,19,1,80000.0
6804b039a628d87a352cd5e4,67654209bf85ec5de3d4b68e,4,19,9,80000.0
6804b039a628d87a352cd5e4,67654209bf85ec5de3d4b68e,4,19,12,80000.0
6804b039a628d87a352cd5e4,67654209bf85ec5de3d4b68e,4,19,1,80000.0
6804b039a628d87a352cd5e4,67654209bf85ec5de3d4b68e,4,19,9,80000.0
6804b039a628d87a352cd5e4,67654209bf85ec5de3d4b68e,4,19,8,80000.0
6804b039a628d87a352cd5e4,67654209bf85ec5de3d4b68e,4,19,6,80000.0
6804b039a628d87a352cd5e4,67654209bf85ec5de3d4b68e,4,19,5,80000.0
6804b039a628d87a352cd5e4,67654209bf85ec5de3d4b68e,4,19,6,80000.0
6804b039a628d87a352cd5e4,67654209bf85ec5de3d4b68e,4,19,6,80000.0
6804b039a628d87a352cd5e4,67654209bf85ec5de3d4b68e,4,19,5,80000.0
6804b039a628d87a352cd5e4,67654209bf85ec5de3d4b68e,4,19,8,80000.0
6804b039a628d87a352cd5e4,67654209bf85ec5de3d4b68e,4,19,7,80000.0
6804b039a628d87a352cd5e4,67654209bf85ec5de3d4b68e,4,19,6,80000.0
6804b039a628d87a352cd5e4,67654209bf85ec5de3d4b68e,4,19,9,80000.0
6804b039a628d87a352cd5e4,67654209bf85ec5de3d4b68e,4,19,4,80000.0
6804b039a628d87a352cd5e4,67654209bf85ec5de3d4b68e,4,19,4,80000.0
6804b039a628d87a352cd5e4,67654209bf85ec5de3d4b68e,4,19,5,80000.0
6804b039a628d87a352cd5e4,67654209bf85ec5de3d4b68e,4,19,5,80000.0
6804b039a628d87a352cd5e4,67654209bf85ec5de3d4b68e,4,19,5,80000.0
6804b000a628d87a352cd5e3,67654209bf85ec5de3d4b68e,6,22,11,80000.0
6804b000a628d87a352cd5e3,67654209bf85ec5de3d4b68e,6,22,11,80000.0
6804b000a628d87a352cd5e3,67654209bf85ec5de3d4b68e,6,22,11,80000.0
6804b000a628d87a352cd5e3,67654209bf85ec5de3d4b68e,6,22,12,80000.0
6804b000a628d87a352cd5e3,67654209bf85ec5de3d4b68e,6,22,12,80000.0
6804b000a628d87a352cd5e3,67654209bf85ec5de3d4b68e,6,22,12,80000.0
6804b000a628d87a352cd5e3,67654209bf85ec5de3d4b68e,6,22,10,80000.0
6804b000a628d87a352cd5e3,67654209bf85ec5de3d4b68e,6,22,11,80000.0
6804b000a628d87a352cd5e3,67654209bf85ec5de3d4b68e,6,22,11,80000.0
6804b000a628d87a352cd5e3,67654209bf85ec5de3d4b68e,6,22,10,80000.0
6804b000a628d87a352cd5e3,67654209bf85ec5de3d4b68e,6,22,10,80000.0
6804b000a628d87a352cd5e3,67654209bf85ec5de3d4b68e,6,22,10,80000.0
6804b000a628d87a352cd5e3,67654209bf85ec5de3d4b68e,6,22,5,80000.0
6804b000a628d87a352cd5e3,67654209bf85ec5de3d4b68e,6,22,5,80000.0
6804b000a628d87a352cd5e3,67654209bf85ec5de3d4b68e,6,22,5,80000.0
6804b000a628d87a352cd5e3,67654209bf85ec5de3d4b68e,6,22,4,80000.0
6804b000a628d87a352cd5e3,67654209bf85ec5de3d4b68e,6,22,5,80000.0
6804b000a628d87a352cd5e3,67654209bf85ec5de3d4b68e,6,22,4,80000.0
6804b000a628d87a352cd5e3,67654209bf85ec5de3d4b68e,6,22,1,80000.0
6804b000a628d87a352cd5e3,67654209bf85ec5de3d4b68e,6,22,1,80000.0
6804b000a628d87a352cd5e3,67654209bf85ec5de3d4b68e,6,22,1,80000.0
6804b000a628d87a352cd5e3,67654209bf85ec5de3d4b68e,6,22,1,80000.0
6804b000a628d87a352cd5e3,67654209bf85ec5de3d4b68e,6,22,1,80000.0
6804b000a628d87a352cd5e3,67654209bf85ec5de3d4b68e,6,22,12,80000.0
6804b000a628d87a352cd5e3,67654209bf85ec5de3d4b68e,6,22,8,80000.0
6804b000a628d87a352cd5e3,67654209bf85ec5de3d4b68e,6,22,9,80000.0
6804b000a628d87a352cd5e3,67654209bf85ec5de3d4b68e,6,22,8,80000.0
6804b000a628d87a352cd5e3,67654209bf85ec5de3d4b68e,6,22,9,80000.0
6804b000a628d87a352cd5e3,67654209bf85ec5de3d4b68e,6,22,9,80000.0
6804b000a628d87a352cd5e3,67654209bf85ec5de3d4b68e,6,22,8,80000.0
6804b000a628d87a352cd5e3,67654209bf85ec5de3d4b68e,6,22,9,80000.0
6804b000a628d87a352cd5e3,67654209bf85ec5de3d4b68e,6,22,8,80000.0
6804b000a628d87a352cd5e3,67654209bf85ec5de3d4b68e,6,22,8,80000.0
6804b000a628d87a352cd5e3,67654209bf85ec5de3d4b68e,6,22,7,80000.0
6804b000a628d87a352cd5e3,67654209bf85ec5de3d4b68e,6,22,7,80000.0
6804b000a628d87a352cd5e3,67654209bf85ec5de3d4b68e,6,22,7,80000.0
6804b000a628d87a352cd5e3,67654209bf85ec5de3d4b68e,6,22,2,80000.0
6804b000a628d87a352cd5e3,67654209bf85ec5de3d4b68e,6,22,2,80000.0
6804b000a628d87a352cd5e3,67654209bf85ec5de3d4b68e,6,22,2,80000.0
6804b000a628d87a352cd5e3,67654209bf85ec5de3d4b68e,6,22,2,80000.0
6804b000a628d87a352cd5e3,67654209bf85ec5de3d4b68e,6,22,3,80000.0
6804b000a628d87a352cd5e3,67654209bf85ec5de3d4b68e,6,22,3,80000.0
6804b000a628d87a352cd5e3,67654209bf85ec5de3d4b68e,6,22,6,80000.0
6804b000a628d87a352cd5e3,67654209bf85ec5de3d4b68e,6,22,6,80000.0
6804b000a628d87a352cd5e3,67654209bf85ec5de3d4b68e,6,22,5,80000.0
6804b000a628d87a352cd5e3,67654209bf85ec5de3d4b68e,6,22,6,80000.0
6804b000a628d87a352cd5e3,67654209bf85ec5de3d4b68e,6,22,6,80000.0
6804b000a628d87a352cd5e3,67654209bf85ec5de3d4b68e,6,22,7,80000.0
6804af99a628d87a352cd5e2,67654209bf85ec5de3d4b68e,6,22,11,100000.0
6804af99a628d87a352cd5e2,67654209bf85ec5de3d4b68e,6,22,11,100000.0
6804af99a628d87a352cd5e2,67654209bf85ec5de3d4b68e,6,22,11,100000.0
6804af99a628d87a352cd5e2,67654209bf85ec5de3d4b68e,6,22,12,100000.0
6804af99a628d87a352cd5e2,67654209bf85ec5de3d4b68e,6,22,12,100000.0
6804af99a628d87a352cd5e2,67654209bf85ec5de3d4b68e,6,22,12,100000.0
6804af99a628d87a352cd5e2,67654209bf85ec5de3d4b68e,6,22,10,100000.0
6804af99a628d87a352cd5e2,67654209bf85ec5de3d4b68e,6,22,11,100000.0
6804af99a628d87a352cd5e2,67654209bf85ec5de3d4b68e,6,22,11,100000.0
6804af99a628d87a352cd5e2,67654209bf85ec5de3d4b68e,6,22,10,100000.0
6804af99a628d87a352cd5e2,67654209bf85ec5de3d4b68e,6,22,10,100000.0
6804af99a628d87a352cd5e2,67654209bf85ec5de3d4b68e,6,22,10,100000.0
6804af99a628d87a352cd5e2,67654209bf85ec5de3d4b68e,6,22,2,100000.0
6804af99a628d87a352cd5e2,67654209bf85ec5de3d4b68e,6,22,2,100000.0
6804af99a628d87a352cd5e2,67654209bf85ec5de3d4b68e,6,22,2,100000.0
6804af99a628d87a352cd5e2,67654209bf85ec5de3d4b68e,6,22,3,100000.0
6804af99a628d87a352cd5e2,67654209bf85ec5de3d4b68e,6,22,3,100000.0
6804af99a628d87a352cd5e2,67654209bf85ec5de3d4b68e,6,22,2,100000.0
6804af99a628d87a352cd5e2,67654209bf85ec5de3d4b68e,6,22,1,100000.0
6804af99a628d87a352cd5e2,67654209bf85ec5de3d4b68e,6,22,1,100000.0
6804af99a628d87a352cd5e2,67654209bf85ec5de3d4b68e,6,22,1,100000.0
6804af99a628d87a352cd5e2,67654209bf85ec5de3d4b68e,6,22,1,100000.0
6804af99a628d87a352cd5e2,67654209bf85ec5de3d4b68e,6,22,1,100000.0
6804af99a628d87a352cd5e2,67654209bf85ec5de3d4b68e,6,22,12,100000.0
6804af99a628d87a352cd5e2,67654209bf85ec5de3d4b68e,6,22,6,100000.0
6804af99a628d87a352cd5e2,67654209bf85ec5de3d4b68e,6,22,6,100000.0
6804af99a628d87a352cd5e2,67654209bf85ec5de3d4b68e,6,22,5,100000.0
6804af99a628d87a352cd5e2,67654209bf85ec5de3d4b68e,6,22,8,100000.0
6804af99a628d87a352cd5e2,67654209bf85ec5de3d4b68e,6,22,6,100000.0
6804af99a628d87a352cd5e2,67654209bf85ec5de3d4b68e,6,22,7,100000.0
6804af99a628d87a352cd5e2,67654209bf85ec5de3d4b68e,6,22,8,100000.0
6804af99a628d87a352cd5e2,67654209bf85ec5de3d4b68e,6,22,8,100000.0
6804af99a628d87a352cd5e2,67654209bf85ec5de3d4b68e,6,22,6,100000.0
6804af99a628d87a352cd5e2,67654209bf85ec5de3d4b68e,6,22,9,100000.0
6804af99a628d87a352cd5e2,67654209bf85ec5de3d4b68e,6,22,9,100000.0
6804af99a628d87a352cd5e2,67654209bf85ec5de3d4b68e,6,22,9,100000.0
6804af99a628d87a352cd5e2,67654209bf85ec5de3d4b68e,6,22,7,100000.0
6804af99a628d87a352cd5e2,67654209bf85ec5de3d4b68e,6,22,7,100000.0
6804af99a628d87a352cd5e2,67654209bf85ec5de3d4b68e,6,22,7,100000.0
6804af99a628d87a352cd5e2,67654209bf85ec5de3d4b68e,6,22,8,100000.0
6804af99a628d87a352cd5e2,67654209bf85ec5de3d4b68e,6,22,9,100000.0
6804af99a628d87a352cd5e2,67654209bf85ec5de3d4b68e,6,22,5,100000.0
6804af99a628d87a352cd5e2,67654209bf85ec5de3d4b68e,6,22,4,100000.0
6804af99a628d87a352cd5e2,67654209bf85ec5de3d4b68e,6,22,5,100000.0
6804af99a628d87a352cd5e2,67654209bf85ec5de3d4b68e,6,22,5,100000.0
6804af99a628d87a352cd5e2,67654209bf85ec5de3d4b68e,6,22,5,100000.0
6804af99a628d87a352cd5e2,67654209bf85ec5de3d4b68e,6,22,8,100000.0
6804af99a628d87a352cd5e2,67654209bf85ec5de3d4b68e,6,22,4,100000.0
6804af52a628d87a352cd5e1,67654209bf85ec5de3d4b68e,5,21,11,100000.0
6804af52a628d87a352cd5e1,67654209bf85ec5de3d4b68e,5,21,11,100000.0
6804af52a628d87a352cd5e1,67654209bf85ec5de3d4b68e,5,21,11,100000.0
6804af52a628d87a352cd5e1,67654209bf85ec5de3d4b68e,5,21,12,100000.0
6804af52a628d87a352cd5e1,67654209bf85ec5de3d4b68e,5,21,12,100000.0
6804af52a628d87a352cd5e1,67654209bf85ec5de3d4b68e,5,21,12,100000.0
6804af52a628d87a352cd5e1,67654209bf85ec5de3d4b68e,5,21,10,100000.0
6804af52a628d87a352cd5e1,67654209bf85ec5de3d4b68e,5,21,11,100000.0
6804af52a628d87a352cd5e1,67654209bf85ec5de3d4b68e,5,21,10,100000.0
6804af52a628d87a352cd5e1,67654209bf85ec5de3d4b68e,5,21,10,100000.0
6804af52a628d87a352cd5e1,67654209bf85ec5de3d4b68e,5,21,10,100000.0
6804af52a628d87a352cd5e1,67654209bf85ec5de3d4b68e,5,21,10,100000.0
6804af52a628d87a352cd5e1,67654209bf85ec5de3d4b68e,5,21,2,100000.0
6804af52a628d87a352cd5e1,67654209bf85ec5de3d4b68e,5,21,2,100000.0
6804af52a628d87a352cd5e1,67654209bf85ec5de3d4b68e,5,21,2,100000.0
6804af52a628d87a352cd5e1,67654209bf85ec5de3d4b68e,5,21,3,100000.0
6804af52a628d87a352cd5e1,67654209bf85ec5de3d4b68e,5,21,3,100000.0
6804af52a628d87a352cd5e1,67654209bf85ec5de3d4b68e,5,21,2,100000.0
6804af52a628d87a352cd5e1,67654209bf85ec5de3d4b68e,5,21,8,100000.0
6804af52a628d87a352cd5e1,67654209bf85ec5de3d4b68e,5,21,8,100000.0
6804af52a628d87a352cd5e1,67654209bf85ec5de3d4b68e,5,21,1,100000.0
6804af52a628d87a352cd5e1,67654209bf85ec5de3d4b68e,5,21,6,100000.0
6804af52a628d87a352cd5e1,67654209bf85ec5de3d4b68e,5,21,8,100000.0
6804af52a628d87a352cd5e1,67654209bf85ec5de3d4b68e,5,21,9,100000.0
6804af52a628d87a352cd5e1,67654209bf85ec5de3d4b68e,5,21,7,100000.0
6804af52a628d87a352cd5e1,67654209bf85ec5de3d4b68e,5,21,6,100000.0
6804af52a628d87a352cd5e1,67654209bf85ec5de3d4b68e,5,21,1,100000.0
6804af52a628d87a352cd5e1,67654209bf85ec5de3d4b68e,5,21,5,100000.0
6804af52a628d87a352cd5e1,67654209bf85ec5de3d4b68e,5,21,9,100000.0
6804af52a628d87a352cd5e1,67654209bf85ec5de3d4b68e,5,21,7,100000.0
6804af52a628d87a352cd5e1,67654209bf85ec5de3d4b68e,5,21,5,100000.0
6804af52a628d87a352cd5e1,67654209bf85ec5de3d4b68e,5,21,1,100000.0
6804af52a628d87a352cd5e1,67654209bf85ec5de3d4b68e,5,21,6,100000.0
6804af52a628d87a352cd5e1,67654209bf85ec5de3d4b68e,5,21,9,100000.0
6804af52a628d87a352cd5e1,67654209bf85ec5de3d4b68e,5,21,1,100000.0
6804af52a628d87a352cd5e1,67654209bf85ec5de3d4b68e,5,21,7,100000.0
6804af52a628d87a352cd5e1,67654209bf85ec5de3d4b68e,5,21,8,100000.0
6804af52a628d87a352cd5e1,67654209bf85ec5de3d4b68e,5,21,12,100000.0
6804af52a628d87a352cd5e1,67654209bf85ec5de3d4b68e,5,21,5,100000.0
6804af52a628d87a352cd5e1,67654209bf85ec5de3d4b68e,5,21,7,100000.0
6804af52a628d87a352cd5e1,67654209bf85ec5de3d4b68e,5,21,6,100000.0
6804af52a628d87a352cd5e1,67654209bf85ec5de3d4b68e,5,21,1,100000.0
6804af52a628d87a352cd5e1,67654209bf85ec5de3d4b68e,5,21,5,100000.0
6804af52a628d87a352cd5e1,67654209bf85ec5de3d4b68e,5,21,9,100000.0
6804af52a628d87a352cd5e1,67654209bf85ec5de3d4b68e,5,21,4,100000.0
6804af52a628d87a352cd5e1,67654209bf85ec5de3d4b68e,5,21,8,100000.0
6804af52a628d87a352cd5e1,67654209bf85ec5de3d4b68e,5,21,5,100000.0
6804af52a628d87a352cd5e1,67654209bf85ec5de3d4b68e,5,21,4,100000.0
6804b039a628d87a352cd5e4,67654209bf85ec5de3d4b68e,2,21,11,80000.0
6804b039a628d87a352cd5e4,67654209bf85ec5de3d4b68e,2,21,12,80000.0
6804b039a628d87a352cd5e4,67654209bf85ec5de3d4b68e,2,21,11,80000.0
6804b039a628d87a352cd5e4,67654209bf85ec5de3d4b68e,2,21,12,80000.0
6804b039a628d87a352cd5e4,67654209bf85ec5de3d4b68e,2,21,12,80000.0
6804b039a628d87a352cd5e4,67654209bf85ec5de3d4b68e,2,21,12,80000.0
6804b039a628d87a352cd5e4,67654209bf85ec5de3d4b68e,2,21,10,80000.0
6804b039a628d87a352cd5e4,67654209bf85ec5de3d4b68e,2,21,11,80000.0
6804b039a628d87a352cd5e4,67654209bf85ec5de3d4b68e,2,21,11,80000.0
6804b039a628d87a352cd5e4,67654209bf85ec5de3d4b68e,2,21,10,80000.0
6804b039a628d87a352cd5e4,67654209bf85ec5de3d4b68e,2,21,10,80000.0
6804b039a628d87a352cd5e4,67654209bf85ec5de3d4b68e,2,21,10,80000.0
6804b039a628d87a352cd5e4,67654209bf85ec5de3d4b68e,2,21,2,80000.0
6804b039a628d87a352cd5e4,67654209bf85ec5de3d4b68e,2,21,2,80000.0
6804b039a628d87a352cd5e4,67654209bf85ec5de3d4b68e,2,21,2,80000.0
6804b039a628d87a352cd5e4,67654209bf85ec5de3d4b68e,2,21,3,80000.0
6804b039a628d87a352cd5e4,67654209bf85ec5de3d4b68e,2,21,3,80000.0
6804b039a628d87a352cd5e4,67654209bf85ec5de3d4b68e,2,21,3,80000.0
6804b039a628d87a352cd5e4,67654209bf85ec5de3d4b68e,2,21,1,80000.0
6804b039a628d87a352cd5e4,67654209bf85ec5de3d4b68e,2,21,2,80000.0
6804b039a628d87a352cd5e4,67654209bf85ec5de3d4b68e,2,21,1,80000.0
6804b039a628d87a352cd5e4,67654209bf85ec5de3d4b68e,2,21,1,80000.0
6804b039a628d87a352cd5e4,67654209bf85ec5de3d4b68e,2,21,1,80000.0
6804b039a628d87a352cd5e4,67654209bf85ec5de3d4b68e,2,21,12,80000.0
6804b039a628d87a352cd5e4,67654209bf85ec5de3d4b68e,2,21,8,80000.0
6804b039a628d87a352cd5e4,67654209bf85ec5de3d4b68e,2,21,8,80000.0
6804b039a628d87a352cd5e4,67654209bf85ec5de3d4b68e,2,21,8,80000.0
6804b039a628d87a352cd5e4,67654209bf85ec5de3d4b68e,2,21,7,80000.0
6804b039a628d87a352cd5e4,67654209bf85ec5de3d4b68e,2,21,7,80000.0
6804b039a628d87a352cd5e4,67654209bf85ec5de3d4b68e,2,21,7,80000.0
6804b039a628d87a352cd5e4,67654209bf85ec5de3d4b68e,2,21,9,80000.0
6804b039a628d87a352cd5e4,67654209bf85ec5de3d4b68e,2,21,9,80000.0
6804b039a628d87a352cd5e4,67654209bf85ec5de3d4b68e,2,21,9,80000.0
6804b039a628d87a352cd5e4,67654209bf85ec5de3d4b68e,2,21,9,80000.0
6804b039a628d87a352cd5e4,67654209bf85ec5de3d4b68e,2,21,9,80000.0
6804b039a628d87a352cd5e4,67654209bf85ec5de3d4b68e,2,21,8,80000.0
6804b039a628d87a352cd5e4,67654209bf85ec5de3d4b68e,2,21,6,80000.0
6804b039a628d87a352cd5e4,67654209bf85ec5de3d4b68e,2,21,5,80000.0
6804b039a628d87a352cd5e4,67654209bf85ec5de3d4b68e,2,21,4,80000.0
6804b039a628d87a352cd5e4,67654209bf85ec5de3d4b68e,2,21,5,80000.0
6804b039a628d87a352cd5e4,67654209bf85ec5de3d4b68e,2,21,6,80000.0
6804b039a628d87a352cd5e4,67654209bf85ec5de3d4b68e,2,21,5,80000.0
6804b039a628d87a352cd5e4,67654209bf85ec5de3d4b68e,2,21,6,80000.0
6804b039a628d87a352cd5e4,67654209bf85ec5de3d4b68e,2,21,5,80000.0
6804b039a628d87a352cd5e4,67654209bf85ec5de3d4b68e,2,21,7,80000.0
6804b039a628d87a352cd5e4,67654209bf85ec5de3d4b68e,2,21,4,80000.0
6804b039a628d87a352cd5e4,67654209bf85ec5de3d4b68e,2,21,7,80000.0
6804b039a628d87a352cd5e4,67654209bf85ec5de3d4b68e,2,21,6,80000.0
6804ae6aa628d87a352cd5dd,676541ebbf85ec5de3d4b68d,1,6,11,200000.0
6804ae6aa628d87a352cd5dd,676541ebbf85ec5de3d4b68d,1,6,11,200000.0
6804ae6aa628d87a352cd5dd,676541ebbf85ec5de3d4b68d,1,6,11,200000.0
6804ae6aa628d87a352cd5dd,676541ebbf85ec5de3d4b68d,1,6,12,200000.0
6804ae6aa628d87a352cd5dd,676541ebbf85ec5de3d4b68d,1,6,12,200000.0
6804ae6aa628d87a352cd5dd,676541ebbf85ec5de3d4b68d,1,6,12,200000.0
6804ae6aa628d87a352cd5dd,676541ebbf85ec5de3d4b68d,1,6,10,200000.0
6804ae6aa628d87a352cd5dd,676541ebbf85ec5de3d4b68d,1,6,11,200000.0
6804ae6aa628d87a352cd5dd,676541ebbf85ec5de3d4b68d,1,6,10,200000.0
6804ae6aa628d87a352cd5dd,676541ebbf85ec5de3d4b68d,1,6,10,200000.0
6804ae6aa628d87a352cd5dd,676541ebbf85ec5de3d4b68d,1,6,10,200000.0
6804ae6aa628d87a352cd5dd,676541ebbf85ec5de3d4b68d,1,6,9,200000.0
6804ae6aa628d87a352cd5dd,676541ebbf85ec5de3d4b68d,1,6,2,200000.0
6804ae6aa628d87a352cd5dd,676541ebbf85ec5de3d4b68d,1,6,2,200000.0
6804ae6aa628d87a352cd5dd,676541ebbf85ec5de3d4b68d,1,6,2,200000.0
6804ae6aa628d87a352cd5dd,676541ebbf85ec5de3d4b68d,1,6,3,200000.0
6804ae6aa628d87a352cd5dd,676541ebbf85ec5de3d4b68d,1,6,3,200000.0
6804ae6aa628d87a352cd5dd,676541ebbf85ec5de3d4b68d,1,6,2,200000.0
6804ae6aa628d87a352cd5dd,676541ebbf85ec5de3d4b68d,1,6,1,200000.0
6804ae6aa628d87a352cd5dd,676541ebbf85ec5de3d4b68d,1,6,1,200000.0
6804ae6aa628d87a352cd5dd,676541ebbf85ec5de3d4b68d,1,6,1,200000.0
6804ae6aa628d87a352cd5dd,676541ebbf85ec5de3d4b68d,1,6,12,200000.0
6804ae6aa628d87a352cd5dd,676541ebbf85ec5de3d4b68d,1,6,1,200000.0
6804ae6aa628d87a352cd5dd,676541ebbf85ec5de3d4b68d,1,6,12,200000.0
6804ae6aa628d87a352cd5dd,676541ebbf85ec5de3d4b68d,1,6,6,200000.0
6804ae6aa628d87a352cd5dd,676541ebbf85ec5de3d4b68d,1,6,7,200000.0
6804ae6aa628d87a352cd5dd,676541ebbf85ec5de3d4b68d,1,6,6,200000.0
6804ae6aa628d87a352cd5dd,676541ebbf85ec5de3d4b68d,1,6,8,200000.0
6804ae6aa628d87a352cd5dd,676541ebbf85ec5de3d4b68d,1,6,5,200000.0
6804ae6aa628d87a352cd5dd,676541ebbf85ec5de3d4b68d,1,6,8,200000.0
6804ae6aa628d87a352cd5dd,676541ebbf85ec5de3d4b68d,1,6,6,200000.0
6804ae6aa628d87a352cd5dd,676541ebbf85ec5de3d4b68d,1,6,6,200000.0
6804ae6aa628d87a352cd5dd,676541ebbf85ec5de3d4b68d,1,6,7,200000.0
6804ae6aa628d87a352cd5dd,676541ebbf85ec5de3d4b68d,1,6,7,200000.0
6804ae6aa628d87a352cd5dd,676541ebbf85ec5de3d4b68d,1,6,7,200000.0
6804ae6aa628d87a352cd5dd,676541ebbf85ec5de3d4b68d,1,6,6,200000.0
6804ae6aa628d87a352cd5dd,676541ebbf85ec5de3d4b68d,1,6,9,200000.0
6804ae6aa628d87a352cd5dd,676541ebbf85ec5de3d4b68d,1,6,8,200000.0
6804ae6aa628d87a352cd5dd,676541ebbf85ec5de3d4b68d,1,6,9,200000.0
6804ae6aa628d87a352cd5dd,676541ebbf85ec5de3d4b68d,1,6,5,200000.0
6804ae6aa628d87a352cd5dd,676541ebbf85ec5de3d4b68d,1,6,8,200000.0
6804ae6aa628d87a352cd5dd,676541ebbf85ec5de3d4b68d,1,6,5,200000.0
6804ae6aa628d87a352cd5dd,676541ebbf85ec5de3d4b68d,1,6,9,200000.0
6804ae6aa628d87a352cd5dd,676541ebbf85ec5de3d4b68d,1,6,5,200000.0
6804ae6aa628d87a352cd5dd,676541ebbf85ec5de3d4b68d,1,6,4,200000.0
6804ae6aa628d87a352cd5dd,676541ebbf85ec5de3d4b68d,1,6,4,200000.0
6804ae6aa628d87a352cd5dd,676541ebbf85ec5de3d4b68d,1,6,4,200000.0
6804ae6aa628d87a352cd5dd,676541ebbf85ec5de3d4b68d,1,6,9,200000.0
6804ae6aa628d87a352cd5dd,676541ebbf85ec5de3d4b68d,6,7,11,250000.0
6804ae6aa628d87a352cd5dd,676541ebbf85ec5de3d4b68d,6,7,11,250000.0
6804ae6aa628d87a352cd5dd,676541ebbf85ec5de3d4b68d,6,7,11,250000.0
6804ae6aa628d87a352cd5dd,676541ebbf85ec5de3d4b68d,6,7,12,250000.0
6804ae6aa628d87a352cd5dd,676541ebbf85ec5de3d4b68d,6,7,12,250000.0
6804ae6aa628d87a352cd5dd,676541ebbf85ec5de3d4b68d,6,7,12,250000.0
6804ae6aa628d87a352cd5dd,676541ebbf85ec5de3d4b68d,6,7,10,250000.0
6804ae6aa628d87a352cd5dd,676541ebbf85ec5de3d4b68d,6,7,11,250000.0
6804ae6aa628d87a352cd5dd,676541ebbf85ec5de3d4b68d,6,7,11,250000.0
6804ae6aa628d87a352cd5dd,676541ebbf85ec5de3d4b68d,6,7,10,250000.0
6804ae6aa628d87a352cd5dd,676541ebbf85ec5de3d4b68d,6,7,10,250000.0
6804ae6aa628d87a352cd5dd,676541ebbf85ec5de3d4b68d,6,7,10,250000.0
6804ae6aa628d87a352cd5dd,676541ebbf85ec5de3d4b68d,6,7,8,250000.0
6804ae6aa628d87a352cd5dd,676541ebbf85ec5de3d4b68d,6,7,1,250000.0
6804ae6aa628d87a352cd5dd,676541ebbf85ec5de3d4b68d,6,7,8,250000.0
6804ae6aa628d87a352cd5dd,676541ebbf85ec5de3d4b68d,6,7,8,250000.0
6804ae6aa628d87a352cd5dd,676541ebbf85ec5de3d4b68d,6,7,2,250000.0
6804ae6aa628d87a352cd5dd,676541ebbf85ec5de3d4b68d,6,7,1,250000.0
6804ae6aa628d87a352cd5dd,676541ebbf85ec5de3d4b68d,6,7,7,250000.0
6804ae6aa628d87a352cd5dd,676541ebbf85ec5de3d4b68d,6,7,1,250000.0
6804ae6aa628d87a352cd5dd,676541ebbf85ec5de3d4b68d,6,7,2,250000.0
6804ae6aa628d87a352cd5dd,676541ebbf85ec5de3d4b68d,6,7,7,250000.0
6804ae6aa628d87a352cd5dd,676541ebbf85ec5de3d4b68d,6,7,8,250000.0
6804ae6aa628d87a352cd5dd,676541ebbf85ec5de3d4b68d,6,7,1,250000.0
6804ae6aa628d87a352cd5dd,676541ebbf85ec5de3d4b68d,6,7,7,250000.0
6804ae6aa628d87a352cd5dd,676541ebbf85ec5de3d4b68d,6,7,1,250000.0
6804ae6aa628d87a352cd5dd,676541ebbf85ec5de3d4b68d,6,7,6,250000.0
6804ae6aa628d87a352cd5dd,676541ebbf85ec5de3d4b68d,6,7,9,250000.0
6804ae6aa628d87a352cd5dd,676541ebbf85ec5de3d4b68d,6,7,12,250000.0
6804ae6aa628d87a352cd5dd,676541ebbf85ec5de3d4b68d,6,7,3,250000.0
6804ae6aa628d87a352cd5dd,676541ebbf85ec5de3d4b68d,6,7,9,250000.0
6804ae6aa628d87a352cd5dd,676541ebbf85ec5de3d4b68d,6,7,6,250000.0
6804ae6aa628d87a352cd5dd,676541ebbf85ec5de3d4b68d,6,7,9,250000.0
6804ae6aa628d87a352cd5dd,676541ebbf85ec5de3d4b68d,6,7,2,250000.0
6804ae6aa628d87a352cd5dd,676541ebbf85ec5de3d4b68d,6,7,3,250000.0
6804ae6aa628d87a352cd5dd,676541ebbf85ec5de3d4b68d,6,7,5,250000.0
6804ae6aa628d87a352cd5dd,676541ebbf85ec5de3d4b68d,6,7,9,250000.0
6804ae6aa628d87a352cd5dd,676541ebbf85ec5de3d4b68d,6,7,8,250000.0
6804ae6aa628d87a352cd5dd,676541ebbf85ec5de3d4b68d,6,7,6,250000.0
6804ae6aa628d87a352cd5dd,676541ebbf85ec5de3d4b68d,6,7,7,250000.0
6804ae6aa628d87a352cd5dd,676541ebbf85ec5de3d4b68d,6,7,6,250000.0
6804ae6aa628d87a352cd5dd,676541ebbf85ec5de3d4b68d,6,7,2,250000.0
6804ae6aa628d87a352cd5dd,676541ebbf85ec5de3d4b68d,6,7,4,250000.0
6804ae6aa628d87a352cd5dd,676541ebbf85ec5de3d4b68d,6,7,5,250000.0
6804ae6aa628d87a352cd5dd,676541ebbf85ec5de3d4b68d,6,7,5,250000.0
6804ae6aa628d87a352cd5dd,676541ebbf85ec5de3d4b68d,6,7,5,250000.0
6804ae6aa628d87a352cd5dd,676541ebbf85ec5de3d4b68d,6,7,4,250000.0
6804ae6aa628d87a352cd5dd,676541ebbf85ec5de3d4b68d,6,7,5,250000.0
6804ae6aa628d87a352cd5dd,676541ebbf85ec5de3d4b68d,7,6,11,250000.0
6804ae6aa628d87a352cd5dd,676541ebbf85ec5de3d4b68d,7,6,11,250000.0
6804ae6aa628d87a352cd5dd,676541ebbf85ec5de3d4b68d,7,6,11,250000.0
6804ae6aa628d87a352cd5dd,676541ebbf85ec5de3d4b68d,7,6,12,250000.0
6804ae6aa628d87a352cd5dd,676541ebbf85ec5de3d4b68d,7,6,12,250000.0
6804ae6aa628d87a352cd5dd,676541ebbf85ec5de3d4b68d,7,6,12,250000.0
6804ae6aa628d87a352cd5dd,676541ebbf85ec5de3d4b68d,7,6,10,250000.0
6804ae6aa628d87a352cd5dd,676541ebbf85ec5de3d4b68d,7,6,11,250000.0
6804ae6aa628d87a352cd5dd,676541ebbf85ec5de3d4b68d,7,6,11,250000.0
6804ae6aa628d87a352cd5dd,676541ebbf85ec5de3d4b68d,7,6,10,250000.0
6804ae6aa628d87a352cd5dd,676541ebbf85ec5de3d4b68d,7,6,10,250000.0
6804ae6aa628d87a352cd5dd,676541ebbf85ec5de3d4b68d,7,6,10,250000.0
6804ae6aa628d87a352cd5dd,676541ebbf85ec5de3d4b68d,7,6,2,250000.0
6804ae6aa628d87a352cd5dd,676541ebbf85ec5de3d4b68d,7,6,2,250000.0
6804ae6aa628d87a352cd5dd,676541ebbf85ec5de3d4b68d,7,6,2,250000.0
6804ae6aa628d87a352cd5dd,676541ebbf85ec5de3d4b68d,7,6,3,250000.0
6804ae6aa628d87a352cd5dd,676541ebbf85ec5de3d4b68d,7,6,3,250000.0
6804ae6aa628d87a352cd5dd,676541ebbf85ec5de3d4b68d,7,6,3,250000.0
6804ae6aa628d87a352cd5dd,676541ebbf85ec5de3d4b68d,7,6,1,250000.0
6804ae6aa628d87a352cd5dd,676541ebbf85ec5de3d4b68d,7,6,2,250000.0
6804ae6aa628d87a352cd5dd,676541ebbf85ec5de3d4b68d,7,6,1,250000.0
6804ae6aa628d87a352cd5dd,676541ebbf85ec5de3d4b68d,7,6,1,250000.0
6804ae6aa628d87a352cd5dd,676541ebbf85ec5de3d4b68d,7,6,1,250000.0
6804ae6aa628d87a352cd5dd,676541ebbf85ec5de3d4b68d,7,6,12,250000.0
6804ae6aa628d87a352cd5dd,676541ebbf85ec5de3d4b68d,7,6,8,250000.0
6804ae6aa628d87a352cd5dd,676541ebbf85ec5de3d4b68d,7,6,8,250000.0
6804ae6aa628d87a352cd5dd,676541ebbf85ec5de3d4b68d,7,6,8,250000.0
6804ae6aa628d87a352cd5dd,676541ebbf85ec5de3d4b68d,7,6,7,250000.0
6804ae6aa628d87a352cd5dd,676541ebbf85ec5de3d4b68d,7,6,7,250000.0
6804ae6aa628d87a352cd5dd,676541ebbf85ec5de3d4b68d,7,6,7,250000.0
6804ae6aa628d87a352cd5dd,676541ebbf85ec5de3d4b68d,7,6,9,250000.0
6804ae6aa628d87a352cd5dd,676541ebbf85ec5de3d4b68d,7,6,9,250000.0
6804ae6aa628d87a352cd5dd,676541ebbf85ec5de3d4b68d,7,6,9,250000.0
6804ae6aa628d87a352cd5dd,676541ebbf85ec5de3d4b68d,7,6,8,250000.0
6804ae6aa628d87a352cd5dd,676541ebbf85ec5de3d4b68d,7,6,9,250000.0
6804ae6aa628d87a352cd5dd,676541ebbf85ec5de3d4b68d,7,6,8,250000.0
6804ae6aa628d87a352cd5dd,676541ebbf85ec5de3d4b68d,7,6,6,250000.0
6804ae6aa628d87a352cd5dd,676541ebbf85ec5de3d4b68d,7,6,6,250000.0
6804ae6aa628d87a352cd5dd,676541ebbf85ec5de3d4b68d,7,6,6,250000.0
6804ae6aa628d87a352cd5dd,676541ebbf85ec5de3d4b68d,7,6,6,250000.0
6804ae6aa628d87a352cd5dd,676541ebbf85ec5de3d4b68d,7,6,7,250000.0
6804ae6aa628d87a352cd5dd,676541ebbf85ec5de3d4b68d,7,6,6,250000.0
6804ae6aa628d87a352cd5dd,676541ebbf85ec5de3d4b68d,7,6,5,250000.0
6804ae6aa628d87a352cd5dd,676541ebbf85ec5de3d4b68d,7,6,5,250000.0
6804ae6aa628d87a352cd5dd,676541ebbf85ec5de3d4b68d,7,6,4,250000.0
6804ae6aa628d87a352cd5dd,676541ebbf85ec5de3d4b68d,7,6,5,250000.0
6804ae6aa628d87a352cd5dd,676541ebbf85ec5de3d4b68d,7,6,4,250000.0
6804ae6aa628d87a352cd5dd,676541ebbf85ec5de3d4b68d,7,6,5,250000.0
6804ae9fa628d87a352cd5de,676541ebbf85ec5de3d4b68d,1,6,11,200000.0
6804ae9fa628d87a352cd5de,676541ebbf85ec5de3d4b68d,1,6,11,200000.0
6804ae9fa628d87a352cd5de,676541ebbf85ec5de3d4b68d,1,6,11,200000.0
6804ae9fa628d87a352cd5de,676541ebbf85ec5de3d4b68d,1,6,12,200000.0
6804ae9fa628d87a352cd5de,676541ebbf85ec5de3d4b68d,1,6,12,200000.0
6804ae9fa628d87a352cd5de,676541ebbf85ec5de3d4b68d,1,6,12,200000.0
6804ae9fa628d87a352cd5de,676541ebbf85ec5de3d4b68d,1,6,10,200000.0
6804ae9fa628d87a352cd5de,676541ebbf85ec5de3d4b68d,1,6,11,200000.0
6804ae9fa628d87a352cd5de,676541ebbf85ec5de3d4b68d,1,6,10,200000.0
6804ae9fa628d87a352cd5de,676541ebbf85ec5de3d4b68d,1,6,10,200000.0
6804ae9fa628d87a352cd5de,676541ebbf85ec5de3d4b68d,1,6,10,200000.0
6804ae9fa628d87a352cd5de,676541ebbf85ec5de3d4b68d,1,6,9,200000.0
6804ae9fa628d87a352cd5de,676541ebbf85ec5de3d4b68d,1,6,2,200000.0
6804ae9fa628d87a352cd5de,676541ebbf85ec5de3d4b68d,1,6,2,200000.0
6804ae9fa628d87a352cd5de,676541ebbf85ec5de3d4b68d,1,6,2,200000.0
6804ae9fa628d87a352cd5de,676541ebbf85ec5de3d4b68d,1,6,3,200000.0
6804ae9fa628d87a352cd5de,676541ebbf85ec5de3d4b68d,1,6,3,200000.0
6804ae9fa628d87a352cd5de,676541ebbf85ec5de3d4b68d,1,6,2,200000.0
6804ae9fa628d87a352cd5de,676541ebbf85ec5de3d4b68d,1,6,7,200000.0
6804ae9fa628d87a352cd5de,676541ebbf85ec5de3d4b68d,1,6,8,200000.0
6804ae9fa628d87a352cd5de,676541ebbf85ec5de3d4b68d,1,6,8,200000.0
6804ae9fa628d87a352cd5de,676541ebbf85ec5de3d4b68d,1,6,1,200000.0
6804ae9fa628d87a352cd5de,676541ebbf85ec5de3d4b68d,1,6,12,200000.0
6804ae9fa628d87a352cd5de,676541ebbf85ec5de3d4b68d,1,6,7,200000.0
6804ae9fa628d87a352cd5de,676541ebbf85ec5de3d4b68d,1,6,1,200000.0
6804ae9fa628d87a352cd5de,676541ebbf85ec5de3d4b68d,1,6,1,200000.0
6804ae9fa628d87a352cd5de,676541ebbf85ec5de3d4b68d,1,6,7,200000.0
6804ae9fa628d87a352cd5de,676541ebbf85ec5de3d4b68d,1,6,12,200000.0
6804ae9fa628d87a352cd5de,676541ebbf85ec5de3d4b68d,1,6,7,200000.0
6804ae9fa628d87a352cd5de,676541ebbf85ec5de3d4b68d,1,6,1,200000.0
6804ae9fa628d87a352cd5de,676541ebbf85ec5de3d4b68d,1,6,5,200000.0
6804ae9fa628d87a352cd5de,676541ebbf85ec5de3d4b68d,1,6,5,200000.0
6804ae9fa628d87a352cd5de,676541ebbf85ec5de3d4b68d,1,6,9,200000.0
6804ae9fa628d87a352cd5de,676541ebbf85ec5de3d4b68d,1,6,4,200000.0
6804ae9fa628d87a352cd5de,676541ebbf85ec5de3d4b68d,1,6,8,200000.0
6804ae9fa628d87a352cd5de,676541ebbf85ec5de3d4b68d,1,6,9,200000.0
6804ae9fa628d87a352cd5de,676541ebbf85ec5de3d4b68d,1,6,6,200000.0
6804ae9fa628d87a352cd5de,676541ebbf85ec5de3d4b68d,1,6,9,200000.0
6804ae9fa628d87a352cd5de,676541ebbf85ec5de3d4b68d,1,6,4,200000.0
6804ae9fa628d87a352cd5de,676541ebbf85ec5de3d4b68d,1,6,5,200000.0
6804ae9fa628d87a352cd5de,676541ebbf85ec5de3d4b68d,1,6,9,200000.0
6804ae9fa628d87a352cd5de,676541ebbf85ec5de3d4b68d,1,6,6,200000.0
6804ae9fa628d87a352cd5de,676541ebbf85ec5de3d4b68d,1,6,4,200000.0
6804ae9fa628d87a352cd5de,676541ebbf85ec5de3d4b68d,1,6,8,200000.0
6804ae9fa628d87a352cd5de,676541ebbf85ec5de3d4b68d,1,6,6,200000.0
6804ae9fa628d87a352cd5de,676541ebbf85ec5de3d4b68d,1,6,5,200000.0
6804ae9fa628d87a352cd5de,676541ebbf85ec5de3d4b68d,1,6,6,200000.0
6804ae9fa628d87a352cd5de,676541ebbf85ec5de3d4b68d,1,6,6,200000.0
6804ae9fa628d87a352cd5de,676541ebbf85ec5de3d4b68d,6,17,11,200000.0
6804ae9fa628d87a352cd5de,676541ebbf85ec5de3d4b68d,6,17,11,200000.0
6804ae9fa628d87a352cd5de,676541ebbf85ec5de3d4b68d,6,17,11,200000.0
6804ae9fa628d87a352cd5de,676541ebbf85ec5de3d4b68d,6,17,12,200000.0
6804ae9fa628d87a352cd5de,676541ebbf85ec5de3d4b68d,6,17,12,200000.0
6804ae9fa628d87a352cd5de,676541ebbf85ec5de3d4b68d,6,17,12,200000.0
6804ae9fa628d87a352cd5de,676541ebbf85ec5de3d4b68d,6,17,10,200000.0
6804ae9fa628d87a352cd5de,676541ebbf85ec5de3d4b68d,6,17,11,200000.0
6804ae9fa628d87a352cd5de,676541ebbf85ec5de3d4b68d,6,17,11,200000.0
6804ae9fa628d87a352cd5de,676541ebbf85ec5de3d4b68d,6,17,10,200000.0
6804ae9fa628d87a352cd5de,676541ebbf85ec5de3d4b68d,6,17,10,200000.0
6804ae9fa628d87a352cd5de,676541ebbf85ec5de3d4b68d,6,17,10,200000.0
6804ae9fa628d87a352cd5de,676541ebbf85ec5de3d4b68d,6,17,2,200000.0
6804ae9fa628d87a352cd5de,676541ebbf85ec5de3d4b68d,6,17,2,200000.0
6804ae9fa628d87a352cd5de,676541ebbf85ec5de3d4b68d,6,17,2,200000.0
6804ae9fa628d87a352cd5de,676541ebbf85ec5de3d4b68d,6,17,3,200000.0
6804ae9fa628d87a352cd5de,676541ebbf85ec5de3d4b68d,6,17,3,200000.0
6804ae9fa628d87a352cd5de,676541ebbf85ec5de3d4b68d,6,17,8,200000.0
6804ae9fa628d87a352cd5de,676541ebbf85ec5de3d4b68d,6,17,2,200000.0
6804ae9fa628d87a352cd5de,676541ebbf85ec5de3d4b68d,6,17,6,200000.0
6804ae9fa628d87a352cd5de,676541ebbf85ec5de3d4b68d,6,17,9,200000.0
6804ae9fa628d87a352cd5de,676541ebbf85ec5de3d4b68d,6,17,8,200000.0
6804ae9fa628d87a352cd5de,676541ebbf85ec5de3d4b68d,6,17,9,200000.0
6804ae9fa628d87a352cd5de,676541ebbf85ec5de3d4b68d,6,17,8,200000.0
6804ae9fa628d87a352cd5de,676541ebbf85ec5de3d4b68d,6,17,5,200000.0
6804ae9fa628d87a352cd5de,676541ebbf85ec5de3d4b68d,6,17,7,200000.0
6804ae9fa628d87a352cd5de,676541ebbf85ec5de3d4b68d,6,17,9,200000.0
6804ae9fa628d87a352cd5de,676541ebbf85ec5de3d4b68d,6,17,5,200000.0
6804ae9fa628d87a352cd5de,676541ebbf85ec5de3d4b68d,6,17,7,200000.0
6804ae9fa628d87a352cd5de,676541ebbf85ec5de3d4b68d,6,17,8,200000.0
6804ae9fa628d87a352cd5de,676541ebbf85ec5de3d4b68d,6,17,7,200000.0
6804ae9fa628d87a352cd5de,676541ebbf85ec5de3d4b68d,6,17,5,200000.0
6804ae9fa628d87a352cd5de,676541ebbf85ec5de3d4b68d,6,17,9,200000.0
6804ae9fa628d87a352cd5de,676541ebbf85ec5de3d4b68d,6,17,6,200000.0
6804ae9fa628d87a352cd5de,676541ebbf85ec5de3d4b68d,6,17,8,200000.0
6804ae9fa628d87a352cd5de,676541ebbf85ec5de3d4b68d,6,17,1,200000.0
6804ae9fa628d87a352cd5de,676541ebbf85ec5de3d4b68d,6,17,6,200000.0
6804ae9fa628d87a352cd5de,676541ebbf85ec5de3d4b68d,6,17,7,200000.0
6804ae9fa628d87a352cd5de,676541ebbf85ec5de3d4b68d,6,17,5,200000.0
6804ae9fa628d87a352cd5de,676541ebbf85ec5de3d4b68d,6,17,6,200000.0
6804ae9fa628d87a352cd5de,676541ebbf85ec5de3d4b68d,6,17,4,200000.0
6804ae9fa628d87a352cd5de,676541ebbf85ec5de3d4b68d,6,17,1,200000.0
6804ae9fa628d87a352cd5de,676541ebbf85ec5de3d4b68d,6,17,5,200000.0
6804ae9fa628d87a352cd5de,676541ebbf85ec5de3d4b68d,6,17,1,200000.0
6804ae9fa628d87a352cd5de,676541ebbf85ec5de3d4b68d,6,17,1,200000.0
6804ae9fa628d87a352cd5de,676541ebbf85ec5de3d4b68d,6,17,4,200000.0
6804ae9fa628d87a352cd5de,676541ebbf85ec5de3d4b68d,6,17,1,200000.0
6804ae9fa628d87a352cd5de,676541ebbf85ec5de3d4b68d,6,17,12,200000.0
6804ae9fa628d87a352cd5de,676541ebbf85ec5de3d4b68d,7,18,11,200000.0
6804ae9fa628d87a352cd5de,676541ebbf85ec5de3d4b68d,7,18,11,200000.0
6804ae9fa628d87a352cd5de,676541ebbf85ec5de3d4b68d,7,18,11,200000.0
6804ae9fa628d87a352cd5de,676541ebbf85ec5de3d4b68d,7,18,12,200000.0
6804ae9fa628d87a352cd5de,676541ebbf85ec5de3d4b68d,7,18,12,200000.0
6804ae9fa628d87a352cd5de,676541ebbf85ec5de3d4b68d,7,18,12,200000.0
6804ae9fa628d87a352cd5de,676541ebbf85ec5de3d4b68d,7,18,10,200000.0
6804ae9fa628d87a352cd5de,676541ebbf85ec5de3d4b68d,7,18,11,200000.0
6804ae9fa628d87a352cd5de,676541ebbf85ec5de3d4b68d,7,18,11,200000.0
6804ae9fa628d87a352cd5de,676541ebbf85ec5de3d4b68d,7,18,10,200000.0
6804ae9fa628d87a352cd5de,676541ebbf85ec5de3d4b68d,7,18,10,200000.0
6804ae9fa628d87a352cd5de,676541ebbf85ec5de3d4b68d,7,18,10,200000.0
6804ae9fa628d87a352cd5de,676541ebbf85ec5de3d4b68d,7,18,2,200000.0
6804ae9fa628d87a352cd5de,676541ebbf85ec5de3d4b68d,7,18,2,200000.0
6804ae9fa628d87a352cd5de,676541ebbf85ec5de3d4b68d,7,18,2,200000.0
6804ae9fa628d87a352cd5de,676541ebbf85ec5de3d4b68d,7,18,3,200000.0
6804ae9fa628d87a352cd5de,676541ebbf85ec5de3d4b68d,7,18,3,200000.0
6804ae9fa628d87a352cd5de,676541ebbf85ec5de3d4b68d,7,18,3,200000.0
6804ae9fa628d87a352cd5de,676541ebbf85ec5de3d4b68d,7,18,1,200000.0
6804ae9fa628d87a352cd5de,676541ebbf85ec5de3d4b68d,7,18,2,200000.0
6804ae9fa628d87a352cd5de,676541ebbf85ec5de3d4b68d,7,18,1,200000.0
6804ae9fa628d87a352cd5de,676541ebbf85ec5de3d4b68d,7,18,1,200000.0
6804ae9fa628d87a352cd5de,676541ebbf85ec5de3d4b68d,7,18,1,200000.0
6804ae9fa628d87a352cd5de,676541ebbf85ec5de3d4b68d,7,18,12,200000.0
6804ae9fa628d87a352cd5de,676541ebbf85ec5de3d4b68d,7,18,8,200000.0
6804ae9fa628d87a352cd5de,676541ebbf85ec5de3d4b68d,7,18,8,200000.0
6804ae9fa628d87a352cd5de,676541ebbf85ec5de3d4b68d,7,18,8,200000.0
6804ae9fa628d87a352cd5de,676541ebbf85ec5de3d4b68d,7,18,7,200000.0
6804ae9fa628d87a352cd5de,676541ebbf85ec5de3d4b68d,7,18,7,200000.0
6804ae9fa628d87a352cd5de,676541ebbf85ec5de3d4b68d,7,18,7,200000.0
6804ae9fa628d87a352cd5de,676541ebbf85ec5de3d4b68d,7,18,9,200000.0
6804ae9fa628d87a352cd5de,676541ebbf85ec5de3d4b68d,7,18,9,200000.0
6804ae9fa628d87a352cd5de,676541ebbf85ec5de3d4b68d,7,18,9,200000.0
6804ae9fa628d87a352cd5de,676541ebbf85ec5de3d4b68d,7,18,6,200000.0
6804ae9fa628d87a352cd5de,676541ebbf85ec5de3d4b68d,7,18,5,200000.0
6804ae9fa628d87a352cd5de,676541ebbf85ec5de3d4b68d,7,18,8,200000.0
6804ae9fa628d87a352cd5de,676541ebbf85ec5de3d4b68d,7,18,8,200000.0
6804ae9fa628d87a352cd5de,676541ebbf85ec5de3d4b68d,7,18,6,200000.0
6804ae9fa628d87a352cd5de,676541ebbf85ec5de3d4b68d,7,18,5,200000.0
6804ae9fa628d87a352cd5de,676541ebbf85ec5de3d4b68d,7,18,9,200000.0
6804ae9fa628d87a352cd5de,676541ebbf85ec5de3d4b68d,7,18,4,200000.0
6804ae9fa628d87a352cd5de,676541ebbf85ec5de3d4b68d,7,18,5,200000.0
6804ae9fa628d87a352cd5de,676541ebbf85ec5de3d4b68d,7,18,6,200000.0
6804ae9fa628d87a352cd5de,676541ebbf85ec5de3d4b68d,7,18,5,200000.0
6804ae9fa628d87a352cd5de,676541ebbf85ec5de3d4b68d,7,18,6,200000.0
6804ae9fa628d87a352cd5de,676541ebbf85ec5de3d4b68d,7,18,6,200000.0
6804ae9fa628d87a352cd5de,676541ebbf85ec5de3d4b68d,7,18,7,200000.0
6804ae9fa628d87a352cd5de,676541ebbf85ec5de3d4b68d,7,18,4,200000.0
6804ae9fa628d87a352cd5de,676541ebbf85ec5de3d4b68d,1,7,11,200000.0
6804ae9fa628d87a352cd5de,676541ebbf85ec5de3d4b68d,1,7,12,200000.0
6804ae9fa628d87a352cd5de,676541ebbf85ec5de3d4b68d,1,7,11,200000.0
6804ae9fa628d87a352cd5de,676541ebbf85ec5de3d4b68d,1,7,12,200000.0
6804ae9fa628d87a352cd5de,676541ebbf85ec5de3d4b68d,1,7,12,200000.0
6804ae9fa628d87a352cd5de,676541ebbf85ec5de3d4b68d,1,7,12,200000.0
6804ae9fa628d87a352cd5de,676541ebbf85ec5de3d4b68d,1,7,10,200000.0
6804ae9fa628d87a352cd5de,676541ebbf85ec5de3d4b68d,1,7,11,200000.0
6804ae9fa628d87a352cd5de,676541ebbf85ec5de3d4b68d,1,7,11,200000.0
6804ae9fa628d87a352cd5de,676541ebbf85ec5de3d4b68d,1,7,10,200000.0
6804ae9fa628d87a352cd5de,676541ebbf85ec5de3d4b68d,1,7,10,200000.0
6804ae9fa628d87a352cd5de,676541ebbf85ec5de3d4b68d,1,7,10,200000.0
6804ae9fa628d87a352cd5de,676541ebbf85ec5de3d4b68d,1,7,2,200000.0
6804ae9fa628d87a352cd5de,676541ebbf85ec5de3d4b68d,1,7,2,200000.0
6804ae9fa628d87a352cd5de,676541ebbf85ec5de3d4b68d,1,7,2,200000.0
6804ae9fa628d87a352cd5de,676541ebbf85ec5de3d4b68d,1,7,3,200000.0
6804ae9fa628d87a352cd5de,676541ebbf85ec5de3d4b68d,1,7,3,200000.0
6804ae9fa628d87a352cd5de,676541ebbf85ec5de3d4b68d,1,7,3,200000.0
6804ae9fa628d87a352cd5de,676541ebbf85ec5de3d4b68d,1,7,8,200000.0
6804ae9fa628d87a352cd5de,676541ebbf85ec5de3d4b68d,1,7,8,200000.0
6804ae9fa628d87a352cd5de,676541ebbf85ec5de3d4b68d,1,7,1,200000.0
6804ae9fa628d87a352cd5de,676541ebbf85ec5de3d4b68d,1,7,8,200000.0
6804ae9fa628d87a352cd5de,676541ebbf85ec5de3d4b68d,1,7,7,200000.0
6804ae9fa628d87a352cd5de,676541ebbf85ec5de3d4b68d,1,7,1,200000.0
6804ae9fa628d87a352cd5de,676541ebbf85ec5de3d4b68d,1,7,7,200000.0
6804ae9fa628d87a352cd5de,676541ebbf85ec5de3d4b68d,1,7,2,200000.0
6804ae9fa628d87a352cd5de,676541ebbf85ec5de3d4b68d,1,7,9,200000.0
6804ae9fa628d87a352cd5de,676541ebbf85ec5de3d4b68d,1,7,7,200000.0
6804ae9fa628d87a352cd5de,676541ebbf85ec5de3d4b68d,1,7,1,200000.0
6804ae9fa628d87a352cd5de,676541ebbf85ec5de3d4b68d,1,7,1,200000.0
6804ae9fa628d87a352cd5de,676541ebbf85ec5de3d4b68d,1,7,9,200000.0
6804ae9fa628d87a352cd5de,676541ebbf85ec5de3d4b68d,1,7,6,200000.0
6804ae9fa628d87a352cd5de,676541ebbf85ec5de3d4b68d,1,7,9,200000.0
6804ae9fa628d87a352cd5de,676541ebbf85ec5de3d4b68d,1,7,5,200000.0
6804ae9fa628d87a352cd5de,676541ebbf85ec5de3d4b68d,1,7,9,200000.0
6804ae9fa628d87a352cd5de,676541ebbf85ec5de3d4b68d,1,7,6,200000.0
6804ae9fa628d87a352cd5de,676541ebbf85ec5de3d4b68d,1,7,6,200000.0
6804ae9fa628d87a352cd5de,676541ebbf85ec5de3d4b68d,1,7,9,200000.0
6804ae9fa628d87a352cd5de,676541ebbf85ec5de3d4b68d,1,7,5,200000.0
6804ae9fa628d87a352cd5de,676541ebbf85ec5de3d4b68d,1,7,7,200000.0
6804ae9fa628d87a352cd5de,676541ebbf85ec5de3d4b68d,1,7,6,200000.0
6804ae9fa628d87a352cd5de,676541ebbf85ec5de3d4b68d,1,7,6,200000.0
6804ae9fa628d87a352cd5de,676541ebbf85ec5de3d4b68d,1,7,8,200000.0
6804ae9fa628d87a352cd5de,676541ebbf85ec5de3d4b68d,1,7,4,200000.0
6804ae9fa628d87a352cd5de,676541ebbf85ec5de3d4b68d,1,7,5,200000.0
6804ae9fa628d87a352cd5de,676541ebbf85ec5de3d4b68d,1,7,12,200000.0
6804ae9fa628d87a352cd5de,676541ebbf85ec5de3d4b68d,1,7,5,200000.0
6804ae9fa628d87a352cd5de,676541ebbf85ec5de3d4b68d,1,7,4,200000.0
6804aed6a628d87a352cd5df,676541ebbf85ec5de3d4b68d,1,6,11,200000.0
6804aed6a628d87a352cd5df,676541ebbf85ec5de3d4b68d,1,6,11,200000.0
6804aed6a628d87a352cd5df,676541ebbf85ec5de3d4b68d,1,6,11,200000.0
6804aed6a628d87a352cd5df,676541ebbf85ec5de3d4b68d,1,6,12,200000.0
6804aed6a628d87a352cd5df,676541ebbf85ec5de3d4b68d,1,6,12,200000.0
6804aed6a628d87a352cd5df,676541ebbf85ec5de3d4b68d,1,6,12,200000.0
6804aed6a628d87a352cd5df,676541ebbf85ec5de3d4b68d,1,6,10,200000.0
6804aed6a628d87a352cd5df,676541ebbf85ec5de3d4b68d,1,6,11,200000.0
6804aed6a628d87a352cd5df,676541ebbf85ec5de3d4b68d,1,6,7,200000.0
6804aed6a628d87a352cd5df,676541ebbf85ec5de3d4b68d,1,6,10,200000.0
6804aed6a628d87a352cd5df,676541ebbf85ec5de3d4b68d,1,6,8,200000.0
6804aed6a628d87a352cd5df,676541ebbf85ec5de3d4b68d,1,6,8,200000.0
6804aed6a628d87a352cd5df,676541ebbf85ec5de3d4b68d,1,6,7,200000.0
6804aed6a628d87a352cd5df,676541ebbf85ec5de3d4b68d,1,6,10,200000.0
6804aed6a628d87a352cd5df,676541ebbf85ec5de3d4b68d,1,6,10,200000.0
6804aed6a628d87a352cd5df,676541ebbf85ec5de3d4b68d,1,6,7,200000.0
6804aed6a628d87a352cd5df,676541ebbf85ec5de3d4b68d,1,6,9,200000.0
6804aed6a628d87a352cd5df,676541ebbf85ec5de3d4b68d,1,6,7,200000.0
6804aed6a628d87a352cd5df,676541ebbf85ec5de3d4b68d,1,6,9,200000.0
6804aed6a628d87a352cd5df,676541ebbf85ec5de3d4b68d,1,6,9,200000.0
6804aed6a628d87a352cd5df,676541ebbf85ec5de3d4b68d,1,6,9,200000.0
6804aed6a628d87a352cd5df,676541ebbf85ec5de3d4b68d,1,6,2,200000.0
6804aed6a628d87a352cd5df,676541ebbf85ec5de3d4b68d,1,6,1,200000.0
6804aed6a628d87a352cd5df,676541ebbf85ec5de3d4b68d,1,6,1,200000.0
6804aed6a628d87a352cd5df,676541ebbf85ec5de3d4b68d,1,6,2,200000.0
6804aed6a628d87a352cd5df,676541ebbf85ec5de3d4b68d,1,6,8,200000.0
6804aed6a628d87a352cd5df,676541ebbf85ec5de3d4b68d,1,6,1,200000.0
6804aed6a628d87a352cd5df,676541ebbf85ec5de3d4b68d,1,6,9,200000.0
6804aed6a628d87a352cd5df,676541ebbf85ec5de3d4b68d,1,6,8,200000.0
6804aed6a628d87a352cd5df,676541ebbf85ec5de3d4b68d,1,6,6,200000.0
6804aed6a628d87a352cd5df,676541ebbf85ec5de3d4b68d,1,6,2,200000.0
6804aed6a628d87a352cd5df,676541ebbf85ec5de3d4b68d,1,6,12,200000.0
6804aed6a628d87a352cd5df,676541ebbf85ec5de3d4b68d,1,6,6,200000.0
6804aed6a628d87a352cd5df,676541ebbf85ec5de3d4b68d,1,6,1,200000.0
6804aed6a628d87a352cd5df,676541ebbf85ec5de3d4b68d,1,6,2,200000.0
6804aed6a628d87a352cd5df,676541ebbf85ec5de3d4b68d,1,6,3,200000.0
6804aed6a628d87a352cd5df,676541ebbf85ec5de3d4b68d,1,6,3,200000.0
6804aed6a628d87a352cd5df,676541ebbf85ec5de3d4b68d,1,6,5,200000.0
6804aed6a628d87a352cd5df,676541ebbf85ec5de3d4b68d,1,6,5,200000.0
6804aed6a628d87a352cd5df,676541ebbf85ec5de3d4b68d,1,6,12,200000.0
6804aed6a628d87a352cd5df,676541ebbf85ec5de3d4b68d,1,6,5,200000.0
6804aed6a628d87a352cd5df,676541ebbf85ec5de3d4b68d,1,6,4,200000.0
6804aed6a628d87a352cd5df,676541ebbf85ec5de3d4b68d,1,6,5,200000.0
6804aed6a628d87a352cd5df,676541ebbf85ec5de3d4b68d,1,6,4,200000.0
6804aed6a628d87a352cd5df,676541ebbf85ec5de3d4b68d,1,6,4,200000.0
6804aed6a628d87a352cd5df,676541ebbf85ec5de3d4b68d,1,6,6,200000.0
6804aed6a628d87a352cd5df,676541ebbf85ec5de3d4b68d,1,6,6,200000.0
6804aed6a628d87a352cd5df,676541ebbf85ec5de3d4b68d,1,6,6,200000.0
6804aed6a628d87a352cd5df,676541ebbf85ec5de3d4b68d,6,19,11,200000.0
6804aed6a628d87a352cd5df,676541ebbf85ec5de3d4b68d,6,19,11,200000.0
6804aed6a628d87a352cd5df,676541ebbf85ec5de3d4b68d,6,19,11,200000.0
6804aed6a628d87a352cd5df,676541ebbf85ec5de3d4b68d,6,19,12,200000.0
6804aed6a628d87a352cd5df,676541ebbf85ec5de3d4b68d,6,19,12,200000.0
6804aed6a628d87a352cd5df,676541ebbf85ec5de3d4b68d,6,19,12,200000.0
6804aed6a628d87a352cd5df,676541ebbf85ec5de3d4b68d,6,19,10,200000.0
6804aed6a628d87a352cd5df,676541ebbf85ec5de3d4b68d,6,19,11,200000.0
6804aed6a628d87a352cd5df,676541ebbf85ec5de3d4b68d,6,19,11,200000.0
6804aed6a628d87a352cd5df,676541ebbf85ec5de3d4b68d,6,19,10,200000.0
6804aed6a628d87a352cd5df,676541ebbf85ec5de3d4b68d,6,19,10,200000.0
6804aed6a628d87a352cd5df,676541ebbf85ec5de3d4b68d,6,19,10,200000.0
6804aed6a628d87a352cd5df,676541ebbf85ec5de3d4b68d,6,19,2,200000.0
6804aed6a628d87a352cd5df,676541ebbf85ec5de3d4b68d,6,19,2,200000.0
6804aed6a628d87a352cd5df,676541ebbf85ec5de3d4b68d,6,19,2,200000.0
6804aed6a628d87a352cd5df,676541ebbf85ec5de3d4b68d,6,19,3,200000.0
6804aed6a628d87a352cd5df,676541ebbf85ec5de3d4b68d,6,19,3,200000.0
6804aed6a628d87a352cd5df,676541ebbf85ec5de3d4b68d,6,19,2,200000.0
6804aed6a628d87a352cd5df,676541ebbf85ec5de3d4b68d,6,19,1,200000.0
6804aed6a628d87a352cd5df,676541ebbf85ec5de3d4b68d,6,19,1,200000.0
6804aed6a628d87a352cd5df,676541ebbf85ec5de3d4b68d,6,19,1,200000.0
6804aed6a628d87a352cd5df,676541ebbf85ec5de3d4b68d,6,19,1,200000.0
6804aed6a628d87a352cd5df,676541ebbf85ec5de3d4b68d,6,19,1,200000.0
6804aed6a628d87a352cd5df,676541ebbf85ec5de3d4b68d,6,19,12,200000.0
6804aed6a628d87a352cd5df,676541ebbf85ec5de3d4b68d,6,19,8,200000.0
6804aed6a628d87a352cd5df,676541ebbf85ec5de3d4b68d,6,19,8,200000.0
6804aed6a628d87a352cd5df,676541ebbf85ec5de3d4b68d,6,19,8,200000.0
6804aed6a628d87a352cd5df,676541ebbf85ec5de3d4b68d,6,19,7,200000.0
6804aed6a628d87a352cd5df,676541ebbf85ec5de3d4b68d,6,19,7,200000.0
6804aed6a628d87a352cd5df,676541ebbf85ec5de3d4b68d,6,19,7,200000.0
6804aed6a628d87a352cd5df,676541ebbf85ec5de3d4b68d,6,19,9,200000.0
6804aed6a628d87a352cd5df,676541ebbf85ec5de3d4b68d,6,19,9,200000.0
6804aed6a628d87a352cd5df,676541ebbf85ec5de3d4b68d,6,19,9,200000.0
6804aed6a628d87a352cd5df,676541ebbf85ec5de3d4b68d,6,19,8,200000.0
6804aed6a628d87a352cd5df,676541ebbf85ec5de3d4b68d,6,19,9,200000.0
6804aed6a628d87a352cd5df,676541ebbf85ec5de3d4b68d,6,19,8,200000.0
6804aed6a628d87a352cd5df,676541ebbf85ec5de3d4b68d,6,19,5,200000.0
6804aed6a628d87a352cd5df,676541ebbf85ec5de3d4b68d,6,19,5,200000.0
6804aed6a628d87a352cd5df,676541ebbf85ec5de3d4b68d,6,19,5,200000.0
6804aed6a628d87a352cd5df,676541ebbf85ec5de3d4b68d,6,19,6,200000.0
6804aed6a628d87a352cd5df,676541ebbf85ec5de3d4b68d,6,19,7,200000.0
6804aed6a628d87a352cd5df,676541ebbf85ec5de3d4b68d,6,19,6,200000.0
6804aed6a628d87a352cd5df,676541ebbf85ec5de3d4b68d,6,19,5,200000.0
6804aed6a628d87a352cd5df,676541ebbf85ec5de3d4b68d,6,19,6,200000.0
6804aed6a628d87a352cd5df,676541ebbf85ec5de3d4b68d,6,19,6,200000.0
6804aed6a628d87a352cd5df,676541ebbf85ec5de3d4b68d,6,19,4,200000.0
6804aed6a628d87a352cd5df,676541ebbf85ec5de3d4b68d,6,19,5,200000.0
6804aed6a628d87a352cd5df,676541ebbf85ec5de3d4b68d,6,19,4,200000.0
6804aed6a628d87a352cd5df,676541ebbf85ec5de3d4b68d,7,20,11,200000.0
6804aed6a628d87a352cd5df,676541ebbf85ec5de3d4b68d,7,20,11,200000.0
6804aed6a628d87a352cd5df,676541ebbf85ec5de3d4b68d,7,20,11,200000.0
6804aed6a628d87a352cd5df,676541ebbf85ec5de3d4b68d,7,20,12,200000.0
6804aed6a628d87a352cd5df,676541ebbf85ec5de3d4b68d,7,20,12,200000.0
6804aed6a628d87a352cd5df,676541ebbf85ec5de3d4b68d,7,20,12,200000.0
6804aed6a628d87a352cd5df,676541ebbf85ec5de3d4b68d,7,20,10,200000.0
6804aed6a628d87a352cd5df,676541ebbf85ec5de3d4b68d,7,20,11,200000.0
6804aed6a628d87a352cd5df,676541ebbf85ec5de3d4b68d,7,20,11,200000.0
6804aed6a628d87a352cd5df,676541ebbf85ec5de3d4b68d,7,20,10,200000.0
6804aed6a628d87a352cd5df,676541ebbf85ec5de3d4b68d,7,20,10,200000.0
6804aed6a628d87a352cd5df,676541ebbf85ec5de3d4b68d,7,20,10,200000.0
6804aed6a628d87a352cd5df,676541ebbf85ec5de3d4b68d,7,20,8,200000.0
6804aed6a628d87a352cd5df,676541ebbf85ec5de3d4b68d,7,20,8,200000.0
6804aed6a628d87a352cd5df,676541ebbf85ec5de3d4b68d,7,20,8,200000.0
6804aed6a628d87a352cd5df,676541ebbf85ec5de3d4b68d,7,20,2,200000.0
6804aed6a628d87a352cd5df,676541ebbf85ec5de3d4b68d,7,20,7,200000.0
6804aed6a628d87a352cd5df,676541ebbf85ec5de3d4b68d,7,20,2,200000.0
6804aed6a628d87a352cd5df,676541ebbf85ec5de3d4b68d,7,20,7,200000.0
6804aed6a628d87a352cd5df,676541ebbf85ec5de3d4b68d,7,20,2,200000.0
6804aed6a628d87a352cd5df,676541ebbf85ec5de3d4b68d,7,20,7,200000.0
6804aed6a628d87a352cd5df,676541ebbf85ec5de3d4b68d,7,20,3,200000.0
6804aed6a628d87a352cd5df,676541ebbf85ec5de3d4b68d,7,20,9,200000.0
6804aed6a628d87a352cd5df,676541ebbf85ec5de3d4b68d,7,20,3,200000.0
6804aed6a628d87a352cd5df,676541ebbf85ec5de3d4b68d,7,20,9,200000.0
6804aed6a628d87a352cd5df,676541ebbf85ec5de3d4b68d,7,20,3,200000.0
6804aed6a628d87a352cd5df,676541ebbf85ec5de3d4b68d,7,20,9,200000.0
6804aed6a628d87a352cd5df,676541ebbf85ec5de3d4b68d,7,20,8,200000.0
6804aed6a628d87a352cd5df,676541ebbf85ec5de3d4b68d,7,20,9,200000.0
6804aed6a628d87a352cd5df,676541ebbf85ec5de3d4b68d,7,20,8,200000.0
6804aed6a628d87a352cd5df,676541ebbf85ec5de3d4b68d,7,20,1,200000.0
6804aed6a628d87a352cd5df,676541ebbf85ec5de3d4b68d,7,20,2,200000.0
6804aed6a628d87a352cd5df,676541ebbf85ec5de3d4b68d,7,20,1,200000.0
6804aed6a628d87a352cd5df,676541ebbf85ec5de3d4b68d,7,20,6,200000.0
6804aed6a628d87a352cd5df,676541ebbf85ec5de3d4b68d,7,20,6,200000.0
6804aed6a628d87a352cd5df,676541ebbf85ec5de3d4b68d,7,20,1,200000.0
6804aed6a628d87a352cd5df,676541ebbf85ec5de3d4b68d,7,20,6,200000.0
6804aed6a628d87a352cd5df,676541ebbf85ec5de3d4b68d,7,20,1,200000.0
6804aed6a628d87a352cd5df,676541ebbf85ec5de3d4b68d,7,20,6,200000.0
6804aed6a628d87a352cd5df,676541ebbf85ec5de3d4b68d,7,20,7,200000.0
6804aed6a628d87a352cd5df,676541ebbf85ec5de3d4b68d,7,20,4,200000.0
6804aed6a628d87a352cd5df,676541ebbf85ec5de3d4b68d,7,20,5,200000.0
6804aed6a628d87a352cd5df,676541ebbf85ec5de3d4b68d,7,20,12,200000.0
6804aed6a628d87a352cd5df,676541ebbf85ec5de3d4b68d,7,20,6,200000.0
6804aed6a628d87a352cd5df,676541ebbf85ec5de3d4b68d,7,20,5,200000.0
6804aed6a628d87a352cd5df,676541ebbf85ec5de3d4b68d,7,20,5,200000.0
6804aed6a628d87a352cd5df,676541ebbf85ec5de3d4b68d,7,20,5,200000.0
6804aed6a628d87a352cd5df,676541ebbf85ec5de3d4b68d,7,20,4,200000.0
6804aed6a628d87a352cd5df,676541ebbf85ec5de3d4b68d,7,21,11,200000.0
6804aed6a628d87a352cd5df,676541ebbf85ec5de3d4b68d,7,21,11,200000.0
6804aed6a628d87a352cd5df,676541ebbf85ec5de3d4b68d,7,21,11,200000.0
6804aed6a628d87a352cd5df,676541ebbf85ec5de3d4b68d,7,21,12,200000.0
6804aed6a628d87a352cd5df,676541ebbf85ec5de3d4b68d,7,21,12,200000.0
6804aed6a628d87a352cd5df,676541ebbf85ec5de3d4b68d,7,21,12,200000.0
6804aed6a628d87a352cd5df,676541ebbf85ec5de3d4b68d,7,21,10,200000.0
6804aed6a628d87a352cd5df,676541ebbf85ec5de3d4b68d,7,21,11,200000.0
6804aed6a628d87a352cd5df,676541ebbf85ec5de3d4b68d,7,21,11,200000.0
6804aed6a628d87a352cd5df,676541ebbf85ec5de3d4b68d,7,21,10,200000.0
6804aed6a628d87a352cd5df,676541ebbf85ec5de3d4b68d,7,21,10,200000.0
6804aed6a628d87a352cd5df,676541ebbf85ec5de3d4b68d,7,21,10,200000.0
6804aed6a628d87a352cd5df,676541ebbf85ec5de3d4b68d,7,21,2,200000.0
6804aed6a628d87a352cd5df,676541ebbf85ec5de3d4b68d,7,21,2,200000.0
6804aed6a628d87a352cd5df,676541ebbf85ec5de3d4b68d,7,21,2,200000.0
6804aed6a628d87a352cd5df,676541ebbf85ec5de3d4b68d,7,21,3,200000.0
6804aed6a628d87a352cd5df,676541ebbf85ec5de3d4b68d,7,21,3,200000.0
6804aed6a628d87a352cd5df,676541ebbf85ec5de3d4b68d,7,21,3,200000.0
6804aed6a628d87a352cd5df,676541ebbf85ec5de3d4b68d,7,21,1,200000.0
6804aed6a628d87a352cd5df,676541ebbf85ec5de3d4b68d,7,21,2,200000.0
6804aed6a628d87a352cd5df,676541ebbf85ec5de3d4b68d,7,21,1,200000.0
6804aed6a628d87a352cd5df,676541ebbf85ec5de3d4b68d,7,21,1,200000.0
6804aed6a628d87a352cd5df,676541ebbf85ec5de3d4b68d,7,21,1,200000.0
6804aed6a628d87a352cd5df,676541ebbf85ec5de3d4b68d,7,21,12,200000.0
6804aed6a628d87a352cd5df,676541ebbf85ec5de3d4b68d,7,21,8,200000.0
6804aed6a628d87a352cd5df,676541ebbf85ec5de3d4b68d,7,21,8,200000.0
6804aed6a628d87a352cd5df,676541ebbf85ec5de3d4b68d,7,21,8,200000.0
6804aed6a628d87a352cd5df,676541ebbf85ec5de3d4b68d,7,21,7,200000.0
6804aed6a628d87a352cd5df,676541ebbf85ec5de3d4b68d,7,21,7,200000.0
6804aed6a628d87a352cd5df,676541ebbf85ec5de3d4b68d,7,21,7,200000.0
6804aed6a628d87a352cd5df,676541ebbf85ec5de3d4b68d,7,21,9,200000.0
6804aed6a628d87a352cd5df,676541ebbf85ec5de3d4b68d,7,21,9,200000.0
6804aed6a628d87a352cd5df,676541ebbf85ec5de3d4b68d,7,21,9,200000.0
6804aed6a628d87a352cd5df,676541ebbf85ec5de3d4b68d,7,21,6,200000.0
6804aed6a628d87a352cd5df,676541ebbf85ec5de3d4b68d,7,21,5,200000.0
6804aed6a628d87a352cd5df,676541ebbf85ec5de3d4b68d,7,21,6,200000.0
6804aed6a628d87a352cd5df,676541ebbf85ec5de3d4b68d,7,21,7,200000.0
6804aed6a628d87a352cd5df,676541ebbf85ec5de3d4b68d,7,21,5,200000.0
6804aed6a628d87a352cd5df,676541ebbf85ec5de3d4b68d,7,21,6,200000.0
6804aed6a628d87a352cd5df,676541ebbf85ec5de3d4b68d,7,21,6,200000.0
6804aed6a628d87a352cd5df,676541ebbf85ec5de3d4b68d,7,21,5,200000.0
6804aed6a628d87a352cd5df,676541ebbf85ec5de3d4b68d,7,21,6,200000.0
6804aed6a628d87a352cd5df,676541ebbf85ec5de3d4b68d,7,21,4,200000.0
6804aed6a628d87a352cd5df,676541ebbf85ec5de3d4b68d,7,21,8,200000.0
6804aed6a628d87a352cd5df,676541ebbf85ec5de3d4b68d,7,21,4,200000.0
6804aed6a628d87a352cd5df,676541ebbf85ec5de3d4b68d,7,21,9,200000.0
6804aed6a628d87a352cd5df,676541ebbf85ec5de3d4b68d,7,21,5,200000.0
6804aed6a628d87a352cd5df,676541ebbf85ec5de3d4b68d,7,21,8,200000.0
6804af10a628d87a352cd5e0,676541ebbf85ec5de3d4b68d,2,6,11,199998.0
6804af10a628d87a352cd5e0,676541ebbf85ec5de3d4b68d,2,6,11,199998.0
6804af10a628d87a352cd5e0,676541ebbf85ec5de3d4b68d,2,6,11,199998.0
6804af10a628d87a352cd5e0,676541ebbf85ec5de3d4b68d,2,6,12,199998.0
6804af10a628d87a352cd5e0,676541ebbf85ec5de3d4b68d,2,6,12,199998.0
6804af10a628d87a352cd5e0,676541ebbf85ec5de3d4b68d,2,6,12,199998.0
6804af10a628d87a352cd5e0,676541ebbf85ec5de3d4b68d,2,6,10,199998.0
6804af10a628d87a352cd5e0,676541ebbf85ec5de3d4b68d,2,6,7,199998.0
6804af10a628d87a352cd5e0,676541ebbf85ec5de3d4b68d,2,6,11,199998.0
6804af10a628d87a352cd5e0,676541ebbf85ec5de3d4b68d,2,6,8,199998.0
6804af10a628d87a352cd5e0,676541ebbf85ec5de3d4b68d,2,6,10,199998.0
6804af10a628d87a352cd5e0,676541ebbf85ec5de3d4b68d,2,6,8,199998.0
6804af10a628d87a352cd5e0,676541ebbf85ec5de3d4b68d,2,6,10,199998.0
6804af10a628d87a352cd5e0,676541ebbf85ec5de3d4b68d,2,6,7,199998.0
6804af10a628d87a352cd5e0,676541ebbf85ec5de3d4b68d,2,6,10,199998.0
6804af10a628d87a352cd5e0,676541ebbf85ec5de3d4b68d,2,6,7,199998.0
6804af10a628d87a352cd5e0,676541ebbf85ec5de3d4b68d,2,6,9,199998.0
6804af10a628d87a352cd5e0,676541ebbf85ec5de3d4b68d,2,6,7,199998.0
6804af10a628d87a352cd5e0,676541ebbf85ec5de3d4b68d,2,6,9,199998.0
6804af10a628d87a352cd5e0,676541ebbf85ec5de3d4b68d,2,6,9,199998.0
6804af10a628d87a352cd5e0,676541ebbf85ec5de3d4b68d,2,6,9,199998.0
6804af10a628d87a352cd5e0,676541ebbf85ec5de3d4b68d,2,6,2,199998.0
6804af10a628d87a352cd5e0,676541ebbf85ec5de3d4b68d,2,6,8,199998.0
6804af10a628d87a352cd5e0,676541ebbf85ec5de3d4b68d,2,6,2,199998.0
6804af10a628d87a352cd5e0,676541ebbf85ec5de3d4b68d,2,6,2,199998.0
6804af10a628d87a352cd5e0,676541ebbf85ec5de3d4b68d,2,6,9,199998.0
6804af10a628d87a352cd5e0,676541ebbf85ec5de3d4b68d,2,6,8,199998.0
6804af10a628d87a352cd5e0,676541ebbf85ec5de3d4b68d,2,6,3,199998.0
6804af10a628d87a352cd5e0,676541ebbf85ec5de3d4b68d,2,6,3,199998.0
6804af10a628d87a352cd5e0,676541ebbf85ec5de3d4b68d,2,6,2,199998.0
6804af10a628d87a352cd5e0,676541ebbf85ec5de3d4b68d,2,6,1,199998.0
6804af10a628d87a352cd5e0,676541ebbf85ec5de3d4b68d,2,6,12,199998.0
6804af10a628d87a352cd5e0,676541ebbf85ec5de3d4b68d,2,6,1,199998.0
6804af10a628d87a352cd5e0,676541ebbf85ec5de3d4b68d,2,6,12,199998.0
6804af10a628d87a352cd5e0,676541ebbf85ec5de3d4b68d,2,6,1,199998.0
6804af10a628d87a352cd5e0,676541ebbf85ec5de3d4b68d,2,6,1,199998.0
6804af10a628d87a352cd5e0,676541ebbf85ec5de3d4b68d,2,6,5,199998.0
6804af10a628d87a352cd5e0,676541ebbf85ec5de3d4b68d,2,6,5,199998.0
6804af10a628d87a352cd5e0,676541ebbf85ec5de3d4b68d,2,6,4,199998.0
6804af10a628d87a352cd5e0,676541ebbf85ec5de3d4b68d,2,6,4,199998.0
6804af10a628d87a352cd5e0,676541ebbf85ec5de3d4b68d,2,6,5,199998.0
6804af10a628d87a352cd5e0,676541ebbf85ec5de3d4b68d,2,6,4,199998.0
6804af10a628d87a352cd5e0,676541ebbf85ec5de3d4b68d,2,6,6,199998.0
6804af10a628d87a352cd5e0,676541ebbf85ec5de3d4b68d,2,6,6,199998.0
6804af10a628d87a352cd5e0,676541ebbf85ec5de3d4b68d,2,6,5,199998.0
6804af10a628d87a352cd5e0,676541ebbf85ec5de3d4b68d,2,6,6,199998.0
6804af10a628d87a352cd5e0,676541ebbf85ec5de3d4b68d,2,6,7,199998.0
6804af10a628d87a352cd5e0,676541ebbf85ec5de3d4b68d,2,6,6,199998.0
6804af10a628d87a352cd5e0,676541ebbf85ec5de3d4b68d,3,6,11,199998.0
6804af10a628d87a352cd5e0,676541ebbf85ec5de3d4b68d,3,6,11,199998.0
6804af10a628d87a352cd5e0,676541ebbf85ec5de3d4b68d,3,6,11,199998.0
6804af10a628d87a352cd5e0,676541ebbf85ec5de3d4b68d,3,6,12,199998.0
6804af10a628d87a352cd5e0,676541ebbf85ec5de3d4b68d,3,6,12,199998.0
6804af10a628d87a352cd5e0,676541ebbf85ec5de3d4b68d,3,6,12,199998.0
6804af10a628d87a352cd5e0,676541ebbf85ec5de3d4b68d,3,6,10,199998.0
6804af10a628d87a352cd5e0,676541ebbf85ec5de3d4b68d,3,6,11,199998.0
6804af10a628d87a352cd5e0,676541ebbf85ec5de3d4b68d,3,6,10,199998.0
6804af10a628d87a352cd5e0,676541ebbf85ec5de3d4b68d,3,6,10,199998.0
6804af10a628d87a352cd5e0,676541ebbf85ec5de3d4b68d,3,6,7,199998.0
6804af10a628d87a352cd5e0,676541ebbf85ec5de3d4b68d,3,6,10,199998.0
6804af10a628d87a352cd5e0,676541ebbf85ec5de3d4b68d,3,6,2,199998.0
6804af10a628d87a352cd5e0,676541ebbf85ec5de3d4b68d,3,6,10,199998.0
6804af10a628d87a352cd5e0,676541ebbf85ec5de3d4b68d,3,6,8,199998.0
6804af10a628d87a352cd5e0,676541ebbf85ec5de3d4b68d,3,6,2,199998.0
6804af10a628d87a352cd5e0,676541ebbf85ec5de3d4b68d,3,6,8,199998.0
6804af10a628d87a352cd5e0,676541ebbf85ec5de3d4b68d,3,6,2,199998.0
6804af10a628d87a352cd5e0,676541ebbf85ec5de3d4b68d,3,6,7,199998.0
6804af10a628d87a352cd5e0,676541ebbf85ec5de3d4b68d,3,6,7,199998.0
6804af10a628d87a352cd5e0,676541ebbf85ec5de3d4b68d,3,6,2,199998.0
6804af10a628d87a352cd5e0,676541ebbf85ec5de3d4b68d,3,6,3,199998.0
6804af10a628d87a352cd5e0,676541ebbf85ec5de3d4b68d,3,6,3,199998.0
6804af10a628d87a352cd5e0,676541ebbf85ec5de3d4b68d,3,6,1,199998.0
6804af10a628d87a352cd5e0,676541ebbf85ec5de3d4b68d,3,6,5,199998.0
6804af10a628d87a352cd5e0,676541ebbf85ec5de3d4b68d,3,6,7,199998.0
6804af10a628d87a352cd5e0,676541ebbf85ec5de3d4b68d,3,6,6,199998.0
6804af10a628d87a352cd5e0,676541ebbf85ec5de3d4b68d,3,6,4,199998.0
6804af10a628d87a352cd5e0,676541ebbf85ec5de3d4b68d,3,6,1,199998.0
6804af10a628d87a352cd5e0,676541ebbf85ec5de3d4b68d,3,6,9,199998.0
6804af10a628d87a352cd5e0,676541ebbf85ec5de3d4b68d,3,6,6,199998.0
6804af10a628d87a352cd5e0,676541ebbf85ec5de3d4b68d,3,6,4,199998.0
6804af10a628d87a352cd5e0,676541ebbf85ec5de3d4b68d,3,6,6,199998.0
6804af10a628d87a352cd5e0,676541ebbf85ec5de3d4b68d,3,6,9,199998.0
6804af10a628d87a352cd5e0,676541ebbf85ec5de3d4b68d,3,6,5,199998.0
6804af10a628d87a352cd5e0,676541ebbf85ec5de3d4b68d,3,6,1,199998.0
6804af10a628d87a352cd5e0,676541ebbf85ec5de3d4b68d,3,6,7,199998.0
6804af10a628d87a352cd5e0,676541ebbf85ec5de3d4b68d,3,6,4,199998.0
6804af10a628d87a352cd5e0,676541ebbf85ec5de3d4b68d,3,6,5,199998.0
6804af10a628d87a352cd5e0,676541ebbf85ec5de3d4b68d,3,6,9,199998.0
6804af10a628d87a352cd5e0,676541ebbf85ec5de3d4b68d,3,6,6,199998.0
6804af10a628d87a352cd5e0,676541ebbf85ec5de3d4b68d,3,6,12,199998.0
6804af10a628d87a352cd5e0,676541ebbf85ec5de3d4b68d,3,6,8,199998.0
6804af10a628d87a352cd5e0,676541ebbf85ec5de3d4b68d,3,6,1,199998.0
6804af10a628d87a352cd5e0,676541ebbf85ec5de3d4b68d,3,6,8,199998.0
6804af10a628d87a352cd5e0,676541ebbf85ec5de3d4b68d,3,6,9,199998.0
6804af10a628d87a352cd5e0,676541ebbf85ec5de3d4b68d,3,6,12,199998.0
6804af10a628d87a352cd5e0,676541ebbf85ec5de3d4b68d,3,6,5,199998.0
6804af10a628d87a352cd5e0,676541ebbf85ec5de3d4b68d,5,20,11,199998.0
6804af10a628d87a352cd5e0,676541ebbf85ec5de3d4b68d,5,20,11,199998.0
6804af10a628d87a352cd5e0,676541ebbf85ec5de3d4b68d,5,20,11,199998.0
6804af10a628d87a352cd5e0,676541ebbf85ec5de3d4b68d,5,20,12,199998.0
6804af10a628d87a352cd5e0,676541ebbf85ec5de3d4b68d,5,20,12,199998.0
6804af10a628d87a352cd5e0,676541ebbf85ec5de3d4b68d,5,20,12,199998.0
6804af10a628d87a352cd5e0,676541ebbf85ec5de3d4b68d,5,20,10,199998.0
6804af10a628d87a352cd5e0,676541ebbf85ec5de3d4b68d,5,20,11,199998.0
6804af10a628d87a352cd5e0,676541ebbf85ec5de3d4b68d,5,20,10,199998.0
6804af10a628d87a352cd5e0,676541ebbf85ec5de3d4b68d,5,20,10,199998.0
6804af10a628d87a352cd5e0,676541ebbf85ec5de3d4b68d,5,20,10,199998.0
6804af10a628d87a352cd5e0,676541ebbf85ec5de3d4b68d,5,20,10,199998.0
6804af10a628d87a352cd5e0,676541ebbf85ec5de3d4b68d,5,20,2,199998.0
6804af10a628d87a352cd5e0,676541ebbf85ec5de3d4b68d,5,20,2,199998.0
6804af10a628d87a352cd5e0,676541ebbf85ec5de3d4b68d,5,20,2,199998.0
6804af10a628d87a352cd5e0,676541ebbf85ec5de3d4b68d,5,20,3,199998.0
6804af10a628d87a352cd5e0,676541ebbf85ec5de3d4b68d,5,20,3,199998.0
6804af10a628d87a352cd5e0,676541ebbf85ec5de3d4b68d,5,20,2,199998.0
6804af10a628d87a352cd5e0,676541ebbf85ec5de3d4b68d,5,20,1,199998.0
6804af10a628d87a352cd5e0,676541ebbf85ec5de3d4b68d,5,20,1,199998.0
6804af10a628d87a352cd5e0,676541ebbf85ec5de3d4b68d,5,20,1,199998.0
6804af10a628d87a352cd5e0,676541ebbf85ec5de3d4b68d,5,20,1,199998.0
6804af10a628d87a352cd5e0,676541ebbf85ec5de3d4b68d,5,20,1,199998.0
6804af10a628d87a352cd5e0,676541ebbf85ec5de3d4b68d,5,20,12,199998.0
6804af10a628d87a352cd5e0,676541ebbf85ec5de3d4b68d,5,20,8,199998.0
6804af10a628d87a352cd5e0,676541ebbf85ec5de3d4b68d,5,20,8,199998.0
6804af10a628d87a352cd5e0,676541ebbf85ec5de3d4b68d,5,20,8,199998.0
6804af10a628d87a352cd5e0,676541ebbf85ec5de3d4b68d,5,20,7,199998.0
6804af10a628d87a352cd5e0,676541ebbf85ec5de3d4b68d,5,20,7,199998.0
6804af10a628d87a352cd5e0,676541ebbf85ec5de3d4b68d,5,20,7,199998.0
6804af10a628d87a352cd5e0,676541ebbf85ec5de3d4b68d,5,20,9,199998.0
6804af10a628d87a352cd5e0,676541ebbf85ec5de3d4b68d,5,20,9,199998.0
6804af10a628d87a352cd5e0,676541ebbf85ec5de3d4b68d,5,20,9,199998.0
6804af10a628d87a352cd5e0,676541ebbf85ec5de3d4b68d,5,20,8,199998.0
6804af10a628d87a352cd5e0,676541ebbf85ec5de3d4b68d,5,20,9,199998.0
6804af10a628d87a352cd5e0,676541ebbf85ec5de3d4b68d,5,20,8,199998.0
6804af10a628d87a352cd5e0,676541ebbf85ec5de3d4b68d,5,20,6,199998.0
6804af10a628d87a352cd5e0,676541ebbf85ec5de3d4b68d,5,20,6,199998.0
6804af10a628d87a352cd5e0,676541ebbf85ec5de3d4b68d,5,20,5,199998.0
6804af10a628d87a352cd5e0,676541ebbf85ec5de3d4b68d,5,20,6,199998.0
6804af10a628d87a352cd5e0,676541ebbf85ec5de3d4b68d,5,20,7,199998.0
6804af10a628d87a352cd5e0,676541ebbf85ec5de3d4b68d,5,20,6,199998.0
6804af10a628d87a352cd5e0,676541ebbf85ec5de3d4b68d,5,20,4,199998.0
6804af10a628d87a352cd5e0,676541ebbf85ec5de3d4b68d,5,20,5,199998.0
6804af10a628d87a352cd5e0,676541ebbf85ec5de3d4b68d,5,20,4,199998.0
6804af10a628d87a352cd5e0,676541ebbf85ec5de3d4b68d,5,20,5,199998.0
6804af10a628d87a352cd5e0,676541ebbf85ec5de3d4b68d,5,20,5,199998.0
6804af10a628d87a352cd5e0,676541ebbf85ec5de3d4b68d,5,20,5,199998.0
6804af10a628d87a352cd5e0,676541ebbf85ec5de3d4b68d,6,6,11,199998.0
6804af10a628d87a352cd5e0,676541ebbf85ec5de3d4b68d,6,6,11,199998.0
6804af10a628d87a352cd5e0,676541ebbf85ec5de3d4b68d,6,6,11,199998.0
6804af10a628d87a352cd5e0,676541ebbf85ec5de3d4b68d,6,6,12,199998.0
6804af10a628d87a352cd5e0,676541ebbf85ec5de3d4b68d,6,6,12,199998.0
6804af10a628d87a352cd5e0,676541ebbf85ec5de3d4b68d,6,6,12,199998.0
6804af10a628d87a352cd5e0,676541ebbf85ec5de3d4b68d,6,6,10,199998.0
6804af10a628d87a352cd5e0,676541ebbf85ec5de3d4b68d,6,6,11,199998.0
6804af10a628d87a352cd5e0,676541ebbf85ec5de3d4b68d,6,6,11,199998.0
6804af10a628d87a352cd5e0,676541ebbf85ec5de3d4b68d,6,6,8,199998.0
6804af10a628d87a352cd5e0,676541ebbf85ec5de3d4b68d,6,6,10,199998.0
6804af10a628d87a352cd5e0,676541ebbf85ec5de3d4b68d,6,6,10,199998.0
6804af10a628d87a352cd5e0,676541ebbf85ec5de3d4b68d,6,6,8,199998.0
6804af10a628d87a352cd5e0,676541ebbf85ec5de3d4b68d,6,6,10,199998.0
6804af10a628d87a352cd5e0,676541ebbf85ec5de3d4b68d,6,6,8,199998.0
6804af10a628d87a352cd5e0,676541ebbf85ec5de3d4b68d,6,6,7,199998.0
6804af10a628d87a352cd5e0,676541ebbf85ec5de3d4b68d,6,6,7,199998.0
6804af10a628d87a352cd5e0,676541ebbf85ec5de3d4b68d,6,6,2,199998.0
6804af10a628d87a352cd5e0,676541ebbf85ec5de3d4b68d,6,6,7,199998.0
6804af10a628d87a352cd5e0,676541ebbf85ec5de3d4b68d,6,6,2,199998.0
6804af10a628d87a352cd5e0,676541ebbf85ec5de3d4b68d,6,6,9,199998.0
6804af10a628d87a352cd5e0,676541ebbf85ec5de3d4b68d,6,6,2,199998.0
6804af10a628d87a352cd5e0,676541ebbf85ec5de3d4b68d,6,6,9,199998.0
6804af10a628d87a352cd5e0,676541ebbf85ec5de3d4b68d,6,6,3,199998.0
6804af10a628d87a352cd5e0,676541ebbf85ec5de3d4b68d,6,6,9,199998.0
6804af10a628d87a352cd5e0,676541ebbf85ec5de3d4b68d,6,6,3,199998.0
6804af10a628d87a352cd5e0,676541ebbf85ec5de3d4b68d,6,6,2,199998.0
6804af10a628d87a352cd5e0,676541ebbf85ec5de3d4b68d,6,6,8,199998.0
6804af10a628d87a352cd5e0,676541ebbf85ec5de3d4b68d,6,6,9,199998.0
6804af10a628d87a352cd5e0,676541ebbf85ec5de3d4b68d,6,6,8,199998.0
6804af10a628d87a352cd5e0,676541ebbf85ec5de3d4b68d,6,6,1,199998.0
6804af10a628d87a352cd5e0,676541ebbf85ec5de3d4b68d,6,6,1,199998.0
6804af10a628d87a352cd5e0,676541ebbf85ec5de3d4b68d,6,6,12,199998.0
6804af10a628d87a352cd5e0,676541ebbf85ec5de3d4b68d,6,6,1,199998.0
6804af10a628d87a352cd5e0,676541ebbf85ec5de3d4b68d,6,6,6,199998.0
6804af10a628d87a352cd5e0,676541ebbf85ec5de3d4b68d,6,6,4,199998.0
6804af10a628d87a352cd5e0,676541ebbf85ec5de3d4b68d,6,6,1,199998.0
6804af10a628d87a352cd5e0,676541ebbf85ec5de3d4b68d,6,6,5,199998.0
6804af10a628d87a352cd5e0,676541ebbf85ec5de3d4b68d,6,6,7,199998.0
6804af10a628d87a352cd5e0,676541ebbf85ec5de3d4b68d,6,6,4,199998.0
6804af10a628d87a352cd5e0,676541ebbf85ec5de3d4b68d,6,6,6,199998.0
6804af10a628d87a352cd5e0,676541ebbf85ec5de3d4b68d,6,6,6,199998.0
6804af10a628d87a352cd5e0,676541ebbf85ec5de3d4b68d,6,6,1,199998.0
6804af10a628d87a352cd5e0,676541ebbf85ec5de3d4b68d,6,6,5,199998.0
6804af10a628d87a352cd5e0,676541ebbf85ec5de3d4b68d,6,6,5,199998.0
6804af10a628d87a352cd5e0,676541ebbf85ec5de3d4b68d,6,6,5,199998.0
6804af10a628d87a352cd5e0,676541ebbf85ec5de3d4b68d,6,6,6,199998.0
6804af10a628d87a352cd5e0,676541ebbf85ec5de3d4b68d,6,6,5,199998.0
6804ad43a628d87a352cd5d9,676541cdbf85ec5de3d4b68c,1,18,11,100000.0
6804ad43a628d87a352cd5d9,676541cdbf85ec5de3d4b68c,1,18,11,100000.0
6804ad43a628d87a352cd5d9,676541cdbf85ec5de3d4b68c,1,18,11,100000.0
6804ad43a628d87a352cd5d9,676541cdbf85ec5de3d4b68c,1,18,12,100000.0
6804ad43a628d87a352cd5d9,676541cdbf85ec5de3d4b68c,1,18,12,100000.0
6804ad43a628d87a352cd5d9,676541cdbf85ec5de3d4b68c,1,18,12,100000.0
6804ad43a628d87a352cd5d9,676541cdbf85ec5de3d4b68c,1,18,10,100000.0
6804ad43a628d87a352cd5d9,676541cdbf85ec5de3d4b68c,1,18,11,100000.0
6804ad43a628d87a352cd5d9,676541cdbf85ec5de3d4b68c,1,18,10,100000.0
6804ad43a628d87a352cd5d9,676541cdbf85ec5de3d4b68c,1,18,10,100000.0
6804ad43a628d87a352cd5d9,676541cdbf85ec5de3d4b68c,1,18,10,100000.0
6804ad43a628d87a352cd5d9,676541cdbf85ec5de3d4b68c,1,18,9,100000.0
6804ad43a628d87a352cd5d9,676541cdbf85ec5de3d4b68c,1,18,7,100000.0
6804ad43a628d87a352cd5d9,676541cdbf85ec5de3d4b68c,1,18,2,100000.0
6804ad43a628d87a352cd5d9,676541cdbf85ec5de3d4b68c,1,18,8,100000.0
6804ad43a628d87a352cd5d9,676541cdbf85ec5de3d4b68c,1,18,2,100000.0
6804ad43a628d87a352cd5d9,676541cdbf85ec5de3d4b68c,1,18,8,100000.0
6804ad43a628d87a352cd5d9,676541cdbf85ec5de3d4b68c,1,18,2,100000.0
6804ad43a628d87a352cd5d9,676541cdbf85ec5de3d4b68c,1,18,7,100000.0
6804ad43a628d87a352cd5d9,676541cdbf85ec5de3d4b68c,1,18,3,100000.0
6804ad43a628d87a352cd5d9,676541cdbf85ec5de3d4b68c,1,18,7,100000.0
6804ad43a628d87a352cd5d9,676541cdbf85ec5de3d4b68c,1,18,7,100000.0
6804ad43a628d87a352cd5d9,676541cdbf85ec5de3d4b68c,1,18,3,100000.0
6804ad43a628d87a352cd5d9,676541cdbf85ec5de3d4b68c,1,18,2,100000.0
6804ad43a628d87a352cd5d9,676541cdbf85ec5de3d4b68c,1,18,1,100000.0
6804ad43a628d87a352cd5d9,676541cdbf85ec5de3d4b68c,1,18,9,100000.0
6804ad43a628d87a352cd5d9,676541cdbf85ec5de3d4b68c,1,18,1,100000.0
6804ad43a628d87a352cd5d9,676541cdbf85ec5de3d4b68c,1,18,9,100000.0
6804ad43a628d87a352cd5d9,676541cdbf85ec5de3d4b68c,1,18,8,100000.0
6804ad43a628d87a352cd5d9,676541cdbf85ec5de3d4b68c,1,18,1,100000.0
6804ad43a628d87a352cd5d9,676541cdbf85ec5de3d4b68c,1,18,9,100000.0
6804ad43a628d87a352cd5d9,676541cdbf85ec5de3d4b68c,1,18,9,100000.0
6804ad43a628d87a352cd5d9,676541cdbf85ec5de3d4b68c,1,18,8,100000.0
6804ad43a628d87a352cd5d9,676541cdbf85ec5de3d4b68c,1,18,4,100000.0
6804ad43a628d87a352cd5d9,676541cdbf85ec5de3d4b68c,1,18,12,100000.0
6804ad43a628d87a352cd5d9,676541cdbf85ec5de3d4b68c,1,18,4,100000.0
6804ad43a628d87a352cd5d9,676541cdbf85ec5de3d4b68c,1,18,5,100000.0
6804ad43a628d87a352cd5d9,676541cdbf85ec5de3d4b68c,1,18,4,100000.0
6804ad43a628d87a352cd5d9,676541cdbf85ec5de3d4b68c,1,18,1,100000.0
6804ad43a628d87a352cd5d9,676541cdbf85ec5de3d4b68c,1,18,5,100000.0
6804ad43a628d87a352cd5d9,676541cdbf85ec5de3d4b68c,1,18,5,100000.0
6804ad43a628d87a352cd5d9,676541cdbf85ec5de3d4b68c,1,18,12,100000.0
6804ad43a628d87a352cd5d9,676541cdbf85ec5de3d4b68c,1,18,6,100000.0
6804ad43a628d87a352cd5d9,676541cdbf85ec5de3d4b68c,1,18,6,100000.0
6804ad43a628d87a352cd5d9,676541cdbf85ec5de3d4b68c,1,18,5,100000.0
6804ad43a628d87a352cd5d9,676541cdbf85ec5de3d4b68c,1,18,6,100000.0
6804ad43a628d87a352cd5d9,676541cdbf85ec5de3d4b68c,1,18,6,100000.0
6804ad43a628d87a352cd5d9,676541cdbf85ec5de3d4b68c,1,18,6,100000.0
6804ad43a628d87a352cd5d9,676541cdbf85ec5de3d4b68c,6,7,11,149999.0
6804ad43a628d87a352cd5d9,676541cdbf85ec5de3d4b68c,6,7,11,149999.0
6804ad43a628d87a352cd5d9,676541cdbf85ec5de3d4b68c,6,7,11,149999.0
6804ad43a628d87a352cd5d9,676541cdbf85ec5de3d4b68c,6,7,12,149999.0
6804ad43a628d87a352cd5d9,676541cdbf85ec5de3d4b68c,6,7,12,149999.0
6804ad43a628d87a352cd5d9,676541cdbf85ec5de3d4b68c,6,7,12,149999.0
6804ad43a628d87a352cd5d9,676541cdbf85ec5de3d4b68c,6,7,10,149999.0
6804ad43a628d87a352cd5d9,676541cdbf85ec5de3d4b68c,6,7,11,149999.0
6804ad43a628d87a352cd5d9,676541cdbf85ec5de3d4b68c,6,7,11,149999.0
6804ad43a628d87a352cd5d9,676541cdbf85ec5de3d4b68c,6,7,10,149999.0
6804ad43a628d87a352cd5d9,676541cdbf85ec5de3d4b68c,6,7,10,149999.0
6804ad43a628d87a352cd5d9,676541cdbf85ec5de3d4b68c,6,7,10,149999.0
6804ad43a628d87a352cd5d9,676541cdbf85ec5de3d4b68c,6,7,8,149999.0
6804ad43a628d87a352cd5d9,676541cdbf85ec5de3d4b68c,6,7,8,149999.0
6804ad43a628d87a352cd5d9,676541cdbf85ec5de3d4b68c,6,7,6,149999.0
6804ad43a628d87a352cd5d9,676541cdbf85ec5de3d4b68c,6,7,8,149999.0
6804ad43a628d87a352cd5d9,676541cdbf85ec5de3d4b68c,6,7,2,149999.0
6804ad43a628d87a352cd5d9,676541cdbf85ec5de3d4b68c,6,7,6,149999.0
6804ad43a628d87a352cd5d9,676541cdbf85ec5de3d4b68c,6,7,7,149999.0
6804ad43a628d87a352cd5d9,676541cdbf85ec5de3d4b68c,6,7,5,149999.0
6804ad43a628d87a352cd5d9,676541cdbf85ec5de3d4b68c,6,7,7,149999.0
6804ad43a628d87a352cd5d9,676541cdbf85ec5de3d4b68c,6,7,6,149999.0
6804ad43a628d87a352cd5d9,676541cdbf85ec5de3d4b68c,6,7,7,149999.0
6804ad43a628d87a352cd5d9,676541cdbf85ec5de3d4b68c,6,7,7,149999.0
6804ad43a628d87a352cd5d9,676541cdbf85ec5de3d4b68c,6,7,9,149999.0
6804ad43a628d87a352cd5d9,676541cdbf85ec5de3d4b68c,6,7,2,149999.0
6804ad43a628d87a352cd5d9,676541cdbf85ec5de3d4b68c,6,7,6,149999.0
6804ad43a628d87a352cd5d9,676541cdbf85ec5de3d4b68c,6,7,9,149999.0
6804ad43a628d87a352cd5d9,676541cdbf85ec5de3d4b68c,6,7,5,149999.0
6804ad43a628d87a352cd5d9,676541cdbf85ec5de3d4b68c,6,7,2,149999.0
6804ad43a628d87a352cd5d9,676541cdbf85ec5de3d4b68c,6,7,9,149999.0
6804ad43a628d87a352cd5d9,676541cdbf85ec5de3d4b68c,6,7,1,149999.0
6804ad43a628d87a352cd5d9,676541cdbf85ec5de3d4b68c,6,7,3,149999.0
6804ad43a628d87a352cd5d9,676541cdbf85ec5de3d4b68c,6,7,5,149999.0
6804ad43a628d87a352cd5d9,676541cdbf85ec5de3d4b68c,6,7,1,149999.0
6804ad43a628d87a352cd5d9,676541cdbf85ec5de3d4b68c,6,7,2,149999.0
6804ad43a628d87a352cd5d9,676541cdbf85ec5de3d4b68c,6,7,8,149999.0
6804ad43a628d87a352cd5d9,676541cdbf85ec5de3d4b68c,6,7,3,149999.0
6804ad43a628d87a352cd5d9,676541cdbf85ec5de3d4b68c,6,7,5,149999.0
6804ad43a628d87a352cd5d9,676541cdbf85ec5de3d4b68c,6,7,12,149999.0
6804ad43a628d87a352cd5d9,676541cdbf85ec5de3d4b68c,6,7,1,149999.0
6804ad43a628d87a352cd5d9,676541cdbf85ec5de3d4b68c,6,7,4,149999.0
6804ad43a628d87a352cd5d9,676541cdbf85ec5de3d4b68c,6,7,1,149999.0
6804ad43a628d87a352cd5d9,676541cdbf85ec5de3d4b68c,6,7,5,149999.0
6804ad43a628d87a352cd5d9,676541cdbf85ec5de3d4b68c,6,7,1,149999.0
6804ad43a628d87a352cd5d9,676541cdbf85ec5de3d4b68c,6,7,8,149999.0
6804ad43a628d87a352cd5d9,676541cdbf85ec5de3d4b68c,6,7,4,149999.0
6804ad43a628d87a352cd5d9,676541cdbf85ec5de3d4b68c,6,7,9,149999.0
6804ad43a628d87a352cd5d9,676541cdbf85ec5de3d4b68c,7,7,11,149999.0
6804ad43a628d87a352cd5d9,676541cdbf85ec5de3d4b68c,7,7,11,149999.0
6804ad43a628d87a352cd5d9,676541cdbf85ec5de3d4b68c,7,7,8,149999.0
6804ad43a628d87a352cd5d9,676541cdbf85ec5de3d4b68c,7,7,11,149999.0
6804ad43a628d87a352cd5d9,676541cdbf85ec5de3d4b68c,7,7,12,149999.0
6804ad43a628d87a352cd5d9,676541cdbf85ec5de3d4b68c,7,7,8,149999.0
6804ad43a628d87a352cd5d9,676541cdbf85ec5de3d4b68c,7,7,12,149999.0
6804ad43a628d87a352cd5d9,676541cdbf85ec5de3d4b68c,7,7,12,149999.0
6804ad43a628d87a352cd5d9,676541cdbf85ec5de3d4b68c,7,7,8,149999.0
6804ad43a628d87a352cd5d9,676541cdbf85ec5de3d4b68c,7,7,10,149999.0
6804ad43a628d87a352cd5d9,676541cdbf85ec5de3d4b68c,7,7,7,149999.0
6804ad43a628d87a352cd5d9,676541cdbf85ec5de3d4b68c,7,7,11,149999.0
6804ad43a628d87a352cd5d9,676541cdbf85ec5de3d4b68c,7,7,11,149999.0
6804ad43a628d87a352cd5d9,676541cdbf85ec5de3d4b68c,7,7,7,149999.0
6804ad43a628d87a352cd5d9,676541cdbf85ec5de3d4b68c,7,7,10,149999.0
6804ad43a628d87a352cd5d9,676541cdbf85ec5de3d4b68c,7,7,7,149999.0
6804ad43a628d87a352cd5d9,676541cdbf85ec5de3d4b68c,7,7,10,149999.0
6804ad43a628d87a352cd5d9,676541cdbf85ec5de3d4b68c,7,7,10,149999.0
6804ad43a628d87a352cd5d9,676541cdbf85ec5de3d4b68c,7,7,9,149999.0
6804ad43a628d87a352cd5d9,676541cdbf85ec5de3d4b68c,7,7,9,149999.0
6804ad43a628d87a352cd5d9,676541cdbf85ec5de3d4b68c,7,7,9,149999.0
6804ad43a628d87a352cd5d9,676541cdbf85ec5de3d4b68c,7,7,8,149999.0
6804ad43a628d87a352cd5d9,676541cdbf85ec5de3d4b68c,7,7,2,149999.0
6804ad43a628d87a352cd5d9,676541cdbf85ec5de3d4b68c,7,7,9,149999.0
6804ad43a628d87a352cd5d9,676541cdbf85ec5de3d4b68c,7,7,2,149999.0
6804ad43a628d87a352cd5d9,676541cdbf85ec5de3d4b68c,7,7,8,149999.0
6804ad43a628d87a352cd5d9,676541cdbf85ec5de3d4b68c,7,7,2,149999.0
6804ad43a628d87a352cd5d9,676541cdbf85ec5de3d4b68c,7,7,3,149999.0
6804ad43a628d87a352cd5d9,676541cdbf85ec5de3d4b68c,7,7,1,149999.0
6804ad43a628d87a352cd5d9,676541cdbf85ec5de3d4b68c,7,7,3,149999.0
6804ad43a628d87a352cd5d9,676541cdbf85ec5de3d4b68c,7,7,2,149999.0
6804ad43a628d87a352cd5d9,676541cdbf85ec5de3d4b68c,7,7,3,149999.0
6804ad43a628d87a352cd5d9,676541cdbf85ec5de3d4b68c,7,7,1,149999.0
6804ad43a628d87a352cd5d9,676541cdbf85ec5de3d4b68c,7,7,1,149999.0
6804ad43a628d87a352cd5d9,676541cdbf85ec5de3d4b68c,7,7,1,149999.0
6804ad43a628d87a352cd5d9,676541cdbf85ec5de3d4b68c,7,7,6,149999.0
6804ad43a628d87a352cd5d9,676541cdbf85ec5de3d4b68c,7,7,6,149999.0
6804ad43a628d87a352cd5d9,676541cdbf85ec5de3d4b68c,7,7,6,149999.0
6804ad43a628d87a352cd5d9,676541cdbf85ec5de3d4b68c,7,7,12,149999.0
6804ad43a628d87a352cd5d9,676541cdbf85ec5de3d4b68c,7,7,5,149999.0
6804ad43a628d87a352cd5d9,676541cdbf85ec5de3d4b68c,7,7,6,149999.0
6804ad43a628d87a352cd5d9,676541cdbf85ec5de3d4b68c,7,7,4,149999.0
6804ad43a628d87a352cd5d9,676541cdbf85ec5de3d4b68c,7,7,7,149999.0
6804ad43a628d87a352cd5d9,676541cdbf85ec5de3d4b68c,7,7,5,149999.0
6804ad43a628d87a352cd5d9,676541cdbf85ec5de3d4b68c,7,7,6,149999.0
6804ad43a628d87a352cd5d9,676541cdbf85ec5de3d4b68c,7,7,5,149999.0
6804ad43a628d87a352cd5d9,676541cdbf85ec5de3d4b68c,7,7,5,149999.0
6804ad43a628d87a352cd5d9,676541cdbf85ec5de3d4b68c,7,7,4,149999.0
6804ad43a628d87a352cd5d9,676541cdbf85ec5de3d4b68c,5,21,11,100000.0
6804ad43a628d87a352cd5d9,676541cdbf85ec5de3d4b68c,5,21,11,100000.0
6804ad43a628d87a352cd5d9,676541cdbf85ec5de3d4b68c,5,21,11,100000.0
6804ad43a628d87a352cd5d9,676541cdbf85ec5de3d4b68c,5,21,12,100000.0
6804ad43a628d87a352cd5d9,676541cdbf85ec5de3d4b68c,5,21,12,100000.0
6804ad43a628d87a352cd5d9,676541cdbf85ec5de3d4b68c,5,21,12,100000.0
6804ad43a628d87a352cd5d9,676541cdbf85ec5de3d4b68c,5,21,10,100000.0
6804ad43a628d87a352cd5d9,676541cdbf85ec5de3d4b68c,5,21,11,100000.0
6804ad43a628d87a352cd5d9,676541cdbf85ec5de3d4b68c,5,21,10,100000.0
6804ad43a628d87a352cd5d9,676541cdbf85ec5de3d4b68c,5,21,10,100000.0
6804ad43a628d87a352cd5d9,676541cdbf85ec5de3d4b68c,5,21,10,100000.0
6804ad43a628d87a352cd5d9,676541cdbf85ec5de3d4b68c,5,21,10,100000.0
6804ad43a628d87a352cd5d9,676541cdbf85ec5de3d4b68c,5,21,8,100000.0
6804ad43a628d87a352cd5d9,676541cdbf85ec5de3d4b68c,5,21,8,100000.0
6804ad43a628d87a352cd5d9,676541cdbf85ec5de3d4b68c,5,21,2,100000.0
6804ad43a628d87a352cd5d9,676541cdbf85ec5de3d4b68c,5,21,8,100000.0
6804ad43a628d87a352cd5d9,676541cdbf85ec5de3d4b68c,5,21,2,100000.0
6804ad43a628d87a352cd5d9,676541cdbf85ec5de3d4b68c,5,21,2,100000.0
6804ad43a628d87a352cd5d9,676541cdbf85ec5de3d4b68c,5,21,7,100000.0
6804ad43a628d87a352cd5d9,676541cdbf85ec5de3d4b68c,5,21,3,100000.0
6804ad43a628d87a352cd5d9,676541cdbf85ec5de3d4b68c,5,21,7,100000.0
6804ad43a628d87a352cd5d9,676541cdbf85ec5de3d4b68c,5,21,7,100000.0
6804ad43a628d87a352cd5d9,676541cdbf85ec5de3d4b68c,5,21,9,100000.0
6804ad43a628d87a352cd5d9,676541cdbf85ec5de3d4b68c,5,21,9,100000.0
6804ad43a628d87a352cd5d9,676541cdbf85ec5de3d4b68c,5,21,9,100000.0
6804ad43a628d87a352cd5d9,676541cdbf85ec5de3d4b68c,5,21,8,100000.0
6804ad43a628d87a352cd5d9,676541cdbf85ec5de3d4b68c,5,21,9,100000.0
6804ad43a628d87a352cd5d9,676541cdbf85ec5de3d4b68c,5,21,8,100000.0
6804ad43a628d87a352cd5d9,676541cdbf85ec5de3d4b68c,5,21,6,100000.0
6804ad43a628d87a352cd5d9,676541cdbf85ec5de3d4b68c,5,21,6,100000.0
6804ad43a628d87a352cd5d9,676541cdbf85ec5de3d4b68c,5,21,5,100000.0
6804ad43a628d87a352cd5d9,676541cdbf85ec5de3d4b68c,5,21,2,100000.0
6804ad43a628d87a352cd5d9,676541cdbf85ec5de3d4b68c,5,21,3,100000.0
6804ad43a628d87a352cd5d9,676541cdbf85ec5de3d4b68c,5,21,6,100000.0
6804ad43a628d87a352cd5d9,676541cdbf85ec5de3d4b68c,5,21,6,100000.0
6804ad43a628d87a352cd5d9,676541cdbf85ec5de3d4b68c,5,21,5,100000.0
6804ad43a628d87a352cd5d9,676541cdbf85ec5de3d4b68c,5,21,1,100000.0
6804ad43a628d87a352cd5d9,676541cdbf85ec5de3d4b68c,5,21,7,100000.0
6804ad43a628d87a352cd5d9,676541cdbf85ec5de3d4b68c,5,21,5,100000.0
6804ad43a628d87a352cd5d9,676541cdbf85ec5de3d4b68c,5,21,4,100000.0
6804ad43a628d87a352cd5d9,676541cdbf85ec5de3d4b68c,5,21,12,100000.0
6804ad43a628d87a352cd5d9,676541cdbf85ec5de3d4b68c,5,21,1,100000.0
6804ad43a628d87a352cd5d9,676541cdbf85ec5de3d4b68c,5,21,1,100000.0
6804ad43a628d87a352cd5d9,676541cdbf85ec5de3d4b68c,5,21,5,100000.0
6804ad43a628d87a352cd5d9,676541cdbf85ec5de3d4b68c,5,21,5,100000.0
6804ad43a628d87a352cd5d9,676541cdbf85ec5de3d4b68c,5,21,1,100000.0
6804ad43a628d87a352cd5d9,676541cdbf85ec5de3d4b68c,5,21,1,100000.0
6804ad43a628d87a352cd5d9,676541cdbf85ec5de3d4b68c,5,21,4,100000.0
6804ad95a628d87a352cd5da,676541cdbf85ec5de3d4b68c,2,19,11,200000.0
6804ad95a628d87a352cd5da,676541cdbf85ec5de3d4b68c,2,19,11,200000.0
6804ad95a628d87a352cd5da,676541cdbf85ec5de3d4b68c,2,19,11,200000.0
6804ad95a628d87a352cd5da,676541cdbf85ec5de3d4b68c,2,19,12,200000.0
6804ad95a628d87a352cd5da,676541cdbf85ec5de3d4b68c,2,19,12,200000.0
6804ad95a628d87a352cd5da,676541cdbf85ec5de3d4b68c,2,19,12,200000.0
6804ad95a628d87a352cd5da,676541cdbf85ec5de3d4b68c,2,19,10,200000.0
6804ad95a628d87a352cd5da,676541cdbf85ec5de3d4b68c,2,19,11,200000.0
6804ad95a628d87a352cd5da,676541cdbf85ec5de3d4b68c,2,19,10,200000.0
6804ad95a628d87a352cd5da,676541cdbf85ec5de3d4b68c,2,19,10,200000.0
6804ad95a628d87a352cd5da,676541cdbf85ec5de3d4b68c,2,19,10,200000.0
6804ad95a628d87a352cd5da,676541cdbf85ec5de3d4b68c,2,19,9,200000.0
6804ad95a628d87a352cd5da,676541cdbf85ec5de3d4b68c,2,19,2,200000.0
6804ad95a628d87a352cd5da,676541cdbf85ec5de3d4b68c,2,19,2,200000.0
6804ad95a628d87a352cd5da,676541cdbf85ec5de3d4b68c,2,19,2,200000.0
6804ad95a628d87a352cd5da,676541cdbf85ec5de3d4b68c,2,19,7,200000.0
6804ad95a628d87a352cd5da,676541cdbf85ec5de3d4b68c,2,19,3,200000.0
6804ad95a628d87a352cd5da,676541cdbf85ec5de3d4b68c,2,19,3,200000.0
6804ad95a628d87a352cd5da,676541cdbf85ec5de3d4b68c,2,19,2,200000.0
6804ad95a628d87a352cd5da,676541cdbf85ec5de3d4b68c,2,19,8,200000.0
6804ad95a628d87a352cd5da,676541cdbf85ec5de3d4b68c,2,19,8,200000.0
6804ad95a628d87a352cd5da,676541cdbf85ec5de3d4b68c,2,19,1,200000.0
6804ad95a628d87a352cd5da,676541cdbf85ec5de3d4b68c,2,19,1,200000.0
6804ad95a628d87a352cd5da,676541cdbf85ec5de3d4b68c,2,19,7,200000.0
6804ad95a628d87a352cd5da,676541cdbf85ec5de3d4b68c,2,19,1,200000.0
6804ad95a628d87a352cd5da,676541cdbf85ec5de3d4b68c,2,19,7,200000.0
6804ad95a628d87a352cd5da,676541cdbf85ec5de3d4b68c,2,19,7,200000.0
6804ad95a628d87a352cd5da,676541cdbf85ec5de3d4b68c,2,19,9,200000.0
6804ad95a628d87a352cd5da,676541cdbf85ec5de3d4b68c,2,19,6,200000.0
6804ad95a628d87a352cd5da,676541cdbf85ec5de3d4b68c,2,19,9,200000.0
6804ad95a628d87a352cd5da,676541cdbf85ec5de3d4b68c,2,19,6,200000.0
6804ad95a628d87a352cd5da,676541cdbf85ec5de3d4b68c,2,19,9,200000.0
6804ad95a628d87a352cd5da,676541cdbf85ec5de3d4b68c,2,19,12,200000.0
6804ad95a628d87a352cd5da,676541cdbf85ec5de3d4b68c,2,19,5,200000.0
6804ad95a628d87a352cd5da,676541cdbf85ec5de3d4b68c,2,19,1,200000.0
6804ad95a628d87a352cd5da,676541cdbf85ec5de3d4b68c,2,19,12,200000.0
6804ad95a628d87a352cd5da,676541cdbf85ec5de3d4b68c,2,19,6,200000.0
6804ad95a628d87a352cd5da,676541cdbf85ec5de3d4b68c,2,19,7,200000.0
6804ad95a628d87a352cd5da,676541cdbf85ec5de3d4b68c,2,19,5,200000.0
6804ad95a628d87a352cd5da,676541cdbf85ec5de3d4b68c,2,19,6,200000.0
6804ad95a628d87a352cd5da,676541cdbf85ec5de3d4b68c,2,19,5,200000.0
6804ad95a628d87a352cd5da,676541cdbf85ec5de3d4b68c,2,19,9,200000.0
6804ad95a628d87a352cd5da,676541cdbf85ec5de3d4b68c,2,19,4,200000.0
6804ad95a628d87a352cd5da,676541cdbf85ec5de3d4b68c,2,19,4,200000.0
6804ad95a628d87a352cd5da,676541cdbf85ec5de3d4b68c,2,19,4,200000.0
6804ad95a628d87a352cd5da,676541cdbf85ec5de3d4b68c,2,19,8,200000.0
6804ad95a628d87a352cd5da,676541cdbf85ec5de3d4b68c,2,19,8,200000.0
6804ad95a628d87a352cd5da,676541cdbf85ec5de3d4b68c,2,19,5,200000.0
6804ad95a628d87a352cd5da,676541cdbf85ec5de3d4b68c,3,20,11,200000.0
6804ad95a628d87a352cd5da,676541cdbf85ec5de3d4b68c,3,20,11,200000.0
6804ad95a628d87a352cd5da,676541cdbf85ec5de3d4b68c,3,20,11,200000.0
6804ad95a628d87a352cd5da,676541cdbf85ec5de3d4b68c,3,20,12,200000.0
6804ad95a628d87a352cd5da,676541cdbf85ec5de3d4b68c,3,20,12,200000.0
6804ad95a628d87a352cd5da,676541cdbf85ec5de3d4b68c,3,20,12,200000.0
6804ad95a628d87a352cd5da,676541cdbf85ec5de3d4b68c,3,20,10,200000.0
6804ad95a628d87a352cd5da,676541cdbf85ec5de3d4b68c,3,20,11,200000.0
6804ad95a628d87a352cd5da,676541cdbf85ec5de3d4b68c,3,20,10,200000.0
6804ad95a628d87a352cd5da,676541cdbf85ec5de3d4b68c,3,20,10,200000.0
6804ad95a628d87a352cd5da,676541cdbf85ec5de3d4b68c,3,20,10,200000.0
6804ad95a628d87a352cd5da,676541cdbf85ec5de3d4b68c,3,20,10,200000.0
6804ad95a628d87a352cd5da,676541cdbf85ec5de3d4b68c,3,20,2,200000.0
6804ad95a628d87a352cd5da,676541cdbf85ec5de3d4b68c,3,20,2,200000.0
6804ad95a628d87a352cd5da,676541cdbf85ec5de3d4b68c,3,20,2,200000.0
6804ad95a628d87a352cd5da,676541cdbf85ec5de3d4b68c,3,20,3,200000.0
6804ad95a628d87a352cd5da,676541cdbf85ec5de3d4b68c,3,20,3,200000.0
6804ad95a628d87a352cd5da,676541cdbf85ec5de3d4b68c,3,20,2,200000.0
6804ad95a628d87a352cd5da,676541cdbf85ec5de3d4b68c,3,20,1,200000.0
6804ad95a628d87a352cd5da,676541cdbf85ec5de3d4b68c,3,20,1,200000.0
6804ad95a628d87a352cd5da,676541cdbf85ec5de3d4b68c,3,20,1,200000.0
6804ad95a628d87a352cd5da,676541cdbf85ec5de3d4b68c,3,20,12,200000.0
6804ad95a628d87a352cd5da,676541cdbf85ec5de3d4b68c,3,20,1,200000.0
6804ad95a628d87a352cd5da,676541cdbf85ec5de3d4b68c,3,20,12,200000.0
6804ad95a628d87a352cd5da,676541cdbf85ec5de3d4b68c,3,20,7,200000.0
6804ad95a628d87a352cd5da,676541cdbf85ec5de3d4b68c,3,20,8,200000.0
6804ad95a628d87a352cd5da,676541cdbf85ec5de3d4b68c,3,20,8,200000.0
6804ad95a628d87a352cd5da,676541cdbf85ec5de3d4b68c,3,20,7,200000.0
6804ad95a628d87a352cd5da,676541cdbf85ec5de3d4b68c,3,20,7,200000.0
6804ad95a628d87a352cd5da,676541cdbf85ec5de3d4b68c,3,20,7,200000.0
6804ad95a628d87a352cd5da,676541cdbf85ec5de3d4b68c,3,20,9,200000.0
6804ad95a628d87a352cd5da,676541cdbf85ec5de3d4b68c,3,20,9,200000.0
6804ad95a628d87a352cd5da,676541cdbf85ec5de3d4b68c,3,20,9,200000.0
6804ad95a628d87a352cd5da,676541cdbf85ec5de3d4b68c,3,20,8,200000.0
6804ad95a628d87a352cd5da,676541cdbf85ec5de3d4b68c,3,20,9,200000.0
6804ad95a628d87a352cd5da,676541cdbf85ec5de3d4b68c,3,20,8,200000.0
6804ad95a628d87a352cd5da,676541cdbf85ec5de3d4b68c,3,20,6,200000.0
6804ad95a628d87a352cd5da,676541cdbf85ec5de3d4b68c,3,20,6,200000.0
6804ad95a628d87a352cd5da,676541cdbf85ec5de3d4b68c,3,20,5,200000.0
6804ad95a628d87a352cd5da,676541cdbf85ec5de3d4b68c,3,20,6,200000.0
6804ad95a628d87a352cd5da,676541cdbf85ec5de3d4b68c,3,20,7,200000.0
6804ad95a628d87a352cd5da,676541cdbf85ec5de3d4b68c,3,20,6,200000.0
6804ad95a628d87a352cd5da,676541cdbf85ec5de3d4b68c,3,20,5,200000.0
6804ad95a628d87a352cd5da,676541cdbf85ec5de3d4b68c,3,20,5,200000.0
6804ad95a628d87a352cd5da,676541cdbf85ec5de3d4b68c,3,20,5,200000.0
6804ad95a628d87a352cd5da,676541cdbf85ec5de3d4b68c,3,20,4,200000.0
6804ad95a628d87a352cd5da,676541cdbf85ec5de3d4b68c,3,20,4,200000.0
6804ad95a628d87a352cd5da,676541cdbf85ec5de3d4b68c,3,20,4,200000.0
6804ad95a628d87a352cd5da,676541cdbf85ec5de3d4b68c,5,6,11,200000.0
6804ad95a628d87a352cd5da,676541cdbf85ec5de3d4b68c,5,6,11,200000.0
6804ad95a628d87a352cd5da,676541cdbf85ec5de3d4b68c,5,6,11,200000.0
6804ad95a628d87a352cd5da,676541cdbf85ec5de3d4b68c,5,6,12,200000.0
6804ad95a628d87a352cd5da,676541cdbf85ec5de3d4b68c,5,6,12,200000.0
6804ad95a628d87a352cd5da,676541cdbf85ec5de3d4b68c,5,6,12,200000.0
6804ad95a628d87a352cd5da,676541cdbf85ec5de3d4b68c,5,6,10,200000.0
6804ad95a628d87a352cd5da,676541cdbf85ec5de3d4b68c,5,6,11,200000.0
6804ad95a628d87a352cd5da,676541cdbf85ec5de3d4b68c,5,6,10,200000.0
6804ad95a628d87a352cd5da,676541cdbf85ec5de3d4b68c,5,6,10,200000.0
6804ad95a628d87a352cd5da,676541cdbf85ec5de3d4b68c,5,6,10,200000.0
6804ad95a628d87a352cd5da,676541cdbf85ec5de3d4b68c,5,6,10,200000.0
6804ad95a628d87a352cd5da,676541cdbf85ec5de3d4b68c,5,6,2,200000.0
6804ad95a628d87a352cd5da,676541cdbf85ec5de3d4b68c,5,6,2,200000.0
6804ad95a628d87a352cd5da,676541cdbf85ec5de3d4b68c,5,6,2,200000.0
6804ad95a628d87a352cd5da,676541cdbf85ec5de3d4b68c,5,6,3,200000.0
6804ad95a628d87a352cd5da,676541cdbf85ec5de3d4b68c,5,6,3,200000.0
6804ad95a628d87a352cd5da,676541cdbf85ec5de3d4b68c,5,6,2,200000.0
6804ad95a628d87a352cd5da,676541cdbf85ec5de3d4b68c,5,6,1,200000.0
6804ad95a628d87a352cd5da,676541cdbf85ec5de3d4b68c,5,6,1,200000.0
6804ad95a628d87a352cd5da,676541cdbf85ec5de3d4b68c,5,6,1,200000.0
6804ad95a628d87a352cd5da,676541cdbf85ec5de3d4b68c,5,6,8,200000.0
6804ad95a628d87a352cd5da,676541cdbf85ec5de3d4b68c,5,6,6,200000.0
6804ad95a628d87a352cd5da,676541cdbf85ec5de3d4b68c,5,6,8,200000.0
6804ad95a628d87a352cd5da,676541cdbf85ec5de3d4b68c,5,6,6,200000.0
6804ad95a628d87a352cd5da,676541cdbf85ec5de3d4b68c,5,6,8,200000.0
6804ad95a628d87a352cd5da,676541cdbf85ec5de3d4b68c,5,6,5,200000.0
6804ad95a628d87a352cd5da,676541cdbf85ec5de3d4b68c,5,6,9,200000.0
6804ad95a628d87a352cd5da,676541cdbf85ec5de3d4b68c,5,6,7,200000.0
6804ad95a628d87a352cd5da,676541cdbf85ec5de3d4b68c,5,6,6,200000.0
6804ad95a628d87a352cd5da,676541cdbf85ec5de3d4b68c,5,6,7,200000.0
6804ad95a628d87a352cd5da,676541cdbf85ec5de3d4b68c,5,6,9,200000.0
6804ad95a628d87a352cd5da,676541cdbf85ec5de3d4b68c,5,6,7,200000.0
6804ad95a628d87a352cd5da,676541cdbf85ec5de3d4b68c,5,6,1,200000.0
6804ad95a628d87a352cd5da,676541cdbf85ec5de3d4b68c,5,6,12,200000.0
6804ad95a628d87a352cd5da,676541cdbf85ec5de3d4b68c,5,6,9,200000.0
6804ad95a628d87a352cd5da,676541cdbf85ec5de3d4b68c,5,6,8,200000.0
6804ad95a628d87a352cd5da,676541cdbf85ec5de3d4b68c,5,6,1,200000.0
6804ad95a628d87a352cd5da,676541cdbf85ec5de3d4b68c,5,6,7,200000.0
6804ad95a628d87a352cd5da,676541cdbf85ec5de3d4b68c,5,6,5,200000.0
6804ad95a628d87a352cd5da,676541cdbf85ec5de3d4b68c,5,6,8,200000.0
6804ad95a628d87a352cd5da,676541cdbf85ec5de3d4b68c,5,6,4,200000.0
6804ad95a628d87a352cd5da,676541cdbf85ec5de3d4b68c,5,6,4,200000.0
6804ad95a628d87a352cd5da,676541cdbf85ec5de3d4b68c,5,6,5,200000.0
6804ad95a628d87a352cd5da,676541cdbf85ec5de3d4b68c,5,6,6,200000.0
6804ad95a628d87a352cd5da,676541cdbf85ec5de3d4b68c,5,6,5,200000.0
6804ad95a628d87a352cd5da,676541cdbf85ec5de3d4b68c,5,6,5,200000.0
6804ad95a628d87a352cd5da,676541cdbf85ec5de3d4b68c,5,6,9,200000.0
6804ad95a628d87a352cd5da,676541cdbf85ec5de3d4b68c,6,8,11,200000.0
6804ad95a628d87a352cd5da,676541cdbf85ec5de3d4b68c,6,8,11,200000.0
6804ad95a628d87a352cd5da,676541cdbf85ec5de3d4b68c,6,8,11,200000.0
6804ad95a628d87a352cd5da,676541cdbf85ec5de3d4b68c,6,8,12,200000.0
6804ad95a628d87a352cd5da,676541cdbf85ec5de3d4b68c,6,8,12,200000.0
6804ad95a628d87a352cd5da,676541cdbf85ec5de3d4b68c,6,8,12,200000.0
6804ad95a628d87a352cd5da,676541cdbf85ec5de3d4b68c,6,8,10,200000.0
6804ad95a628d87a352cd5da,676541cdbf85ec5de3d4b68c,6,8,11,200000.0
6804ad95a628d87a352cd5da,676541cdbf85ec5de3d4b68c,6,8,11,200000.0
6804ad95a628d87a352cd5da,676541cdbf85ec5de3d4b68c,6,8,10,200000.0
6804ad95a628d87a352cd5da,676541cdbf85ec5de3d4b68c,6,8,10,200000.0
6804ad95a628d87a352cd5da,676541cdbf85ec5de3d4b68c,6,8,10,200000.0
6804ad95a628d87a352cd5da,676541cdbf85ec5de3d4b68c,6,8,8,200000.0
6804ad95a628d87a352cd5da,676541cdbf85ec5de3d4b68c,6,8,8,200000.0
6804ad95a628d87a352cd5da,676541cdbf85ec5de3d4b68c,6,8,8,200000.0
6804ad95a628d87a352cd5da,676541cdbf85ec5de3d4b68c,6,8,7,200000.0
6804ad95a628d87a352cd5da,676541cdbf85ec5de3d4b68c,6,8,2,200000.0
6804ad95a628d87a352cd5da,676541cdbf85ec5de3d4b68c,6,8,7,200000.0
6804ad95a628d87a352cd5da,676541cdbf85ec5de3d4b68c,6,8,2,200000.0
6804ad95a628d87a352cd5da,676541cdbf85ec5de3d4b68c,6,8,7,200000.0
6804ad95a628d87a352cd5da,676541cdbf85ec5de3d4b68c,6,8,6,200000.0
6804ad95a628d87a352cd5da,676541cdbf85ec5de3d4b68c,6,8,9,200000.0
6804ad95a628d87a352cd5da,676541cdbf85ec5de3d4b68c,6,8,2,200000.0
6804ad95a628d87a352cd5da,676541cdbf85ec5de3d4b68c,6,8,1,200000.0
6804ad95a628d87a352cd5da,676541cdbf85ec5de3d4b68c,6,8,3,200000.0
6804ad95a628d87a352cd5da,676541cdbf85ec5de3d4b68c,6,8,9,200000.0
6804ad95a628d87a352cd5da,676541cdbf85ec5de3d4b68c,6,8,6,200000.0
6804ad95a628d87a352cd5da,676541cdbf85ec5de3d4b68c,6,8,1,200000.0
6804ad95a628d87a352cd5da,676541cdbf85ec5de3d4b68c,6,8,9,200000.0
6804ad95a628d87a352cd5da,676541cdbf85ec5de3d4b68c,6,8,3,200000.0
6804ad95a628d87a352cd5da,676541cdbf85ec5de3d4b68c,6,8,5,200000.0
6804ad95a628d87a352cd5da,676541cdbf85ec5de3d4b68c,6,8,1,200000.0
6804ad95a628d87a352cd5da,676541cdbf85ec5de3d4b68c,6,8,5,200000.0
6804ad95a628d87a352cd5da,676541cdbf85ec5de3d4b68c,6,8,8,200000.0
6804ad95a628d87a352cd5da,676541cdbf85ec5de3d4b68c,6,8,2,200000.0
6804ad95a628d87a352cd5da,676541cdbf85ec5de3d4b68c,6,8,1,200000.0
6804ad95a628d87a352cd5da,676541cdbf85ec5de3d4b68c,6,8,6,200000.0
6804ad95a628d87a352cd5da,676541cdbf85ec5de3d4b68c,6,8,9,200000.0
6804ad95a628d87a352cd5da,676541cdbf85ec5de3d4b68c,6,8,8,200000.0
6804ad95a628d87a352cd5da,676541cdbf85ec5de3d4b68c,6,8,7,200000.0
6804ad95a628d87a352cd5da,676541cdbf85ec5de3d4b68c,6,8,12,200000.0
6804ad95a628d87a352cd5da,676541cdbf85ec5de3d4b68c,6,8,6,200000.0
6804ad95a628d87a352cd5da,676541cdbf85ec5de3d4b68c,6,8,5,200000.0
6804ad95a628d87a352cd5da,676541cdbf85ec5de3d4b68c,6,8,1,200000.0
6804ad95a628d87a352cd5da,676541cdbf85ec5de3d4b68c,6,8,5,200000.0
6804ad95a628d87a352cd5da,676541cdbf85ec5de3d4b68c,6,8,5,200000.0
6804ad95a628d87a352cd5da,676541cdbf85ec5de3d4b68c,6,8,4,200000.0
6804ad95a628d87a352cd5da,676541cdbf85ec5de3d4b68c,6,8,4,200000.0
6804addda628d87a352cd5db,676541cdbf85ec5de3d4b68c,4,9,11,100000.0
6804addda628d87a352cd5db,676541cdbf85ec5de3d4b68c,4,9,11,100000.0
6804addda628d87a352cd5db,676541cdbf85ec5de3d4b68c,4,9,11,100000.0
6804addda628d87a352cd5db,676541cdbf85ec5de3d4b68c,4,9,12,100000.0
6804addda628d87a352cd5db,676541cdbf85ec5de3d4b68c,4,9,12,100000.0
6804addda628d87a352cd5db,676541cdbf85ec5de3d4b68c,4,9,12,100000.0
6804addda628d87a352cd5db,676541cdbf85ec5de3d4b68c,4,9,10,100000.0
6804addda628d87a352cd5db,676541cdbf85ec5de3d4b68c,4,9,11,100000.0
6804addda628d87a352cd5db,676541cdbf85ec5de3d4b68c,4,9,10,100000.0
6804addda628d87a352cd5db,676541cdbf85ec5de3d4b68c,4,9,10,100000.0
6804addda628d87a352cd5db,676541cdbf85ec5de3d4b68c,4,9,10,100000.0
6804addda628d87a352cd5db,676541cdbf85ec5de3d4b68c,4,9,10,100000.0
6804addda628d87a352cd5db,676541cdbf85ec5de3d4b68c,4,9,2,100000.0
6804addda628d87a352cd5db,676541cdbf85ec5de3d4b68c,4,9,2,100000.0
6804addda628d87a352cd5db,676541cdbf85ec5de3d4b68c,4,9,7,100000.0
6804addda628d87a352cd5db,676541cdbf85ec5de3d4b68c,4,9,2,100000.0
6804addda628d87a352cd5db,676541cdbf85ec5de3d4b68c,4,9,8,100000.0
6804addda628d87a352cd5db,676541cdbf85ec5de3d4b68c,4,9,3,100000.0
6804addda628d87a352cd5db,676541cdbf85ec5de3d4b68c,4,9,3,100000.0
6804addda628d87a352cd5db,676541cdbf85ec5de3d4b68c,4,9,8,100000.0
6804addda628d87a352cd5db,676541cdbf85ec5de3d4b68c,4,9,2,100000.0
6804addda628d87a352cd5db,676541cdbf85ec5de3d4b68c,4,9,7,100000.0
6804addda628d87a352cd5db,676541cdbf85ec5de3d4b68c,4,9,7,100000.0
6804addda628d87a352cd5db,676541cdbf85ec5de3d4b68c,4,9,1,100000.0
6804addda628d87a352cd5db,676541cdbf85ec5de3d4b68c,4,9,1,100000.0
6804addda628d87a352cd5db,676541cdbf85ec5de3d4b68c,4,9,7,100000.0
6804addda628d87a352cd5db,676541cdbf85ec5de3d4b68c,4,9,1,100000.0
6804addda628d87a352cd5db,676541cdbf85ec5de3d4b68c,4,9,9,100000.0
6804addda628d87a352cd5db,676541cdbf85ec5de3d4b68c,4,9,9,100000.0
6804addda628d87a352cd5db,676541cdbf85ec5de3d4b68c,4,9,9,100000.0
6804addda628d87a352cd5db,676541cdbf85ec5de3d4b68c,4,9,8,100000.0
6804addda628d87a352cd5db,676541cdbf85ec5de3d4b68c,4,9,12,100000.0
6804addda628d87a352cd5db,676541cdbf85ec5de3d4b68c,4,9,1,100000.0
6804addda628d87a352cd5db,676541cdbf85ec5de3d4b68c,4,9,4,100000.0
6804addda628d87a352cd5db,676541cdbf85ec5de3d4b68c,4,9,5,100000.0
6804addda628d87a352cd5db,676541cdbf85ec5de3d4b68c,4,9,4,100000.0
6804addda628d87a352cd5db,676541cdbf85ec5de3d4b68c,4,9,5,100000.0
6804addda628d87a352cd5db,676541cdbf85ec5de3d4b68c,4,9,5,100000.0
6804addda628d87a352cd5db,676541cdbf85ec5de3d4b68c,4,9,6,100000.0
6804addda628d87a352cd5db,676541cdbf85ec5de3d4b68c,4,9,6,100000.0
6804addda628d87a352cd5db,676541cdbf85ec5de3d4b68c,4,9,9,100000.0
6804addda628d87a352cd5db,676541cdbf85ec5de3d4b68c,4,9,8,100000.0
6804addda628d87a352cd5db,676541cdbf85ec5de3d4b68c,4,9,6,100000.0
6804addda628d87a352cd5db,676541cdbf85ec5de3d4b68c,4,9,7,100000.0
6804addda628d87a352cd5db,676541cdbf85ec5de3d4b68c,4,9,5,100000.0
6804addda628d87a352cd5db,676541cdbf85ec5de3d4b68c,4,9,5,100000.0
6804addda628d87a352cd5db,676541cdbf85ec5de3d4b68c,4,9,1,100000.0
6804addda628d87a352cd5db,676541cdbf85ec5de3d4b68c,4,9,6,100000.0
6804addda628d87a352cd5db,676541cdbf85ec5de3d4b68c,5,10,11,100000.0
6804addda628d87a352cd5db,676541cdbf85ec5de3d4b68c,5,10,11,100000.0
6804addda628d87a352cd5db,676541cdbf85ec5de3d4b68c,5,10,11,100000.0
6804addda628d87a352cd5db,676541cdbf85ec5de3d4b68c,5,10,12,100000.0
6804addda628d87a352cd5db,676541cdbf85ec5de3d4b68c,5,10,12,100000.0
6804addda628d87a352cd5db,676541cdbf85ec5de3d4b68c,5,10,12,100000.0
6804addda628d87a352cd5db,676541cdbf85ec5de3d4b68c,5,10,10,100000.0
6804addda628d87a352cd5db,676541cdbf85ec5de3d4b68c,5,10,11,100000.0
6804addda628d87a352cd5db,676541cdbf85ec5de3d4b68c,5,10,10,100000.0
6804addda628d87a352cd5db,676541cdbf85ec5de3d4b68c,5,10,10,100000.0
6804addda628d87a352cd5db,676541cdbf85ec5de3d4b68c,5,10,10,100000.0
6804addda628d87a352cd5db,676541cdbf85ec5de3d4b68c,5,10,10,100000.0
6804addda628d87a352cd5db,676541cdbf85ec5de3d4b68c,5,10,2,100000.0
6804addda628d87a352cd5db,676541cdbf85ec5de3d4b68c,5,10,2,100000.0
6804addda628d87a352cd5db,676541cdbf85ec5de3d4b68c,5,10,2,100000.0
6804addda628d87a352cd5db,676541cdbf85ec5de3d4b68c,5,10,8,100000.0
6804addda628d87a352cd5db,676541cdbf85ec5de3d4b68c,5,10,3,100000.0
6804addda628d87a352cd5db,676541cdbf85ec5de3d4b68c,5,10,3,100000.0
6804addda628d87a352cd5db,676541cdbf85ec5de3d4b68c,5,10,2,100000.0
6804addda628d87a352cd5db,676541cdbf85ec5de3d4b68c,5,10,8,100000.0
6804addda628d87a352cd5db,676541cdbf85ec5de3d4b68c,5,10,8,100000.0
6804addda628d87a352cd5db,676541cdbf85ec5de3d4b68c,5,10,7,100000.0
6804addda628d87a352cd5db,676541cdbf85ec5de3d4b68c,5,10,7,100000.0
6804addda628d87a352cd5db,676541cdbf85ec5de3d4b68c,5,10,7,100000.0
6804addda628d87a352cd5db,676541cdbf85ec5de3d4b68c,5,10,1,100000.0
6804addda628d87a352cd5db,676541cdbf85ec5de3d4b68c,5,10,1,100000.0
6804addda628d87a352cd5db,676541cdbf85ec5de3d4b68c,5,10,9,100000.0
6804addda628d87a352cd5db,676541cdbf85ec5de3d4b68c,5,10,12,100000.0
6804addda628d87a352cd5db,676541cdbf85ec5de3d4b68c,5,10,9,100000.0
6804addda628d87a352cd5db,676541cdbf85ec5de3d4b68c,5,10,6,100000.0
6804addda628d87a352cd5db,676541cdbf85ec5de3d4b68c,5,10,9,100000.0
6804addda628d87a352cd5db,676541cdbf85ec5de3d4b68c,5,10,6,100000.0
6804addda628d87a352cd5db,676541cdbf85ec5de3d4b68c,5,10,8,100000.0
6804addda628d87a352cd5db,676541cdbf85ec5de3d4b68c,5,10,1,100000.0
6804addda628d87a352cd5db,676541cdbf85ec5de3d4b68c,5,10,1,100000.0
6804addda628d87a352cd5db,676541cdbf85ec5de3d4b68c,5,10,9,100000.0
6804addda628d87a352cd5db,676541cdbf85ec5de3d4b68c,5,10,5,100000.0
6804addda628d87a352cd5db,676541cdbf85ec5de3d4b68c,5,10,8,100000.0
6804addda628d87a352cd5db,676541cdbf85ec5de3d4b68c,5,10,1,100000.0
6804addda628d87a352cd5db,676541cdbf85ec5de3d4b68c,5,10,4,100000.0
6804addda628d87a352cd5db,676541cdbf85ec5de3d4b68c,5,10,7,100000.0
6804addda628d87a352cd5db,676541cdbf85ec5de3d4b68c,5,10,5,100000.0
6804addda628d87a352cd5db,676541cdbf85ec5de3d4b68c,5,10,5,100000.0
6804addda628d87a352cd5db,676541cdbf85ec5de3d4b68c,5,10,5,100000.0
6804addda628d87a352cd5db,676541cdbf85ec5de3d4b68c,5,10,6,100000.0
6804addda628d87a352cd5db,676541cdbf85ec5de3d4b68c,5,10,5,100000.0
6804addda628d87a352cd5db,676541cdbf85ec5de3d4b68c,5,10,6,100000.0
6804addda628d87a352cd5db,676541cdbf85ec5de3d4b68c,5,10,4,100000.0
6804addda628d87a352cd5db,676541cdbf85ec5de3d4b68c,7,14,11,149999.0
6804addda628d87a352cd5db,676541cdbf85ec5de3d4b68c,7,14,11,149999.0
6804addda628d87a352cd5db,676541cdbf85ec5de3d4b68c,7,14,11,149999.0
6804addda628d87a352cd5db,676541cdbf85ec5de3d4b68c,7,14,12,149999.0
6804addda628d87a352cd5db,676541cdbf85ec5de3d4b68c,7,14,12,149999.0
6804addda628d87a352cd5db,676541cdbf85ec5de3d4b68c,7,14,12,149999.0
6804addda628d87a352cd5db,676541cdbf85ec5de3d4b68c,7,14,10,149999.0
6804addda628d87a352cd5db,676541cdbf85ec5de3d4b68c,7,14,11,149999.0
6804addda628d87a352cd5db,676541cdbf85ec5de3d4b68c,7,14,11,149999.0
6804addda628d87a352cd5db,676541cdbf85ec5de3d4b68c,7,14,10,149999.0
6804addda628d87a352cd5db,676541cdbf85ec5de3d4b68c,7,14,10,149999.0
6804addda628d87a352cd5db,676541cdbf85ec5de3d4b68c,7,14,10,149999.0
6804addda628d87a352cd5db,676541cdbf85ec5de3d4b68c,7,14,8,149999.0
6804addda628d87a352cd5db,676541cdbf85ec5de3d4b68c,7,14,8,149999.0
6804addda628d87a352cd5db,676541cdbf85ec5de3d4b68c,7,14,8,149999.0
6804addda628d87a352cd5db,676541cdbf85ec5de3d4b68c,7,14,2,149999.0
6804addda628d87a352cd5db,676541cdbf85ec5de3d4b68c,7,14,7,149999.0
6804addda628d87a352cd5db,676541cdbf85ec5de3d4b68c,7,14,2,149999.0
6804addda628d87a352cd5db,676541cdbf85ec5de3d4b68c,7,14,7,149999.0
6804addda628d87a352cd5db,676541cdbf85ec5de3d4b68c,7,14,2,149999.0
6804addda628d87a352cd5db,676541cdbf85ec5de3d4b68c,7,14,7,149999.0
6804addda628d87a352cd5db,676541cdbf85ec5de3d4b68c,7,14,3,149999.0
6804addda628d87a352cd5db,676541cdbf85ec5de3d4b68c,7,14,3,149999.0
6804addda628d87a352cd5db,676541cdbf85ec5de3d4b68c,7,14,9,149999.0
6804addda628d87a352cd5db,676541cdbf85ec5de3d4b68c,7,14,3,149999.0
6804addda628d87a352cd5db,676541cdbf85ec5de3d4b68c,7,14,9,149999.0
6804addda628d87a352cd5db,676541cdbf85ec5de3d4b68c,7,14,9,149999.0
6804addda628d87a352cd5db,676541cdbf85ec5de3d4b68c,7,14,8,149999.0
6804addda628d87a352cd5db,676541cdbf85ec5de3d4b68c,7,14,9,149999.0
6804addda628d87a352cd5db,676541cdbf85ec5de3d4b68c,7,14,6,149999.0
6804addda628d87a352cd5db,676541cdbf85ec5de3d4b68c,7,14,1,149999.0
6804addda628d87a352cd5db,676541cdbf85ec5de3d4b68c,7,14,5,149999.0
6804addda628d87a352cd5db,676541cdbf85ec5de3d4b68c,7,14,6,149999.0
6804addda628d87a352cd5db,676541cdbf85ec5de3d4b68c,7,14,12,149999.0
6804addda628d87a352cd5db,676541cdbf85ec5de3d4b68c,7,14,2,149999.0
6804addda628d87a352cd5db,676541cdbf85ec5de3d4b68c,7,14,1,149999.0
6804addda628d87a352cd5db,676541cdbf85ec5de3d4b68c,7,14,6,149999.0
6804addda628d87a352cd5db,676541cdbf85ec5de3d4b68c,7,14,8,149999.0
6804addda628d87a352cd5db,676541cdbf85ec5de3d4b68c,7,14,1,149999.0
6804addda628d87a352cd5db,676541cdbf85ec5de3d4b68c,7,14,5,149999.0
6804addda628d87a352cd5db,676541cdbf85ec5de3d4b68c,7,14,4,149999.0
6804addda628d87a352cd5db,676541cdbf85ec5de3d4b68c,7,14,1,149999.0
6804addda628d87a352cd5db,676541cdbf85ec5de3d4b68c,7,14,7,149999.0
6804addda628d87a352cd5db,676541cdbf85ec5de3d4b68c,7,14,5,149999.0
6804addda628d87a352cd5db,676541cdbf85ec5de3d4b68c,7,14,4,149999.0
6804addda628d87a352cd5db,676541cdbf85ec5de3d4b68c,7,14,6,149999.0
6804addda628d87a352cd5db,676541cdbf85ec5de3d4b68c,7,14,6,149999.0
6804addda628d87a352cd5db,676541cdbf85ec5de3d4b68c,7,14,5,149999.0
6804addda628d87a352cd5db,676541cdbf85ec5de3d4b68c,3,19,11,100000.0
6804addda628d87a352cd5db,676541cdbf85ec5de3d4b68c,3,19,11,100000.0
6804addda628d87a352cd5db,676541cdbf85ec5de3d4b68c,3,19,11,100000.0
6804addda628d87a352cd5db,676541cdbf85ec5de3d4b68c,3,19,12,100000.0
6804addda628d87a352cd5db,676541cdbf85ec5de3d4b68c,3,19,12,100000.0
6804addda628d87a352cd5db,676541cdbf85ec5de3d4b68c,3,19,12,100000.0
6804addda628d87a352cd5db,676541cdbf85ec5de3d4b68c,3,19,10,100000.0
6804addda628d87a352cd5db,676541cdbf85ec5de3d4b68c,3,19,11,100000.0
6804addda628d87a352cd5db,676541cdbf85ec5de3d4b68c,3,19,10,100000.0
6804addda628d87a352cd5db,676541cdbf85ec5de3d4b68c,3,19,10,100000.0
6804addda628d87a352cd5db,676541cdbf85ec5de3d4b68c,3,19,10,100000.0
6804addda628d87a352cd5db,676541cdbf85ec5de3d4b68c,3,19,10,100000.0
6804addda628d87a352cd5db,676541cdbf85ec5de3d4b68c,3,19,2,100000.0
6804addda628d87a352cd5db,676541cdbf85ec5de3d4b68c,3,19,2,100000.0
6804addda628d87a352cd5db,676541cdbf85ec5de3d4b68c,3,19,2,100000.0
6804addda628d87a352cd5db,676541cdbf85ec5de3d4b68c,3,19,3,100000.0
6804addda628d87a352cd5db,676541cdbf85ec5de3d4b68c,3,19,3,100000.0
6804addda628d87a352cd5db,676541cdbf85ec5de3d4b68c,3,19,2,100000.0
6804addda628d87a352cd5db,676541cdbf85ec5de3d4b68c,3,19,7,100000.0
6804addda628d87a352cd5db,676541cdbf85ec5de3d4b68c,3,19,8,100000.0
6804addda628d87a352cd5db,676541cdbf85ec5de3d4b68c,3,19,1,100000.0
6804addda628d87a352cd5db,676541cdbf85ec5de3d4b68c,3,19,8,100000.0
6804addda628d87a352cd5db,676541cdbf85ec5de3d4b68c,3,19,1,100000.0
6804addda628d87a352cd5db,676541cdbf85ec5de3d4b68c,3,19,7,100000.0
6804addda628d87a352cd5db,676541cdbf85ec5de3d4b68c,3,19,1,100000.0
6804addda628d87a352cd5db,676541cdbf85ec5de3d4b68c,3,19,7,100000.0
6804addda628d87a352cd5db,676541cdbf85ec5de3d4b68c,3,19,12,100000.0
6804addda628d87a352cd5db,676541cdbf85ec5de3d4b68c,3,19,1,100000.0
6804addda628d87a352cd5db,676541cdbf85ec5de3d4b68c,3,19,9,100000.0
6804addda628d87a352cd5db,676541cdbf85ec5de3d4b68c,3,19,6,100000.0
6804addda628d87a352cd5db,676541cdbf85ec5de3d4b68c,3,19,12,100000.0
6804addda628d87a352cd5db,676541cdbf85ec5de3d4b68c,3,19,8,100000.0
6804addda628d87a352cd5db,676541cdbf85ec5de3d4b68c,3,19,9,100000.0
6804addda628d87a352cd5db,676541cdbf85ec5de3d4b68c,3,19,6,100000.0
6804addda628d87a352cd5db,676541cdbf85ec5de3d4b68c,3,19,9,100000.0
6804addda628d87a352cd5db,676541cdbf85ec5de3d4b68c,3,19,5,100000.0
6804addda628d87a352cd5db,676541cdbf85ec5de3d4b68c,3,19,9,100000.0
6804addda628d87a352cd5db,676541cdbf85ec5de3d4b68c,3,19,5,100000.0
6804addda628d87a352cd5db,676541cdbf85ec5de3d4b68c,3,19,8,100000.0
6804addda628d87a352cd5db,676541cdbf85ec5de3d4b68c,3,19,5,100000.0
6804addda628d87a352cd5db,676541cdbf85ec5de3d4b68c,3,19,4,100000.0
6804addda628d87a352cd5db,676541cdbf85ec5de3d4b68c,3,19,4,100000.0
6804addda628d87a352cd5db,676541cdbf85ec5de3d4b68c,3,19,5,100000.0
6804addda628d87a352cd5db,676541cdbf85ec5de3d4b68c,3,19,4,100000.0
6804addda628d87a352cd5db,676541cdbf85ec5de3d4b68c,3,19,6,100000.0
6804addda628d87a352cd5db,676541cdbf85ec5de3d4b68c,3,19,7,100000.0
6804addda628d87a352cd5db,676541cdbf85ec5de3d4b68c,3,19,6,100000.0
6804addda628d87a352cd5db,676541cdbf85ec5de3d4b68c,3,19,7,100000.0
6804ae2fa628d87a352cd5dc,676541cdbf85ec5de3d4b68c,1,8,11,200000.0
6804ae2fa628d87a352cd5dc,676541cdbf85ec5de3d4b68c,1,8,11,200000.0
6804ae2fa628d87a352cd5dc,676541cdbf85ec5de3d4b68c,1,8,11,200000.0
6804ae2fa628d87a352cd5dc,676541cdbf85ec5de3d4b68c,1,8,12,200000.0
6804ae2fa628d87a352cd5dc,676541cdbf85ec5de3d4b68c,1,8,12,200000.0
6804ae2fa628d87a352cd5dc,676541cdbf85ec5de3d4b68c,1,8,12,200000.0
6804ae2fa628d87a352cd5dc,676541cdbf85ec5de3d4b68c,1,8,10,200000.0
6804ae2fa628d87a352cd5dc,676541cdbf85ec5de3d4b68c,1,8,11,200000.0
6804ae2fa628d87a352cd5dc,676541cdbf85ec5de3d4b68c,1,8,10,200000.0
6804ae2fa628d87a352cd5dc,676541cdbf85ec5de3d4b68c,1,8,10,200000.0
6804ae2fa628d87a352cd5dc,676541cdbf85ec5de3d4b68c,1,8,10,200000.0
6804ae2fa628d87a352cd5dc,676541cdbf85ec5de3d4b68c,1,8,7,200000.0
6804ae2fa628d87a352cd5dc,676541cdbf85ec5de3d4b68c,1,8,9,200000.0
6804ae2fa628d87a352cd5dc,676541cdbf85ec5de3d4b68c,1,8,8,200000.0
6804ae2fa628d87a352cd5dc,676541cdbf85ec5de3d4b68c,1,8,2,200000.0
6804ae2fa628d87a352cd5dc,676541cdbf85ec5de3d4b68c,1,8,8,200000.0
6804ae2fa628d87a352cd5dc,676541cdbf85ec5de3d4b68c,1,8,2,200000.0
6804ae2fa628d87a352cd5dc,676541cdbf85ec5de3d4b68c,1,8,2,200000.0
6804ae2fa628d87a352cd5dc,676541cdbf85ec5de3d4b68c,1,8,7,200000.0
6804ae2fa628d87a352cd5dc,676541cdbf85ec5de3d4b68c,1,8,3,200000.0
6804ae2fa628d87a352cd5dc,676541cdbf85ec5de3d4b68c,1,8,7,200000.0
6804ae2fa628d87a352cd5dc,676541cdbf85ec5de3d4b68c,1,8,3,200000.0
6804ae2fa628d87a352cd5dc,676541cdbf85ec5de3d4b68c,1,8,7,200000.0
6804ae2fa628d87a352cd5dc,676541cdbf85ec5de3d4b68c,1,8,2,200000.0
6804ae2fa628d87a352cd5dc,676541cdbf85ec5de3d4b68c,1,8,1,200000.0
6804ae2fa628d87a352cd5dc,676541cdbf85ec5de3d4b68c,1,8,9,200000.0
6804ae2fa628d87a352cd5dc,676541cdbf85ec5de3d4b68c,1,8,1,200000.0
6804ae2fa628d87a352cd5dc,676541cdbf85ec5de3d4b68c,1,8,9,200000.0
6804ae2fa628d87a352cd5dc,676541cdbf85ec5de3d4b68c,1,8,1,200000.0
6804ae2fa628d87a352cd5dc,676541cdbf85ec5de3d4b68c,1,8,12,200000.0
6804ae2fa628d87a352cd5dc,676541cdbf85ec5de3d4b68c,1,8,9,200000.0
6804ae2fa628d87a352cd5dc,676541cdbf85ec5de3d4b68c,1,8,1,200000.0
6804ae2fa628d87a352cd5dc,676541cdbf85ec5de3d4b68c,1,8,8,200000.0
6804ae2fa628d87a352cd5dc,676541cdbf85ec5de3d4b68c,1,8,12,200000.0
6804ae2fa628d87a352cd5dc,676541cdbf85ec5de3d4b68c,1,8,6,200000.0
6804ae2fa628d87a352cd5dc,676541cdbf85ec5de3d4b68c,1,8,9,200000.0
6804ae2fa628d87a352cd5dc,676541cdbf85ec5de3d4b68c,1,8,8,200000.0
6804ae2fa628d87a352cd5dc,676541cdbf85ec5de3d4b68c,1,8,6,200000.0
6804ae2fa628d87a352cd5dc,676541cdbf85ec5de3d4b68c,1,8,5,200000.0
6804ae2fa628d87a352cd5dc,676541cdbf85ec5de3d4b68c,1,8,5,200000.0
6804ae2fa628d87a352cd5dc,676541cdbf85ec5de3d4b68c,1,8,4,200000.0
6804ae2fa628d87a352cd5dc,676541cdbf85ec5de3d4b68c,1,8,5,200000.0
6804ae2fa628d87a352cd5dc,676541cdbf85ec5de3d4b68c,1,8,4,200000.0
6804ae2fa628d87a352cd5dc,676541cdbf85ec5de3d4b68c,1,8,5,200000.0
6804ae2fa628d87a352cd5dc,676541cdbf85ec5de3d4b68c,1,8,4,200000.0
6804ae2fa628d87a352cd5dc,676541cdbf85ec5de3d4b68c,1,8,6,200000.0
6804ae2fa628d87a352cd5dc,676541cdbf85ec5de3d4b68c,1,8,6,200000.0
6804ae2fa628d87a352cd5dc,676541cdbf85ec5de3d4b68c,1,8,6,200000.0
6804ae2fa628d87a352cd5dc,676541cdbf85ec5de3d4b68c,2,20,11,200000.0
6804ae2fa628d87a352cd5dc,676541cdbf85ec5de3d4b68c,2,20,11,200000.0
6804ae2fa628d87a352cd5dc,676541cdbf85ec5de3d4b68c,2,20,11,200000.0
6804ae2fa628d87a352cd5dc,676541cdbf85ec5de3d4b68c,2,20,12,200000.0
6804ae2fa628d87a352cd5dc,676541cdbf85ec5de3d4b68c,2,20,12,200000.0
6804ae2fa628d87a352cd5dc,676541cdbf85ec5de3d4b68c,2,20,12,200000.0
6804ae2fa628d87a352cd5dc,676541cdbf85ec5de3d4b68c,2,20,10,200000.0
6804ae2fa628d87a352cd5dc,676541cdbf85ec5de3d4b68c,2,20,11,200000.0
6804ae2fa628d87a352cd5dc,676541cdbf85ec5de3d4b68c,2,20,10,200000.0
6804ae2fa628d87a352cd5dc,676541cdbf85ec5de3d4b68c,2,20,10,200000.0
6804ae2fa628d87a352cd5dc,676541cdbf85ec5de3d4b68c,2,20,10,200000.0
6804ae2fa628d87a352cd5dc,676541cdbf85ec5de3d4b68c,2,20,9,200000.0
6804ae2fa628d87a352cd5dc,676541cdbf85ec5de3d4b68c,2,20,2,200000.0
6804ae2fa628d87a352cd5dc,676541cdbf85ec5de3d4b68c,2,20,2,200000.0
6804ae2fa628d87a352cd5dc,676541cdbf85ec5de3d4b68c,2,20,2,200000.0
6804ae2fa628d87a352cd5dc,676541cdbf85ec5de3d4b68c,2,20,3,200000.0
6804ae2fa628d87a352cd5dc,676541cdbf85ec5de3d4b68c,2,20,3,200000.0
6804ae2fa628d87a352cd5dc,676541cdbf85ec5de3d4b68c,2,20,2,200000.0
6804ae2fa628d87a352cd5dc,676541cdbf85ec5de3d4b68c,2,20,1,200000.0
6804ae2fa628d87a352cd5dc,676541cdbf85ec5de3d4b68c,2,20,1,200000.0
6804ae2fa628d87a352cd5dc,676541cdbf85ec5de3d4b68c,2,20,1,200000.0
6804ae2fa628d87a352cd5dc,676541cdbf85ec5de3d4b68c,2,20,12,200000.0
6804ae2fa628d87a352cd5dc,676541cdbf85ec5de3d4b68c,2,20,1,200000.0
6804ae2fa628d87a352cd5dc,676541cdbf85ec5de3d4b68c,2,20,12,200000.0
6804ae2fa628d87a352cd5dc,676541cdbf85ec5de3d4b68c,2,20,7,200000.0
6804ae2fa628d87a352cd5dc,676541cdbf85ec5de3d4b68c,2,20,8,200000.0
6804ae2fa628d87a352cd5dc,676541cdbf85ec5de3d4b68c,2,20,8,200000.0
6804ae2fa628d87a352cd5dc,676541cdbf85ec5de3d4b68c,2,20,7,200000.0
6804ae2fa628d87a352cd5dc,676541cdbf85ec5de3d4b68c,2,20,7,200000.0
6804ae2fa628d87a352cd5dc,676541cdbf85ec5de3d4b68c,2,20,7,200000.0
6804ae2fa628d87a352cd5dc,676541cdbf85ec5de3d4b68c,2,20,9,200000.0
6804ae2fa628d87a352cd5dc,676541cdbf85ec5de3d4b68c,2,20,9,200000.0
6804ae2fa628d87a352cd5dc,676541cdbf85ec5de3d4b68c,2,20,9,200000.0
6804ae2fa628d87a352cd5dc,676541cdbf85ec5de3d4b68c,2,20,8,200000.0
6804ae2fa628d87a352cd5dc,676541cdbf85ec5de3d4b68c,2,20,9,200000.0
6804ae2fa628d87a352cd5dc,676541cdbf85ec5de3d4b68c,2,20,8,200000.0
6804ae2fa628d87a352cd5dc,676541cdbf85ec5de3d4b68c,2,20,5,200000.0
6804ae2fa628d87a352cd5dc,676541cdbf85ec5de3d4b68c,2,20,5,200000.0
6804ae2fa628d87a352cd5dc,676541cdbf85ec5de3d4b68c,2,20,5,200000.0
6804ae2fa628d87a352cd5dc,676541cdbf85ec5de3d4b68c,2,20,4,200000.0
6804ae2fa628d87a352cd5dc,676541cdbf85ec5de3d4b68c,2,20,4,200000.0
6804ae2fa628d87a352cd5dc,676541cdbf85ec5de3d4b68c,2,20,4,200000.0
6804ae2fa628d87a352cd5dc,676541cdbf85ec5de3d4b68c,2,20,6,200000.0
6804ae2fa628d87a352cd5dc,676541cdbf85ec5de3d4b68c,2,20,6,200000.0
6804ae2fa628d87a352cd5dc,676541cdbf85ec5de3d4b68c,2,20,5,200000.0
6804ae2fa628d87a352cd5dc,676541cdbf85ec5de3d4b68c,2,20,6,200000.0
6804ae2fa628d87a352cd5dc,676541cdbf85ec5de3d4b68c,2,20,6,200000.0
6804ae2fa628d87a352cd5dc,676541cdbf85ec5de3d4b68c,2,20,7,200000.0
6804ae2fa628d87a352cd5dc,676541cdbf85ec5de3d4b68c,6,17,11,200000.0
6804ae2fa628d87a352cd5dc,676541cdbf85ec5de3d4b68c,6,17,11,200000.0
6804ae2fa628d87a352cd5dc,676541cdbf85ec5de3d4b68c,6,17,11,200000.0
6804ae2fa628d87a352cd5dc,676541cdbf85ec5de3d4b68c,6,17,12,200000.0
6804ae2fa628d87a352cd5dc,676541cdbf85ec5de3d4b68c,6,17,12,200000.0
6804ae2fa628d87a352cd5dc,676541cdbf85ec5de3d4b68c,6,17,12,200000.0
6804ae2fa628d87a352cd5dc,676541cdbf85ec5de3d4b68c,6,17,10,200000.0
6804ae2fa628d87a352cd5dc,676541cdbf85ec5de3d4b68c,6,17,11,200000.0
6804ae2fa628d87a352cd5dc,676541cdbf85ec5de3d4b68c,6,17,11,200000.0
6804ae2fa628d87a352cd5dc,676541cdbf85ec5de3d4b68c,6,17,10,200000.0
6804ae2fa628d87a352cd5dc,676541cdbf85ec5de3d4b68c,6,17,10,200000.0
6804ae2fa628d87a352cd5dc,676541cdbf85ec5de3d4b68c,6,17,10,200000.0
6804ae2fa628d87a352cd5dc,676541cdbf85ec5de3d4b68c,6,17,2,200000.0
6804ae2fa628d87a352cd5dc,676541cdbf85ec5de3d4b68c,6,17,2,200000.0
6804ae2fa628d87a352cd5dc,676541cdbf85ec5de3d4b68c,6,17,2,200000.0
6804ae2fa628d87a352cd5dc,676541cdbf85ec5de3d4b68c,6,17,3,200000.0
6804ae2fa628d87a352cd5dc,676541cdbf85ec5de3d4b68c,6,17,3,200000.0
6804ae2fa628d87a352cd5dc,676541cdbf85ec5de3d4b68c,6,17,2,200000.0
6804ae2fa628d87a352cd5dc,676541cdbf85ec5de3d4b68c,6,17,8,200000.0
6804ae2fa628d87a352cd5dc,676541cdbf85ec5de3d4b68c,6,17,8,200000.0
6804ae2fa628d87a352cd5dc,676541cdbf85ec5de3d4b68c,6,17,8,200000.0
6804ae2fa628d87a352cd5dc,676541cdbf85ec5de3d4b68c,6,17,1,200000.0
6804ae2fa628d87a352cd5dc,676541cdbf85ec5de3d4b68c,6,17,7,200000.0
6804ae2fa628d87a352cd5dc,676541cdbf85ec5de3d4b68c,6,17,7,200000.0
6804ae2fa628d87a352cd5dc,676541cdbf85ec5de3d4b68c,6,17,1,200000.0
6804ae2fa628d87a352cd5dc,676541cdbf85ec5de3d4b68c,6,17,7,200000.0
6804ae2fa628d87a352cd5dc,676541cdbf85ec5de3d4b68c,6,17,1,200000.0
6804ae2fa628d87a352cd5dc,676541cdbf85ec5de3d4b68c,6,17,9,200000.0
6804ae2fa628d87a352cd5dc,676541cdbf85ec5de3d4b68c,6,17,9,200000.0
6804ae2fa628d87a352cd5dc,676541cdbf85ec5de3d4b68c,6,17,9,200000.0
6804ae2fa628d87a352cd5dc,676541cdbf85ec5de3d4b68c,6,17,1,200000.0
6804ae2fa628d87a352cd5dc,676541cdbf85ec5de3d4b68c,6,17,8,200000.0
6804ae2fa628d87a352cd5dc,676541cdbf85ec5de3d4b68c,6,17,1,200000.0
6804ae2fa628d87a352cd5dc,676541cdbf85ec5de3d4b68c,6,17,9,200000.0
6804ae2fa628d87a352cd5dc,676541cdbf85ec5de3d4b68c,6,17,12,200000.0
6804ae2fa628d87a352cd5dc,676541cdbf85ec5de3d4b68c,6,17,8,200000.0
6804ae2fa628d87a352cd5dc,676541cdbf85ec5de3d4b68c,6,17,6,200000.0
6804ae2fa628d87a352cd5dc,676541cdbf85ec5de3d4b68c,6,17,5,200000.0
6804ae2fa628d87a352cd5dc,676541cdbf85ec5de3d4b68c,6,17,6,200000.0
6804ae2fa628d87a352cd5dc,676541cdbf85ec5de3d4b68c,6,17,5,200000.0
6804ae2fa628d87a352cd5dc,676541cdbf85ec5de3d4b68c,6,17,5,200000.0
6804ae2fa628d87a352cd5dc,676541cdbf85ec5de3d4b68c,6,17,5,200000.0
6804ae2fa628d87a352cd5dc,676541cdbf85ec5de3d4b68c,6,17,6,200000.0
6804ae2fa628d87a352cd5dc,676541cdbf85ec5de3d4b68c,6,17,4,200000.0
6804ae2fa628d87a352cd5dc,676541cdbf85ec5de3d4b68c,6,17,7,200000.0
6804ae2fa628d87a352cd5dc,676541cdbf85ec5de3d4b68c,6,17,5,200000.0
6804ae2fa628d87a352cd5dc,676541cdbf85ec5de3d4b68c,6,17,6,200000.0
6804ae2fa628d87a352cd5dc,676541cdbf85ec5de3d4b68c,6,17,4,200000.0
6804ae2fa628d87a352cd5dc,676541cdbf85ec5de3d4b68c,7,14,11,200000.0
6804ae2fa628d87a352cd5dc,676541cdbf85ec5de3d4b68c,7,14,11,200000.0
6804ae2fa628d87a352cd5dc,676541cdbf85ec5de3d4b68c,7,14,11,200000.0
6804ae2fa628d87a352cd5dc,676541cdbf85ec5de3d4b68c,7,14,12,200000.0
6804ae2fa628d87a352cd5dc,676541cdbf85ec5de3d4b68c,7,14,12,200000.0
6804ae2fa628d87a352cd5dc,676541cdbf85ec5de3d4b68c,7,14,12,200000.0
6804ae2fa628d87a352cd5dc,676541cdbf85ec5de3d4b68c,7,14,10,200000.0
6804ae2fa628d87a352cd5dc,676541cdbf85ec5de3d4b68c,7,14,11,200000.0
6804ae2fa628d87a352cd5dc,676541cdbf85ec5de3d4b68c,7,14,11,200000.0
6804ae2fa628d87a352cd5dc,676541cdbf85ec5de3d4b68c,7,14,10,200000.0
6804ae2fa628d87a352cd5dc,676541cdbf85ec5de3d4b68c,7,14,10,200000.0
6804ae2fa628d87a352cd5dc,676541cdbf85ec5de3d4b68c,7,14,10,200000.0
6804ae2fa628d87a352cd5dc,676541cdbf85ec5de3d4b68c,7,14,2,200000.0
6804ae2fa628d87a352cd5dc,676541cdbf85ec5de3d4b68c,7,14,2,200000.0
6804ae2fa628d87a352cd5dc,676541cdbf85ec5de3d4b68c,7,14,2,200000.0
6804ae2fa628d87a352cd5dc,676541cdbf85ec5de3d4b68c,7,14,3,200000.0
6804ae2fa628d87a352cd5dc,676541cdbf85ec5de3d4b68c,7,14,3,200000.0
6804ae2fa628d87a352cd5dc,676541cdbf85ec5de3d4b68c,7,14,3,200000.0
6804ae2fa628d87a352cd5dc,676541cdbf85ec5de3d4b68c,7,14,1,200000.0
6804ae2fa628d87a352cd5dc,676541cdbf85ec5de3d4b68c,7,14,2,200000.0
6804ae2fa628d87a352cd5dc,676541cdbf85ec5de3d4b68c,7,14,1,200000.0
6804ae2fa628d87a352cd5dc,676541cdbf85ec5de3d4b68c,7,14,1,200000.0
6804ae2fa628d87a352cd5dc,676541cdbf85ec5de3d4b68c,7,14,1,200000.0
6804ae2fa628d87a352cd5dc,676541cdbf85ec5de3d4b68c,7,14,12,200000.0
6804ae2fa628d87a352cd5dc,676541cdbf85ec5de3d4b68c,7,14,6,200000.0
6804ae2fa628d87a352cd5dc,676541cdbf85ec5de3d4b68c,7,14,6,200000.0
6804ae2fa628d87a352cd5dc,676541cdbf85ec5de3d4b68c,7,14,8,200000.0
6804ae2fa628d87a352cd5dc,676541cdbf85ec5de3d4b68c,7,14,6,200000.0
6804ae2fa628d87a352cd5dc,676541cdbf85ec5de3d4b68c,7,14,6,200000.0
6804ae2fa628d87a352cd5dc,676541cdbf85ec5de3d4b68c,7,14,7,200000.0
6804ae2fa628d87a352cd5dc,676541cdbf85ec5de3d4b68c,7,14,8,200000.0
6804ae2fa628d87a352cd5dc,676541cdbf85ec5de3d4b68c,7,14,6,200000.0
6804ae2fa628d87a352cd5dc,676541cdbf85ec5de3d4b68c,7,14,8,200000.0
6804ae2fa628d87a352cd5dc,676541cdbf85ec5de3d4b68c,7,14,5,200000.0
6804ae2fa628d87a352cd5dc,676541cdbf85ec5de3d4b68c,7,14,9,200000.0
6804ae2fa628d87a352cd5dc,676541cdbf85ec5de3d4b68c,7,14,5,200000.0
6804ae2fa628d87a352cd5dc,676541cdbf85ec5de3d4b68c,7,14,7,200000.0
6804ae2fa628d87a352cd5dc,676541cdbf85ec5de3d4b68c,7,14,9,200000.0
6804ae2fa628d87a352cd5dc,676541cdbf85ec5de3d4b68c,7,14,5,200000.0
6804ae2fa628d87a352cd5dc,676541cdbf85ec5de3d4b68c,7,14,7,200000.0
6804ae2fa628d87a352cd5dc,676541cdbf85ec5de3d4b68c,7,14,7,200000.0
6804ae2fa628d87a352cd5dc,676541cdbf85ec5de3d4b68c,7,14,9,200000.0
6804ae2fa628d87a352cd5dc,676541cdbf85ec5de3d4b68c,7,14,8,200000.0
6804ae2fa628d87a352cd5dc,676541cdbf85ec5de3d4b68c,7,14,8,200000.0
6804ae2fa628d87a352cd5dc,676541cdbf85ec5de3d4b68c,7,14,5,200000.0
6804ae2fa628d87a352cd5dc,676541cdbf85ec5de3d4b68c,7,14,9,200000.0
6804ae2fa628d87a352cd5dc,676541cdbf85ec5de3d4b68c,7,14,4,200000.0
6804ae2fa628d87a352cd5dc,676541cdbf85ec5de3d4b68c,7,14,4,200000.0
6804ac28a628d87a352cd5d5,676541a9bf85ec5de3d4b68b,6,19,11,200000.0
6804ac28a628d87a352cd5d5,676541a9bf85ec5de3d4b68b,6,19,11,200000.0
6804ac28a628d87a352cd5d5,676541a9bf85ec5de3d4b68b,6,19,11,200000.0
6804ac28a628d87a352cd5d5,676541a9bf85ec5de3d4b68b,6,19,12,200000.0
6804ac28a628d87a352cd5d5,676541a9bf85ec5de3d4b68b,6,19,12,200000.0
6804ac28a628d87a352cd5d5,676541a9bf85ec5de3d4b68b,6,19,12,200000.0
6804ac28a628d87a352cd5d5,676541a9bf85ec5de3d4b68b,6,19,10,200000.0
6804ac28a628d87a352cd5d5,676541a9bf85ec5de3d4b68b,6,19,11,200000.0
6804ac28a628d87a352cd5d5,676541a9bf85ec5de3d4b68b,6,19,11,200000.0
6804ac28a628d87a352cd5d5,676541a9bf85ec5de3d4b68b,6,19,10,200000.0
6804ac28a628d87a352cd5d5,676541a9bf85ec5de3d4b68b,6,19,10,200000.0
6804ac28a628d87a352cd5d5,676541a9bf85ec5de3d4b68b,6,19,10,200000.0
6804ac28a628d87a352cd5d5,676541a9bf85ec5de3d4b68b,6,19,2,200000.0
6804ac28a628d87a352cd5d5,676541a9bf85ec5de3d4b68b,6,19,2,200000.0
6804ac28a628d87a352cd5d5,676541a9bf85ec5de3d4b68b,6,19,2,200000.0
6804ac28a628d87a352cd5d5,676541a9bf85ec5de3d4b68b,6,19,3,200000.0
6804ac28a628d87a352cd5d5,676541a9bf85ec5de3d4b68b,6,19,3,200000.0
6804ac28a628d87a352cd5d5,676541a9bf85ec5de3d4b68b,6,19,2,200000.0
6804ac28a628d87a352cd5d5,676541a9bf85ec5de3d4b68b,6,19,1,200000.0
6804ac28a628d87a352cd5d5,676541a9bf85ec5de3d4b68b,6,19,1,200000.0
6804ac28a628d87a352cd5d5,676541a9bf85ec5de3d4b68b,6,19,1,200000.0
6804ac28a628d87a352cd5d5,676541a9bf85ec5de3d4b68b,6,19,1,200000.0
6804ac28a628d87a352cd5d5,676541a9bf85ec5de3d4b68b,6,19,1,200000.0
6804ac28a628d87a352cd5d5,676541a9bf85ec5de3d4b68b,6,19,12,200000.0
6804ac28a628d87a352cd5d5,676541a9bf85ec5de3d4b68b,6,19,8,200000.0
6804ac28a628d87a352cd5d5,676541a9bf85ec5de3d4b68b,6,19,8,200000.0
6804ac28a628d87a352cd5d5,676541a9bf85ec5de3d4b68b,6,19,8,200000.0
6804ac28a628d87a352cd5d5,676541a9bf85ec5de3d4b68b,6,19,7,200000.0
6804ac28a628d87a352cd5d5,676541a9bf85ec5de3d4b68b,6,19,7,200000.0
6804ac28a628d87a352cd5d5,676541a9bf85ec5de3d4b68b,6,19,7,200000.0
6804ac28a628d87a352cd5d5,676541a9bf85ec5de3d4b68b,6,19,9,200000.0
6804ac28a628d87a352cd5d5,676541a9bf85ec5de3d4b68b,6,19,9,200000.0
6804ac28a628d87a352cd5d5,676541a9bf85ec5de3d4b68b,6,19,9,200000.0
6804ac28a628d87a352cd5d5,676541a9bf85ec5de3d4b68b,6,19,8,200000.0
6804ac28a628d87a352cd5d5,676541a9bf85ec5de3d4b68b,6,19,9,200000.0
6804ac28a628d87a352cd5d5,676541a9bf85ec5de3d4b68b,6,19,8,200000.0
6804ac28a628d87a352cd5d5,676541a9bf85ec5de3d4b68b,6,19,6,200000.0
6804ac28a628d87a352cd5d5,676541a9bf85ec5de3d4b68b,6,19,6,200000.0
6804ac28a628d87a352cd5d5,676541a9bf85ec5de3d4b68b,6,19,5,200000.0
6804ac28a628d87a352cd5d5,676541a9bf85ec5de3d4b68b,6,19,6,200000.0
6804ac28a628d87a352cd5d5,676541a9bf85ec5de3d4b68b,6,19,7,200000.0
6804ac28a628d87a352cd5d5,676541a9bf85ec5de3d4b68b,6,19,6,200000.0
6804ac28a628d87a352cd5d5,676541a9bf85ec5de3d4b68b,6,19,5,200000.0
6804ac28a628d87a352cd5d5,676541a9bf85ec5de3d4b68b,6,19,5,200000.0
6804ac28a628d87a352cd5d5,676541a9bf85ec5de3d4b68b,6,19,4,200000.0
6804ac28a628d87a352cd5d5,676541a9bf85ec5de3d4b68b,6,19,5,200000.0
6804ac28a628d87a352cd5d5,676541a9bf85ec5de3d4b68b,6,19,5,200000.0
6804ac28a628d87a352cd5d5,676541a9bf85ec5de3d4b68b,6,19,4,200000.0
6804ac28a628d87a352cd5d5,676541a9bf85ec5de3d4b68b,6,20,11,200000.0
6804ac28a628d87a352cd5d5,676541a9bf85ec5de3d4b68b,6,20,11,200000.0
6804ac28a628d87a352cd5d5,676541a9bf85ec5de3d4b68b,6,20,11,200000.0
6804ac28a628d87a352cd5d5,676541a9bf85ec5de3d4b68b,6,20,12,200000.0
6804ac28a628d87a352cd5d5,676541a9bf85ec5de3d4b68b,6,20,12,200000.0
6804ac28a628d87a352cd5d5,676541a9bf85ec5de3d4b68b,6,20,12,200000.0
6804ac28a628d87a352cd5d5,676541a9bf85ec5de3d4b68b,6,20,10,200000.0
6804ac28a628d87a352cd5d5,676541a9bf85ec5de3d4b68b,6,20,11,200000.0
6804ac28a628d87a352cd5d5,676541a9bf85ec5de3d4b68b,6,20,11,200000.0
6804ac28a628d87a352cd5d5,676541a9bf85ec5de3d4b68b,6,20,10,200000.0
6804ac28a628d87a352cd5d5,676541a9bf85ec5de3d4b68b,6,20,10,200000.0
6804ac28a628d87a352cd5d5,676541a9bf85ec5de3d4b68b,6,20,10,200000.0
6804ac28a628d87a352cd5d5,676541a9bf85ec5de3d4b68b,6,20,2,200000.0
6804ac28a628d87a352cd5d5,676541a9bf85ec5de3d4b68b,6,20,2,200000.0
6804ac28a628d87a352cd5d5,676541a9bf85ec5de3d4b68b,6,20,2,200000.0
6804ac28a628d87a352cd5d5,676541a9bf85ec5de3d4b68b,6,20,3,200000.0
6804ac28a628d87a352cd5d5,676541a9bf85ec5de3d4b68b,6,20,3,200000.0
6804ac28a628d87a352cd5d5,676541a9bf85ec5de3d4b68b,6,20,2,200000.0
6804ac28a628d87a352cd5d5,676541a9bf85ec5de3d4b68b,6,20,1,200000.0
6804ac28a628d87a352cd5d5,676541a9bf85ec5de3d4b68b,6,20,1,200000.0
6804ac28a628d87a352cd5d5,676541a9bf85ec5de3d4b68b,6,20,1,200000.0
6804ac28a628d87a352cd5d5,676541a9bf85ec5de3d4b68b,6,20,1,200000.0
6804ac28a628d87a352cd5d5,676541a9bf85ec5de3d4b68b,6,20,1,200000.0
6804ac28a628d87a352cd5d5,676541a9bf85ec5de3d4b68b,6,20,12,200000.0
6804ac28a628d87a352cd5d5,676541a9bf85ec5de3d4b68b,6,20,8,200000.0
6804ac28a628d87a352cd5d5,676541a9bf85ec5de3d4b68b,6,20,8,200000.0
6804ac28a628d87a352cd5d5,676541a9bf85ec5de3d4b68b,6,20,8,200000.0
6804ac28a628d87a352cd5d5,676541a9bf85ec5de3d4b68b,6,20,7,200000.0
6804ac28a628d87a352cd5d5,676541a9bf85ec5de3d4b68b,6,20,7,200000.0
6804ac28a628d87a352cd5d5,676541a9bf85ec5de3d4b68b,6,20,7,200000.0
6804ac28a628d87a352cd5d5,676541a9bf85ec5de3d4b68b,6,20,9,200000.0
6804ac28a628d87a352cd5d5,676541a9bf85ec5de3d4b68b,6,20,9,200000.0
6804ac28a628d87a352cd5d5,676541a9bf85ec5de3d4b68b,6,20,6,200000.0
6804ac28a628d87a352cd5d5,676541a9bf85ec5de3d4b68b,6,20,9,200000.0
6804ac28a628d87a352cd5d5,676541a9bf85ec5de3d4b68b,6,20,6,200000.0
6804ac28a628d87a352cd5d5,676541a9bf85ec5de3d4b68b,6,20,8,200000.0
6804ac28a628d87a352cd5d5,676541a9bf85ec5de3d4b68b,6,20,5,200000.0
6804ac28a628d87a352cd5d5,676541a9bf85ec5de3d4b68b,6,20,8,200000.0
6804ac28a628d87a352cd5d5,676541a9bf85ec5de3d4b68b,6,20,9,200000.0
6804ac28a628d87a352cd5d5,676541a9bf85ec5de3d4b68b,6,20,6,200000.0
6804ac28a628d87a352cd5d5,676541a9bf85ec5de3d4b68b,6,20,4,200000.0
6804ac28a628d87a352cd5d5,676541a9bf85ec5de3d4b68b,6,20,5,200000.0
6804ac28a628d87a352cd5d5,676541a9bf85ec5de3d4b68b,6,20,5,200000.0
6804ac28a628d87a352cd5d5,676541a9bf85ec5de3d4b68b,6,20,5,200000.0
6804ac28a628d87a352cd5d5,676541a9bf85ec5de3d4b68b,6,20,4,200000.0
6804ac28a628d87a352cd5d5,676541a9bf85ec5de3d4b68b,6,20,7,200000.0
6804ac28a628d87a352cd5d5,676541a9bf85ec5de3d4b68b,6,20,5,200000.0
6804ac28a628d87a352cd5d5,676541a9bf85ec5de3d4b68b,6,20,6,200000.0
6804ac28a628d87a352cd5d5,676541a9bf85ec5de3d4b68b,6,21,11,200000.0
6804ac28a628d87a352cd5d5,676541a9bf85ec5de3d4b68b,6,21,11,200000.0
6804ac28a628d87a352cd5d5,676541a9bf85ec5de3d4b68b,6,21,11,200000.0
6804ac28a628d87a352cd5d5,676541a9bf85ec5de3d4b68b,6,21,12,200000.0
6804ac28a628d87a352cd5d5,676541a9bf85ec5de3d4b68b,6,21,12,200000.0
6804ac28a628d87a352cd5d5,676541a9bf85ec5de3d4b68b,6,21,12,200000.0
6804ac28a628d87a352cd5d5,676541a9bf85ec5de3d4b68b,6,21,10,200000.0
6804ac28a628d87a352cd5d5,676541a9bf85ec5de3d4b68b,6,21,11,200000.0
6804ac28a628d87a352cd5d5,676541a9bf85ec5de3d4b68b,6,21,11,200000.0
6804ac28a628d87a352cd5d5,676541a9bf85ec5de3d4b68b,6,21,10,200000.0
6804ac28a628d87a352cd5d5,676541a9bf85ec5de3d4b68b,6,21,10,200000.0
6804ac28a628d87a352cd5d5,676541a9bf85ec5de3d4b68b,6,21,10,200000.0
6804ac28a628d87a352cd5d5,676541a9bf85ec5de3d4b68b,6,21,2,200000.0
6804ac28a628d87a352cd5d5,676541a9bf85ec5de3d4b68b,6,21,2,200000.0
6804ac28a628d87a352cd5d5,676541a9bf85ec5de3d4b68b,6,21,2,200000.0
6804ac28a628d87a352cd5d5,676541a9bf85ec5de3d4b68b,6,21,3,200000.0
6804ac28a628d87a352cd5d5,676541a9bf85ec5de3d4b68b,6,21,3,200000.0
6804ac28a628d87a352cd5d5,676541a9bf85ec5de3d4b68b,6,21,2,200000.0
6804ac28a628d87a352cd5d5,676541a9bf85ec5de3d4b68b,6,21,1,200000.0
6804ac28a628d87a352cd5d5,676541a9bf85ec5de3d4b68b,6,21,1,200000.0
6804ac28a628d87a352cd5d5,676541a9bf85ec5de3d4b68b,6,21,1,200000.0
6804ac28a628d87a352cd5d5,676541a9bf85ec5de3d4b68b,6,21,1,200000.0
6804ac28a628d87a352cd5d5,676541a9bf85ec5de3d4b68b,6,21,1,200000.0
6804ac28a628d87a352cd5d5,676541a9bf85ec5de3d4b68b,6,21,12,200000.0
6804ac28a628d87a352cd5d5,676541a9bf85ec5de3d4b68b,6,21,8,200000.0
6804ac28a628d87a352cd5d5,676541a9bf85ec5de3d4b68b,6,21,8,200000.0
6804ac28a628d87a352cd5d5,676541a9bf85ec5de3d4b68b,6,21,8,200000.0
6804ac28a628d87a352cd5d5,676541a9bf85ec5de3d4b68b,6,21,7,200000.0
6804ac28a628d87a352cd5d5,676541a9bf85ec5de3d4b68b,6,21,7,200000.0
6804ac28a628d87a352cd5d5,676541a9bf85ec5de3d4b68b,6,21,7,200000.0
6804ac28a628d87a352cd5d5,676541a9bf85ec5de3d4b68b,6,21,9,200000.0
6804ac28a628d87a352cd5d5,676541a9bf85ec5de3d4b68b,6,21,9,200000.0
6804ac28a628d87a352cd5d5,676541a9bf85ec5de3d4b68b,6,21,9,200000.0
6804ac28a628d87a352cd5d5,676541a9bf85ec5de3d4b68b,6,21,8,200000.0
6804ac28a628d87a352cd5d5,676541a9bf85ec5de3d4b68b,6,21,9,200000.0
6804ac28a628d87a352cd5d5,676541a9bf85ec5de3d4b68b,6,21,8,200000.0
6804ac28a628d87a352cd5d5,676541a9bf85ec5de3d4b68b,6,21,6,200000.0
6804ac28a628d87a352cd5d5,676541a9bf85ec5de3d4b68b,6,21,6,200000.0
6804ac28a628d87a352cd5d5,676541a9bf85ec5de3d4b68b,6,21,5,200000.0
6804ac28a628d87a352cd5d5,676541a9bf85ec5de3d4b68b,6,21,6,200000.0
6804ac28a628d87a352cd5d5,676541a9bf85ec5de3d4b68b,6,21,7,200000.0
6804ac28a628d87a352cd5d5,676541a9bf85ec5de3d4b68b,6,21,6,200000.0
6804ac28a628d87a352cd5d5,676541a9bf85ec5de3d4b68b,6,21,5,200000.0
6804ac28a628d87a352cd5d5,676541a9bf85ec5de3d4b68b,6,21,5,200000.0
6804ac28a628d87a352cd5d5,676541a9bf85ec5de3d4b68b,6,21,5,200000.0
6804ac28a628d87a352cd5d5,676541a9bf85ec5de3d4b68b,6,21,4,200000.0
6804ac28a628d87a352cd5d5,676541a9bf85ec5de3d4b68b,6,21,5,200000.0
6804ac28a628d87a352cd5d5,676541a9bf85ec5de3d4b68b,6,21,4,200000.0
6804ac28a628d87a352cd5d5,676541a9bf85ec5de3d4b68b,6,6,11,200000.0
6804ac28a628d87a352cd5d5,676541a9bf85ec5de3d4b68b,6,6,11,200000.0
6804ac28a628d87a352cd5d5,676541a9bf85ec5de3d4b68b,6,6,11,200000.0
6804ac28a628d87a352cd5d5,676541a9bf85ec5de3d4b68b,6,6,12,200000.0
6804ac28a628d87a352cd5d5,676541a9bf85ec5de3d4b68b,6,6,12,200000.0
6804ac28a628d87a352cd5d5,676541a9bf85ec5de3d4b68b,6,6,12,200000.0
6804ac28a628d87a352cd5d5,676541a9bf85ec5de3d4b68b,6,6,10,200000.0
6804ac28a628d87a352cd5d5,676541a9bf85ec5de3d4b68b,6,6,11,200000.0
6804ac28a628d87a352cd5d5,676541a9bf85ec5de3d4b68b,6,6,11,200000.0
6804ac28a628d87a352cd5d5,676541a9bf85ec5de3d4b68b,6,6,10,200000.0
6804ac28a628d87a352cd5d5,676541a9bf85ec5de3d4b68b,6,6,10,200000.0
6804ac28a628d87a352cd5d5,676541a9bf85ec5de3d4b68b,6,6,10,200000.0
6804ac28a628d87a352cd5d5,676541a9bf85ec5de3d4b68b,6,6,2,200000.0
6804ac28a628d87a352cd5d5,676541a9bf85ec5de3d4b68b,6,6,8,200000.0
6804ac28a628d87a352cd5d5,676541a9bf85ec5de3d4b68b,6,6,2,200000.0
6804ac28a628d87a352cd5d5,676541a9bf85ec5de3d4b68b,6,6,2,200000.0
6804ac28a628d87a352cd5d5,676541a9bf85ec5de3d4b68b,6,6,3,200000.0
6804ac28a628d87a352cd5d5,676541a9bf85ec5de3d4b68b,6,6,8,200000.0
6804ac28a628d87a352cd5d5,676541a9bf85ec5de3d4b68b,6,6,3,200000.0
6804ac28a628d87a352cd5d5,676541a9bf85ec5de3d4b68b,6,6,8,200000.0
6804ac28a628d87a352cd5d5,676541a9bf85ec5de3d4b68b,6,6,2,200000.0
6804ac28a628d87a352cd5d5,676541a9bf85ec5de3d4b68b,6,6,7,200000.0
6804ac28a628d87a352cd5d5,676541a9bf85ec5de3d4b68b,6,6,7,200000.0
6804ac28a628d87a352cd5d5,676541a9bf85ec5de3d4b68b,6,6,7,200000.0
6804ac28a628d87a352cd5d5,676541a9bf85ec5de3d4b68b,6,6,1,200000.0
6804ac28a628d87a352cd5d5,676541a9bf85ec5de3d4b68b,6,6,9,200000.0
6804ac28a628d87a352cd5d5,676541a9bf85ec5de3d4b68b,6,6,9,200000.0
6804ac28a628d87a352cd5d5,676541a9bf85ec5de3d4b68b,6,6,1,200000.0
6804ac28a628d87a352cd5d5,676541a9bf85ec5de3d4b68b,6,6,1,200000.0
6804ac28a628d87a352cd5d5,676541a9bf85ec5de3d4b68b,6,6,9,200000.0
6804ac28a628d87a352cd5d5,676541a9bf85ec5de3d4b68b,6,6,8,200000.0
6804ac28a628d87a352cd5d5,676541a9bf85ec5de3d4b68b,6,6,9,200000.0
6804ac28a628d87a352cd5d5,676541a9bf85ec5de3d4b68b,6,6,1,200000.0
6804ac28a628d87a352cd5d5,676541a9bf85ec5de3d4b68b,6,6,8,200000.0
6804ac28a628d87a352cd5d5,676541a9bf85ec5de3d4b68b,6,6,1,200000.0
6804ac28a628d87a352cd5d5,676541a9bf85ec5de3d4b68b,6,6,6,200000.0
6804ac28a628d87a352cd5d5,676541a9bf85ec5de3d4b68b,6,6,12,200000.0
6804ac28a628d87a352cd5d5,676541a9bf85ec5de3d4b68b,6,6,6,200000.0
6804ac28a628d87a352cd5d5,676541a9bf85ec5de3d4b68b,6,6,5,200000.0
6804ac28a628d87a352cd5d5,676541a9bf85ec5de3d4b68b,6,6,6,200000.0
6804ac28a628d87a352cd5d5,676541a9bf85ec5de3d4b68b,6,6,7,200000.0
6804ac28a628d87a352cd5d5,676541a9bf85ec5de3d4b68b,6,6,6,200000.0
6804ac28a628d87a352cd5d5,676541a9bf85ec5de3d4b68b,6,6,5,200000.0
6804ac28a628d87a352cd5d5,676541a9bf85ec5de3d4b68b,6,6,5,200000.0
6804ac28a628d87a352cd5d5,676541a9bf85ec5de3d4b68b,6,6,4,200000.0
6804ac28a628d87a352cd5d5,676541a9bf85ec5de3d4b68b,6,6,5,200000.0
6804ac28a628d87a352cd5d5,676541a9bf85ec5de3d4b68b,6,6,5,200000.0
6804ac28a628d87a352cd5d5,676541a9bf85ec5de3d4b68b,6,6,4,200000.0
6804ac28a628d87a352cd5d5,676541a9bf85ec5de3d4b68b,7,6,11,200000.0
6804ac28a628d87a352cd5d5,676541a9bf85ec5de3d4b68b,7,6,11,200000.0
6804ac28a628d87a352cd5d5,676541a9bf85ec5de3d4b68b,7,6,11,200000.0
6804ac28a628d87a352cd5d5,676541a9bf85ec5de3d4b68b,7,6,12,200000.0
6804ac28a628d87a352cd5d5,676541a9bf85ec5de3d4b68b,7,6,12,200000.0
6804ac28a628d87a352cd5d5,676541a9bf85ec5de3d4b68b,7,6,12,200000.0
6804ac28a628d87a352cd5d5,676541a9bf85ec5de3d4b68b,7,6,10,200000.0
6804ac28a628d87a352cd5d5,676541a9bf85ec5de3d4b68b,7,6,11,200000.0
6804ac28a628d87a352cd5d5,676541a9bf85ec5de3d4b68b,7,6,11,200000.0
6804ac28a628d87a352cd5d5,676541a9bf85ec5de3d4b68b,7,6,10,200000.0
6804ac28a628d87a352cd5d5,676541a9bf85ec5de3d4b68b,7,6,10,200000.0
6804ac28a628d87a352cd5d5,676541a9bf85ec5de3d4b68b,7,6,10,200000.0
6804ac28a628d87a352cd5d5,676541a9bf85ec5de3d4b68b,7,6,8,200000.0
6804ac28a628d87a352cd5d5,676541a9bf85ec5de3d4b68b,7,6,8,200000.0
6804ac28a628d87a352cd5d5,676541a9bf85ec5de3d4b68b,7,6,8,200000.0
6804ac28a628d87a352cd5d5,676541a9bf85ec5de3d4b68b,7,6,2,200000.0
6804ac28a628d87a352cd5d5,676541a9bf85ec5de3d4b68b,7,6,7,200000.0
6804ac28a628d87a352cd5d5,676541a9bf85ec5de3d4b68b,7,6,2,200000.0
6804ac28a628d87a352cd5d5,676541a9bf85ec5de3d4b68b,7,6,7,200000.0
6804ac28a628d87a352cd5d5,676541a9bf85ec5de3d4b68b,7,6,7,200000.0
6804ac28a628d87a352cd5d5,676541a9bf85ec5de3d4b68b,7,6,9,200000.0
6804ac28a628d87a352cd5d5,676541a9bf85ec5de3d4b68b,7,6,9,200000.0
6804ac28a628d87a352cd5d5,676541a9bf85ec5de3d4b68b,7,6,2,200000.0
6804ac28a628d87a352cd5d5,676541a9bf85ec5de3d4b68b,7,6,9,200000.0
6804ac28a628d87a352cd5d5,676541a9bf85ec5de3d4b68b,7,6,8,200000.0
6804ac28a628d87a352cd5d5,676541a9bf85ec5de3d4b68b,7,6,3,200000.0
6804ac28a628d87a352cd5d5,676541a9bf85ec5de3d4b68b,7,6,3,200000.0
6804ac28a628d87a352cd5d5,676541a9bf85ec5de3d4b68b,7,6,9,200000.0
6804ac28a628d87a352cd5d5,676541a9bf85ec5de3d4b68b,7,6,3,200000.0
6804ac28a628d87a352cd5d5,676541a9bf85ec5de3d4b68b,7,6,8,200000.0
6804ac28a628d87a352cd5d5,676541a9bf85ec5de3d4b68b,7,6,1,200000.0
6804ac28a628d87a352cd5d5,676541a9bf85ec5de3d4b68b,7,6,2,200000.0
6804ac28a628d87a352cd5d5,676541a9bf85ec5de3d4b68b,7,6,1,200000.0
6804ac28a628d87a352cd5d5,676541a9bf85ec5de3d4b68b,7,6,5,200000.0
6804ac28a628d87a352cd5d5,676541a9bf85ec5de3d4b68b,7,6,5,200000.0
6804ac28a628d87a352cd5d5,676541a9bf85ec5de3d4b68b,7,6,5,200000.0
6804ac28a628d87a352cd5d5,676541a9bf85ec5de3d4b68b,7,6,12,200000.0
6804ac28a628d87a352cd5d5,676541a9bf85ec5de3d4b68b,7,6,1,200000.0
6804ac28a628d87a352cd5d5,676541a9bf85ec5de3d4b68b,7,6,4,200000.0
6804ac28a628d87a352cd5d5,676541a9bf85ec5de3d4b68b,7,6,5,200000.0
6804ac28a628d87a352cd5d5,676541a9bf85ec5de3d4b68b,7,6,6,200000.0
6804ac28a628d87a352cd5d5,676541a9bf85ec5de3d4b68b,7,6,6,200000.0
6804ac28a628d87a352cd5d5,676541a9bf85ec5de3d4b68b,7,6,6,200000.0
6804ac28a628d87a352cd5d5,676541a9bf85ec5de3d4b68b,7,6,1,200000.0
6804ac28a628d87a352cd5d5,676541a9bf85ec5de3d4b68b,7,6,4,200000.0
6804ac28a628d87a352cd5d5,676541a9bf85ec5de3d4b68b,7,6,7,200000.0
6804ac28a628d87a352cd5d5,676541a9bf85ec5de3d4b68b,7,6,6,200000.0
6804ac28a628d87a352cd5d5,676541a9bf85ec5de3d4b68b,7,6,6,200000.0
6804ac6aa628d87a352cd5d6,676541a9bf85ec5de3d4b68b,7,18,11,100000.0
6804ac6aa628d87a352cd5d6,676541a9bf85ec5de3d4b68b,7,18,11,100000.0
6804ac6aa628d87a352cd5d6,676541a9bf85ec5de3d4b68b,7,18,11,100000.0
6804ac6aa628d87a352cd5d6,676541a9bf85ec5de3d4b68b,7,18,12,100000.0
6804ac6aa628d87a352cd5d6,676541a9bf85ec5de3d4b68b,7,18,12,100000.0
6804ac6aa628d87a352cd5d6,676541a9bf85ec5de3d4b68b,7,18,11,100000.0
6804ac6aa628d87a352cd5d6,676541a9bf85ec5de3d4b68b,7,18,10,100000.0
6804ac6aa628d87a352cd5d6,676541a9bf85ec5de3d4b68b,7,18,11,100000.0
6804ac6aa628d87a352cd5d6,676541a9bf85ec5de3d4b68b,7,18,10,100000.0
6804ac6aa628d87a352cd5d6,676541a9bf85ec5de3d4b68b,7,18,10,100000.0
6804ac6aa628d87a352cd5d6,676541a9bf85ec5de3d4b68b,7,18,10,100000.0
6804ac6aa628d87a352cd5d6,676541a9bf85ec5de3d4b68b,7,18,9,100000.0
6804ac6aa628d87a352cd5d6,676541a9bf85ec5de3d4b68b,7,18,2,100000.0
6804ac6aa628d87a352cd5d6,676541a9bf85ec5de3d4b68b,7,18,2,100000.0
6804ac6aa628d87a352cd5d6,676541a9bf85ec5de3d4b68b,7,18,2,100000.0
6804ac6aa628d87a352cd5d6,676541a9bf85ec5de3d4b68b,7,18,3,100000.0
6804ac6aa628d87a352cd5d6,676541a9bf85ec5de3d4b68b,7,18,3,100000.0
6804ac6aa628d87a352cd5d6,676541a9bf85ec5de3d4b68b,7,18,2,100000.0
6804ac6aa628d87a352cd5d6,676541a9bf85ec5de3d4b68b,7,18,1,100000.0
6804ac6aa628d87a352cd5d6,676541a9bf85ec5de3d4b68b,7,18,1,100000.0
6804ac6aa628d87a352cd5d6,676541a9bf85ec5de3d4b68b,7,18,7,100000.0
6804ac6aa628d87a352cd5d6,676541a9bf85ec5de3d4b68b,7,18,1,100000.0
6804ac6aa628d87a352cd5d6,676541a9bf85ec5de3d4b68b,7,18,8,100000.0
6804ac6aa628d87a352cd5d6,676541a9bf85ec5de3d4b68b,7,18,12,100000.0
6804ac6aa628d87a352cd5d6,676541a9bf85ec5de3d4b68b,7,18,1,100000.0
6804ac6aa628d87a352cd5d6,676541a9bf85ec5de3d4b68b,7,18,8,100000.0
6804ac6aa628d87a352cd5d6,676541a9bf85ec5de3d4b68b,7,18,12,100000.0
6804ac6aa628d87a352cd5d6,676541a9bf85ec5de3d4b68b,7,18,7,100000.0
6804ac6aa628d87a352cd5d6,676541a9bf85ec5de3d4b68b,7,18,7,100000.0
6804ac6aa628d87a352cd5d6,676541a9bf85ec5de3d4b68b,7,18,6,100000.0
6804ac6aa628d87a352cd5d6,676541a9bf85ec5de3d4b68b,7,18,7,100000.0
6804ac6aa628d87a352cd5d6,676541a9bf85ec5de3d4b68b,7,18,6,100000.0
6804ac6aa628d87a352cd5d6,676541a9bf85ec5de3d4b68b,7,18,5,100000.0
6804ac6aa628d87a352cd5d6,676541a9bf85ec5de3d4b68b,7,18,5,100000.0
6804ac6aa628d87a352cd5d6,676541a9bf85ec5de3d4b68b,7,18,6,100000.0
6804ac6aa628d87a352cd5d6,676541a9bf85ec5de3d4b68b,7,18,5,100000.0
6804ac6aa628d87a352cd5d6,676541a9bf85ec5de3d4b68b,7,18,6,100000.0
6804ac6aa628d87a352cd5d6,676541a9bf85ec5de3d4b68b,7,18,5,100000.0
6804ac6aa628d87a352cd5d6,676541a9bf85ec5de3d4b68b,7,18,4,100000.0
6804ac6aa628d87a352cd5d6,676541a9bf85ec5de3d4b68b,7,18,4,100000.0
6804ac6aa628d87a352cd5d6,676541a9bf85ec5de3d4b68b,7,18,9,100000.0
6804ac6aa628d87a352cd5d6,676541a9bf85ec5de3d4b68b,7,18,9,100000.0
6804ac6aa628d87a352cd5d6,676541a9bf85ec5de3d4b68b,7,18,4,100000.0
6804ac6aa628d87a352cd5d6,676541a9bf85ec5de3d4b68b,7,18,9,100000.0
6804ac6aa628d87a352cd5d6,676541a9bf85ec5de3d4b68b,7,18,8,100000.0
6804ac6aa628d87a352cd5d6,676541a9bf85ec5de3d4b68b,7,18,8,100000.0
6804ac6aa628d87a352cd5d6,676541a9bf85ec5de3d4b68b,7,18,8,100000.0
6804ac6aa628d87a352cd5d6,676541a9bf85ec5de3d4b68b,7,18,6,100000.0
6804ac6aa628d87a352cd5d6,676541a9bf85ec5de3d4b68b,7,19,11,100000.0
6804ac6aa628d87a352cd5d6,676541a9bf85ec5de3d4b68b,7,19,11,100000.0
6804ac6aa628d87a352cd5d6,676541a9bf85ec5de3d4b68b,7,19,11,100000.0
6804ac6aa628d87a352cd5d6,676541a9bf85ec5de3d4b68b,7,19,12,100000.0
6804ac6aa628d87a352cd5d6,676541a9bf85ec5de3d4b68b,7,19,12,100000.0
6804ac6aa628d87a352cd5d6,676541a9bf85ec5de3d4b68b,7,19,11,100000.0
6804ac6aa628d87a352cd5d6,676541a9bf85ec5de3d4b68b,7,19,10,100000.0
6804ac6aa628d87a352cd5d6,676541a9bf85ec5de3d4b68b,7,19,11,100000.0
6804ac6aa628d87a352cd5d6,676541a9bf85ec5de3d4b68b,7,19,10,100000.0
6804ac6aa628d87a352cd5d6,676541a9bf85ec5de3d4b68b,7,19,10,100000.0
6804ac6aa628d87a352cd5d6,676541a9bf85ec5de3d4b68b,7,19,10,100000.0
6804ac6aa628d87a352cd5d6,676541a9bf85ec5de3d4b68b,7,19,9,100000.0
6804ac6aa628d87a352cd5d6,676541a9bf85ec5de3d4b68b,7,19,2,100000.0
6804ac6aa628d87a352cd5d6,676541a9bf85ec5de3d4b68b,7,19,2,100000.0
6804ac6aa628d87a352cd5d6,676541a9bf85ec5de3d4b68b,7,19,2,100000.0
6804ac6aa628d87a352cd5d6,676541a9bf85ec5de3d4b68b,7,19,3,100000.0
6804ac6aa628d87a352cd5d6,676541a9bf85ec5de3d4b68b,7,19,3,100000.0
6804ac6aa628d87a352cd5d6,676541a9bf85ec5de3d4b68b,7,19,2,100000.0
6804ac6aa628d87a352cd5d6,676541a9bf85ec5de3d4b68b,7,19,7,100000.0
6804ac6aa628d87a352cd5d6,676541a9bf85ec5de3d4b68b,7,19,8,100000.0
6804ac6aa628d87a352cd5d6,676541a9bf85ec5de3d4b68b,7,19,8,100000.0
6804ac6aa628d87a352cd5d6,676541a9bf85ec5de3d4b68b,7,19,1,100000.0
6804ac6aa628d87a352cd5d6,676541a9bf85ec5de3d4b68b,7,19,7,100000.0
6804ac6aa628d87a352cd5d6,676541a9bf85ec5de3d4b68b,7,19,7,100000.0
6804ac6aa628d87a352cd5d6,676541a9bf85ec5de3d4b68b,7,19,12,100000.0
6804ac6aa628d87a352cd5d6,676541a9bf85ec5de3d4b68b,7,19,7,100000.0
6804ac6aa628d87a352cd5d6,676541a9bf85ec5de3d4b68b,7,19,1,100000.0
6804ac6aa628d87a352cd5d6,676541a9bf85ec5de3d4b68b,7,19,1,100000.0
6804ac6aa628d87a352cd5d6,676541a9bf85ec5de3d4b68b,7,19,9,100000.0
6804ac6aa628d87a352cd5d6,676541a9bf85ec5de3d4b68b,7,19,1,100000.0
6804ac6aa628d87a352cd5d6,676541a9bf85ec5de3d4b68b,7,19,9,100000.0
6804ac6aa628d87a352cd5d6,676541a9bf85ec5de3d4b68b,7,19,6,100000.0
6804ac6aa628d87a352cd5d6,676541a9bf85ec5de3d4b68b,7,19,9,100000.0
6804ac6aa628d87a352cd5d6,676541a9bf85ec5de3d4b68b,7,19,12,100000.0
6804ac6aa628d87a352cd5d6,676541a9bf85ec5de3d4b68b,7,19,6,100000.0
6804ac6aa628d87a352cd5d6,676541a9bf85ec5de3d4b68b,7,19,8,100000.0
6804ac6aa628d87a352cd5d6,676541a9bf85ec5de3d4b68b,7,19,8,100000.0
6804ac6aa628d87a352cd5d6,676541a9bf85ec5de3d4b68b,7,19,4,100000.0
6804ac6aa628d87a352cd5d6,676541a9bf85ec5de3d4b68b,7,19,4,100000.0
6804ac6aa628d87a352cd5d6,676541a9bf85ec5de3d4b68b,7,19,8,100000.0
6804ac6aa628d87a352cd5d6,676541a9bf85ec5de3d4b68b,7,19,6,100000.0
6804ac6aa628d87a352cd5d6,676541a9bf85ec5de3d4b68b,7,19,5,100000.0
6804ac6aa628d87a352cd5d6,676541a9bf85ec5de3d4b68b,7,19,5,100000.0
6804ac6aa628d87a352cd5d6,676541a9bf85ec5de3d4b68b,7,19,5,100000.0
6804ac6aa628d87a352cd5d6,676541a9bf85ec5de3d4b68b,7,19,6,100000.0
6804ac6aa628d87a352cd5d6,676541a9bf85ec5de3d4b68b,7,19,6,100000.0
6804ac6aa628d87a352cd5d6,676541a9bf85ec5de3d4b68b,7,19,4,100000.0
6804ac6aa628d87a352cd5d6,676541a9bf85ec5de3d4b68b,7,19,5,100000.0
6804ac6aa628d87a352cd5d6,676541a9bf85ec5de3d4b68b,6,21,11,100000.0
6804ac6aa628d87a352cd5d6,676541a9bf85ec5de3d4b68b,6,21,11,100000.0
6804ac6aa628d87a352cd5d6,676541a9bf85ec5de3d4b68b,6,21,11,100000.0
6804ac6aa628d87a352cd5d6,676541a9bf85ec5de3d4b68b,6,21,12,100000.0
6804ac6aa628d87a352cd5d6,676541a9bf85ec5de3d4b68b,6,21,12,100000.0
6804ac6aa628d87a352cd5d6,676541a9bf85ec5de3d4b68b,6,21,12,100000.0
6804ac6aa628d87a352cd5d6,676541a9bf85ec5de3d4b68b,6,21,10,100000.0
6804ac6aa628d87a352cd5d6,676541a9bf85ec5de3d4b68b,6,21,11,100000.0
6804ac6aa628d87a352cd5d6,676541a9bf85ec5de3d4b68b,6,21,11,100000.0
6804ac6aa628d87a352cd5d6,676541a9bf85ec5de3d4b68b,6,21,10,100000.0
6804ac6aa628d87a352cd5d6,676541a9bf85ec5de3d4b68b,6,21,10,100000.0
6804ac6aa628d87a352cd5d6,676541a9bf85ec5de3d4b68b,6,21,10,100000.0
6804ac6aa628d87a352cd5d6,676541a9bf85ec5de3d4b68b,6,21,8,100000.0
6804ac6aa628d87a352cd5d6,676541a9bf85ec5de3d4b68b,6,21,2,100000.0
6804ac6aa628d87a352cd5d6,676541a9bf85ec5de3d4b68b,6,21,2,100000.0
6804ac6aa628d87a352cd5d6,676541a9bf85ec5de3d4b68b,6,21,2,100000.0
6804ac6aa628d87a352cd5d6,676541a9bf85ec5de3d4b68b,6,21,8,100000.0
6804ac6aa628d87a352cd5d6,676541a9bf85ec5de3d4b68b,6,21,3,100000.0
6804ac6aa628d87a352cd5d6,676541a9bf85ec5de3d4b68b,6,21,8,100000.0
6804ac6aa628d87a352cd5d6,676541a9bf85ec5de3d4b68b,6,21,3,100000.0
6804ac6aa628d87a352cd5d6,676541a9bf85ec5de3d4b68b,6,21,2,100000.0
6804ac6aa628d87a352cd5d6,676541a9bf85ec5de3d4b68b,6,21,7,100000.0
6804ac6aa628d87a352cd5d6,676541a9bf85ec5de3d4b68b,6,21,7,100000.0
6804ac6aa628d87a352cd5d6,676541a9bf85ec5de3d4b68b,6,21,7,100000.0
6804ac6aa628d87a352cd5d6,676541a9bf85ec5de3d4b68b,6,21,1,100000.0
6804ac6aa628d87a352cd5d6,676541a9bf85ec5de3d4b68b,6,21,1,100000.0
6804ac6aa628d87a352cd5d6,676541a9bf85ec5de3d4b68b,6,21,1,100000.0
6804ac6aa628d87a352cd5d6,676541a9bf85ec5de3d4b68b,6,21,1,100000.0
6804ac6aa628d87a352cd5d6,676541a9bf85ec5de3d4b68b,6,21,1,100000.0
6804ac6aa628d87a352cd5d6,676541a9bf85ec5de3d4b68b,6,21,8,100000.0
6804ac6aa628d87a352cd5d6,676541a9bf85ec5de3d4b68b,6,21,9,100000.0
6804ac6aa628d87a352cd5d6,676541a9bf85ec5de3d4b68b,6,21,8,100000.0
6804ac6aa628d87a352cd5d6,676541a9bf85ec5de3d4b68b,6,21,9,100000.0
6804ac6aa628d87a352cd5d6,676541a9bf85ec5de3d4b68b,6,21,6,100000.0
6804ac6aa628d87a352cd5d6,676541a9bf85ec5de3d4b68b,6,21,9,100000.0
6804ac6aa628d87a352cd5d6,676541a9bf85ec5de3d4b68b,6,21,9,100000.0
6804ac6aa628d87a352cd5d6,676541a9bf85ec5de3d4b68b,6,21,12,100000.0
6804ac6aa628d87a352cd5d6,676541a9bf85ec5de3d4b68b,6,21,7,100000.0
6804ac6aa628d87a352cd5d6,676541a9bf85ec5de3d4b68b,6,21,6,100000.0
6804ac6aa628d87a352cd5d6,676541a9bf85ec5de3d4b68b,6,21,5,100000.0
6804ac6aa628d87a352cd5d6,676541a9bf85ec5de3d4b68b,6,21,6,100000.0
6804ac6aa628d87a352cd5d6,676541a9bf85ec5de3d4b68b,6,21,6,100000.0
6804ac6aa628d87a352cd5d6,676541a9bf85ec5de3d4b68b,6,21,5,100000.0
6804ac6aa628d87a352cd5d6,676541a9bf85ec5de3d4b68b,6,21,4,100000.0
6804ac6aa628d87a352cd5d6,676541a9bf85ec5de3d4b68b,6,21,4,100000.0
6804ac6aa628d87a352cd5d6,676541a9bf85ec5de3d4b68b,6,21,5,100000.0
6804ac6aa628d87a352cd5d6,676541a9bf85ec5de3d4b68b,6,21,5,100000.0
6804ac6aa628d87a352cd5d6,676541a9bf85ec5de3d4b68b,6,21,5,100000.0
6804ac6aa628d87a352cd5d6,676541a9bf85ec5de3d4b68b,7,6,11,100000.0
6804ac6aa628d87a352cd5d6,676541a9bf85ec5de3d4b68b,7,6,11,100000.0
6804ac6aa628d87a352cd5d6,676541a9bf85ec5de3d4b68b,7,6,11,100000.0
6804ac6aa628d87a352cd5d6,676541a9bf85ec5de3d4b68b,7,6,12,100000.0
6804ac6aa628d87a352cd5d6,676541a9bf85ec5de3d4b68b,7,6,12,100000.0
6804ac6aa628d87a352cd5d6,676541a9bf85ec5de3d4b68b,7,6,12,100000.0
6804ac6aa628d87a352cd5d6,676541a9bf85ec5de3d4b68b,7,6,10,100000.0
6804ac6aa628d87a352cd5d6,676541a9bf85ec5de3d4b68b,7,6,11,100000.0
6804ac6aa628d87a352cd5d6,676541a9bf85ec5de3d4b68b,7,6,11,100000.0
6804ac6aa628d87a352cd5d6,676541a9bf85ec5de3d4b68b,7,6,10,100000.0
6804ac6aa628d87a352cd5d6,676541a9bf85ec5de3d4b68b,7,6,10,100000.0
6804ac6aa628d87a352cd5d6,676541a9bf85ec5de3d4b68b,7,6,10,100000.0
6804ac6aa628d87a352cd5d6,676541a9bf85ec5de3d4b68b,7,6,2,100000.0
6804ac6aa628d87a352cd5d6,676541a9bf85ec5de3d4b68b,7,6,2,100000.0
6804ac6aa628d87a352cd5d6,676541a9bf85ec5de3d4b68b,7,6,2,100000.0
6804ac6aa628d87a352cd5d6,676541a9bf85ec5de3d4b68b,7,6,3,100000.0
6804ac6aa628d87a352cd5d6,676541a9bf85ec5de3d4b68b,7,6,3,100000.0
6804ac6aa628d87a352cd5d6,676541a9bf85ec5de3d4b68b,7,6,3,100000.0
6804ac6aa628d87a352cd5d6,676541a9bf85ec5de3d4b68b,7,6,1,100000.0
6804ac6aa628d87a352cd5d6,676541a9bf85ec5de3d4b68b,7,6,2,100000.0
6804ac6aa628d87a352cd5d6,676541a9bf85ec5de3d4b68b,7,6,1,100000.0
6804ac6aa628d87a352cd5d6,676541a9bf85ec5de3d4b68b,7,6,1,100000.0
6804ac6aa628d87a352cd5d6,676541a9bf85ec5de3d4b68b,7,6,1,100000.0
6804ac6aa628d87a352cd5d6,676541a9bf85ec5de3d4b68b,7,6,12,100000.0
6804ac6aa628d87a352cd5d6,676541a9bf85ec5de3d4b68b,7,6,8,100000.0
6804ac6aa628d87a352cd5d6,676541a9bf85ec5de3d4b68b,7,6,8,100000.0
6804ac6aa628d87a352cd5d6,676541a9bf85ec5de3d4b68b,7,6,8,100000.0
6804ac6aa628d87a352cd5d6,676541a9bf85ec5de3d4b68b,7,6,7,100000.0
6804ac6aa628d87a352cd5d6,676541a9bf85ec5de3d4b68b,7,6,7,100000.0
6804ac6aa628d87a352cd5d6,676541a9bf85ec5de3d4b68b,7,6,7,100000.0
6804ac6aa628d87a352cd5d6,676541a9bf85ec5de3d4b68b,7,6,9,100000.0
6804ac6aa628d87a352cd5d6,676541a9bf85ec5de3d4b68b,7,6,9,100000.0
6804ac6aa628d87a352cd5d6,676541a9bf85ec5de3d4b68b,7,6,9,100000.0
6804ac6aa628d87a352cd5d6,676541a9bf85ec5de3d4b68b,7,6,8,100000.0
6804ac6aa628d87a352cd5d6,676541a9bf85ec5de3d4b68b,7,6,9,100000.0
6804ac6aa628d87a352cd5d6,676541a9bf85ec5de3d4b68b,7,6,8,100000.0
6804ac6aa628d87a352cd5d6,676541a9bf85ec5de3d4b68b,7,6,6,100000.0
6804ac6aa628d87a352cd5d6,676541a9bf85ec5de3d4b68b,7,6,6,100000.0
6804ac6aa628d87a352cd5d6,676541a9bf85ec5de3d4b68b,7,6,6,100000.0
6804ac6aa628d87a352cd5d6,676541a9bf85ec5de3d4b68b,7,6,6,100000.0
6804ac6aa628d87a352cd5d6,676541a9bf85ec5de3d4b68b,7,6,7,100000.0
6804ac6aa628d87a352cd5d6,676541a9bf85ec5de3d4b68b,7,6,6,100000.0
6804ac6aa628d87a352cd5d6,676541a9bf85ec5de3d4b68b,7,6,4,100000.0
6804ac6aa628d87a352cd5d6,676541a9bf85ec5de3d4b68b,7,6,5,100000.0
6804ac6aa628d87a352cd5d6,676541a9bf85ec5de3d4b68b,7,6,5,100000.0
6804ac6aa628d87a352cd5d6,676541a9bf85ec5de3d4b68b,7,6,4,100000.0
6804ac6aa628d87a352cd5d6,676541a9bf85ec5de3d4b68b,7,6,5,100000.0
6804ac6aa628d87a352cd5d6,676541a9bf85ec5de3d4b68b,7,6,5,100000.0
6804ac8da628d87a352cd5d7,676541a9bf85ec5de3d4b68b,6,19,11,240000.0
6804ac8da628d87a352cd5d7,676541a9bf85ec5de3d4b68b,6,19,11,240000.0
6804ac8da628d87a352cd5d7,676541a9bf85ec5de3d4b68b,6,19,11,240000.0
6804ac8da628d87a352cd5d7,676541a9bf85ec5de3d4b68b,6,19,12,240000.0
6804ac8da628d87a352cd5d7,676541a9bf85ec5de3d4b68b,6,19,12,240000.0
6804ac8da628d87a352cd5d7,676541a9bf85ec5de3d4b68b,6,19,12,240000.0
6804ac8da628d87a352cd5d7,676541a9bf85ec5de3d4b68b,6,19,10,240000.0
6804ac8da628d87a352cd5d7,676541a9bf85ec5de3d4b68b,6,19,11,240000.0
6804ac8da628d87a352cd5d7,676541a9bf85ec5de3d4b68b,6,19,11,240000.0
6804ac8da628d87a352cd5d7,676541a9bf85ec5de3d4b68b,6,19,10,240000.0
6804ac8da628d87a352cd5d7,676541a9bf85ec5de3d4b68b,6,19,10,240000.0
6804ac8da628d87a352cd5d7,676541a9bf85ec5de3d4b68b,6,19,10,240000.0
6804ac8da628d87a352cd5d7,676541a9bf85ec5de3d4b68b,6,19,2,240000.0
6804ac8da628d87a352cd5d7,676541a9bf85ec5de3d4b68b,6,19,2,240000.0
6804ac8da628d87a352cd5d7,676541a9bf85ec5de3d4b68b,6,19,2,240000.0
6804ac8da628d87a352cd5d7,676541a9bf85ec5de3d4b68b,6,19,3,240000.0
6804ac8da628d87a352cd5d7,676541a9bf85ec5de3d4b68b,6,19,3,240000.0
6804ac8da628d87a352cd5d7,676541a9bf85ec5de3d4b68b,6,19,2,240000.0
6804ac8da628d87a352cd5d7,676541a9bf85ec5de3d4b68b,6,19,1,240000.0
6804ac8da628d87a352cd5d7,676541a9bf85ec5de3d4b68b,6,19,1,240000.0
6804ac8da628d87a352cd5d7,676541a9bf85ec5de3d4b68b,6,19,1,240000.0
6804ac8da628d87a352cd5d7,676541a9bf85ec5de3d4b68b,6,19,1,240000.0
6804ac8da628d87a352cd5d7,676541a9bf85ec5de3d4b68b,6,19,1,240000.0
6804ac8da628d87a352cd5d7,676541a9bf85ec5de3d4b68b,6,19,12,240000.0
6804ac8da628d87a352cd5d7,676541a9bf85ec5de3d4b68b,6,19,8,240000.0
6804ac8da628d87a352cd5d7,676541a9bf85ec5de3d4b68b,6,19,8,240000.0
6804ac8da628d87a352cd5d7,676541a9bf85ec5de3d4b68b,6,19,8,240000.0
6804ac8da628d87a352cd5d7,676541a9bf85ec5de3d4b68b,6,19,7,240000.0
6804ac8da628d87a352cd5d7,676541a9bf85ec5de3d4b68b,6,19,7,240000.0
6804ac8da628d87a352cd5d7,676541a9bf85ec5de3d4b68b,6,19,7,240000.0
6804ac8da628d87a352cd5d7,676541a9bf85ec5de3d4b68b,6,19,9,240000.0
6804ac8da628d87a352cd5d7,676541a9bf85ec5de3d4b68b,6,19,9,240000.0
6804ac8da628d87a352cd5d7,676541a9bf85ec5de3d4b68b,6,19,9,240000.0
6804ac8da628d87a352cd5d7,676541a9bf85ec5de3d4b68b,6,19,8,240000.0
6804ac8da628d87a352cd5d7,676541a9bf85ec5de3d4b68b,6,19,9,240000.0
6804ac8da628d87a352cd5d7,676541a9bf85ec5de3d4b68b,6,19,8,240000.0
6804ac8da628d87a352cd5d7,676541a9bf85ec5de3d4b68b,6,19,6,240000.0
6804ac8da628d87a352cd5d7,676541a9bf85ec5de3d4b68b,6,19,6,240000.0
6804ac8da628d87a352cd5d7,676541a9bf85ec5de3d4b68b,6,19,5,240000.0
6804ac8da628d87a352cd5d7,676541a9bf85ec5de3d4b68b,6,19,6,240000.0
6804ac8da628d87a352cd5d7,676541a9bf85ec5de3d4b68b,6,19,7,240000.0
6804ac8da628d87a352cd5d7,676541a9bf85ec5de3d4b68b,6,19,6,240000.0
6804ac8da628d87a352cd5d7,676541a9bf85ec5de3d4b68b,6,19,4,240000.0
6804ac8da628d87a352cd5d7,676541a9bf85ec5de3d4b68b,6,19,5,240000.0
6804ac8da628d87a352cd5d7,676541a9bf85ec5de3d4b68b,6,19,5,240000.0
6804ac8da628d87a352cd5d7,676541a9bf85ec5de3d4b68b,6,19,5,240000.0
6804ac8da628d87a352cd5d7,676541a9bf85ec5de3d4b68b,6,19,4,240000.0
6804ac8da628d87a352cd5d7,676541a9bf85ec5de3d4b68b,6,19,5,240000.0
6804ac8da628d87a352cd5d7,676541a9bf85ec5de3d4b68b,5,20,11,200000.0
6804ac8da628d87a352cd5d7,676541a9bf85ec5de3d4b68b,5,20,8,200000.0
6804ac8da628d87a352cd5d7,676541a9bf85ec5de3d4b68b,5,20,11,200000.0
6804ac8da628d87a352cd5d7,676541a9bf85ec5de3d4b68b,5,20,8,200000.0
6804ac8da628d87a352cd5d7,676541a9bf85ec5de3d4b68b,5,20,11,200000.0
6804ac8da628d87a352cd5d7,676541a9bf85ec5de3d4b68b,5,20,8,200000.0
6804ac8da628d87a352cd5d7,676541a9bf85ec5de3d4b68b,5,20,12,200000.0
6804ac8da628d87a352cd5d7,676541a9bf85ec5de3d4b68b,5,20,7,200000.0
6804ac8da628d87a352cd5d7,676541a9bf85ec5de3d4b68b,5,20,12,200000.0
6804ac8da628d87a352cd5d7,676541a9bf85ec5de3d4b68b,5,20,7,200000.0
6804ac8da628d87a352cd5d7,676541a9bf85ec5de3d4b68b,5,20,12,200000.0
6804ac8da628d87a352cd5d7,676541a9bf85ec5de3d4b68b,5,20,7,200000.0
6804ac8da628d87a352cd5d7,676541a9bf85ec5de3d4b68b,5,20,10,200000.0
6804ac8da628d87a352cd5d7,676541a9bf85ec5de3d4b68b,5,20,11,200000.0
6804ac8da628d87a352cd5d7,676541a9bf85ec5de3d4b68b,5,20,9,200000.0
6804ac8da628d87a352cd5d7,676541a9bf85ec5de3d4b68b,5,20,10,200000.0
6804ac8da628d87a352cd5d7,676541a9bf85ec5de3d4b68b,5,20,9,200000.0
6804ac8da628d87a352cd5d7,676541a9bf85ec5de3d4b68b,5,20,10,200000.0
6804ac8da628d87a352cd5d7,676541a9bf85ec5de3d4b68b,5,20,9,200000.0
6804ac8da628d87a352cd5d7,676541a9bf85ec5de3d4b68b,5,20,10,200000.0
6804ac8da628d87a352cd5d7,676541a9bf85ec5de3d4b68b,5,20,10,200000.0
6804ac8da628d87a352cd5d7,676541a9bf85ec5de3d4b68b,5,20,8,200000.0
6804ac8da628d87a352cd5d7,676541a9bf85ec5de3d4b68b,5,20,9,200000.0
6804ac8da628d87a352cd5d7,676541a9bf85ec5de3d4b68b,5,20,8,200000.0
6804ac8da628d87a352cd5d7,676541a9bf85ec5de3d4b68b,5,20,1,200000.0
6804ac8da628d87a352cd5d7,676541a9bf85ec5de3d4b68b,5,20,2,200000.0
6804ac8da628d87a352cd5d7,676541a9bf85ec5de3d4b68b,5,20,1,200000.0
6804ac8da628d87a352cd5d7,676541a9bf85ec5de3d4b68b,5,20,2,200000.0
6804ac8da628d87a352cd5d7,676541a9bf85ec5de3d4b68b,5,20,2,200000.0
6804ac8da628d87a352cd5d7,676541a9bf85ec5de3d4b68b,5,20,3,200000.0
6804ac8da628d87a352cd5d7,676541a9bf85ec5de3d4b68b,5,20,3,200000.0
6804ac8da628d87a352cd5d7,676541a9bf85ec5de3d4b68b,5,20,2,200000.0
6804ac8da628d87a352cd5d7,676541a9bf85ec5de3d4b68b,5,20,6,200000.0
6804ac8da628d87a352cd5d7,676541a9bf85ec5de3d4b68b,5,20,6,200000.0
6804ac8da628d87a352cd5d7,676541a9bf85ec5de3d4b68b,5,20,5,200000.0
6804ac8da628d87a352cd5d7,676541a9bf85ec5de3d4b68b,5,20,5,200000.0
6804ac8da628d87a352cd5d7,676541a9bf85ec5de3d4b68b,5,20,6,200000.0
6804ac8da628d87a352cd5d7,676541a9bf85ec5de3d4b68b,5,20,1,200000.0
6804ac8da628d87a352cd5d7,676541a9bf85ec5de3d4b68b,5,20,7,200000.0
6804ac8da628d87a352cd5d7,676541a9bf85ec5de3d4b68b,5,20,5,200000.0
6804ac8da628d87a352cd5d7,676541a9bf85ec5de3d4b68b,5,20,6,200000.0
6804ac8da628d87a352cd5d7,676541a9bf85ec5de3d4b68b,5,20,5,200000.0
6804ac8da628d87a352cd5d7,676541a9bf85ec5de3d4b68b,5,20,4,200000.0
6804ac8da628d87a352cd5d7,676541a9bf85ec5de3d4b68b,5,20,1,200000.0
6804ac8da628d87a352cd5d7,676541a9bf85ec5de3d4b68b,5,20,5,200000.0
6804ac8da628d87a352cd5d7,676541a9bf85ec5de3d4b68b,5,20,1,200000.0
6804ac8da628d87a352cd5d7,676541a9bf85ec5de3d4b68b,5,20,12,200000.0
6804ac8da628d87a352cd5d7,676541a9bf85ec5de3d4b68b,5,20,4,200000.0
6804ac8da628d87a352cd5d7,676541a9bf85ec5de3d4b68b,1,21,11,200000.0
6804ac8da628d87a352cd5d7,676541a9bf85ec5de3d4b68b,1,21,11,200000.0
6804ac8da628d87a352cd5d7,676541a9bf85ec5de3d4b68b,1,21,11,200000.0
6804ac8da628d87a352cd5d7,676541a9bf85ec5de3d4b68b,1,21,12,200000.0
6804ac8da628d87a352cd5d7,676541a9bf85ec5de3d4b68b,1,21,12,200000.0
6804ac8da628d87a352cd5d7,676541a9bf85ec5de3d4b68b,1,21,12,200000.0
6804ac8da628d87a352cd5d7,676541a9bf85ec5de3d4b68b,1,21,10,200000.0
6804ac8da628d87a352cd5d7,676541a9bf85ec5de3d4b68b,1,21,11,200000.0
6804ac8da628d87a352cd5d7,676541a9bf85ec5de3d4b68b,1,21,10,200000.0
6804ac8da628d87a352cd5d7,676541a9bf85ec5de3d4b68b,1,21,10,200000.0
6804ac8da628d87a352cd5d7,676541a9bf85ec5de3d4b68b,1,21,10,200000.0
6804ac8da628d87a352cd5d7,676541a9bf85ec5de3d4b68b,1,21,9,200000.0
6804ac8da628d87a352cd5d7,676541a9bf85ec5de3d4b68b,1,21,2,200000.0
6804ac8da628d87a352cd5d7,676541a9bf85ec5de3d4b68b,1,21,2,200000.0
6804ac8da628d87a352cd5d7,676541a9bf85ec5de3d4b68b,1,21,2,200000.0
6804ac8da628d87a352cd5d7,676541a9bf85ec5de3d4b68b,1,21,3,200000.0
6804ac8da628d87a352cd5d7,676541a9bf85ec5de3d4b68b,1,21,3,200000.0
6804ac8da628d87a352cd5d7,676541a9bf85ec5de3d4b68b,1,21,2,200000.0
6804ac8da628d87a352cd5d7,676541a9bf85ec5de3d4b68b,1,21,1,200000.0
6804ac8da628d87a352cd5d7,676541a9bf85ec5de3d4b68b,1,21,1,200000.0
6804ac8da628d87a352cd5d7,676541a9bf85ec5de3d4b68b,1,21,1,200000.0
6804ac8da628d87a352cd5d7,676541a9bf85ec5de3d4b68b,1,21,12,200000.0
6804ac8da628d87a352cd5d7,676541a9bf85ec5de3d4b68b,1,21,1,200000.0
6804ac8da628d87a352cd5d7,676541a9bf85ec5de3d4b68b,1,21,12,200000.0
6804ac8da628d87a352cd5d7,676541a9bf85ec5de3d4b68b,1,21,7,200000.0
6804ac8da628d87a352cd5d7,676541a9bf85ec5de3d4b68b,1,21,8,200000.0
6804ac8da628d87a352cd5d7,676541a9bf85ec5de3d4b68b,1,21,8,200000.0
6804ac8da628d87a352cd5d7,676541a9bf85ec5de3d4b68b,1,21,7,200000.0
6804ac8da628d87a352cd5d7,676541a9bf85ec5de3d4b68b,1,21,7,200000.0
6804ac8da628d87a352cd5d7,676541a9bf85ec5de3d4b68b,1,21,7,200000.0
6804ac8da628d87a352cd5d7,676541a9bf85ec5de3d4b68b,1,21,9,200000.0
6804ac8da628d87a352cd5d7,676541a9bf85ec5de3d4b68b,1,21,9,200000.0
6804ac8da628d87a352cd5d7,676541a9bf85ec5de3d4b68b,1,21,9,200000.0
6804ac8da628d87a352cd5d7,676541a9bf85ec5de3d4b68b,1,21,8,200000.0
6804ac8da628d87a352cd5d7,676541a9bf85ec5de3d4b68b,1,21,9,200000.0
6804ac8da628d87a352cd5d7,676541a9bf85ec5de3d4b68b,1,21,8,200000.0
6804ac8da628d87a352cd5d7,676541a9bf85ec5de3d4b68b,1,21,6,200000.0
6804ac8da628d87a352cd5d7,676541a9bf85ec5de3d4b68b,1,21,6,200000.0
6804ac8da628d87a352cd5d7,676541a9bf85ec5de3d4b68b,1,21,6,200000.0
6804ac8da628d87a352cd5d7,676541a9bf85ec5de3d4b68b,1,21,6,200000.0
6804ac8da628d87a352cd5d7,676541a9bf85ec5de3d4b68b,1,21,5,200000.0
6804ac8da628d87a352cd5d7,676541a9bf85ec5de3d4b68b,1,21,6,200000.0
6804ac8da628d87a352cd5d7,676541a9bf85ec5de3d4b68b,1,21,5,200000.0
6804ac8da628d87a352cd5d7,676541a9bf85ec5de3d4b68b,1,21,5,200000.0
6804ac8da628d87a352cd5d7,676541a9bf85ec5de3d4b68b,1,21,5,200000.0
6804ac8da628d87a352cd5d7,676541a9bf85ec5de3d4b68b,1,21,4,200000.0
6804ac8da628d87a352cd5d7,676541a9bf85ec5de3d4b68b,1,21,4,200000.0
6804ac8da628d87a352cd5d7,676541a9bf85ec5de3d4b68b,1,21,4,200000.0
6804acafa628d87a352cd5d8,676541a9bf85ec5de3d4b68b,2,18,11,100000.0
6804acafa628d87a352cd5d8,676541a9bf85ec5de3d4b68b,2,18,11,100000.0
6804acafa628d87a352cd5d8,676541a9bf85ec5de3d4b68b,2,18,11,100000.0
6804acafa628d87a352cd5d8,676541a9bf85ec5de3d4b68b,2,18,12,100000.0
6804acafa628d87a352cd5d8,676541a9bf85ec5de3d4b68b,2,18,12,100000.0
6804acafa628d87a352cd5d8,676541a9bf85ec5de3d4b68b,2,18,12,100000.0
6804acafa628d87a352cd5d8,676541a9bf85ec5de3d4b68b,2,18,10,100000.0
6804acafa628d87a352cd5d8,676541a9bf85ec5de3d4b68b,2,18,11,100000.0
6804acafa628d87a352cd5d8,676541a9bf85ec5de3d4b68b,2,18,10,100000.0
6804acafa628d87a352cd5d8,676541a9bf85ec5de3d4b68b,2,18,10,100000.0
6804acafa628d87a352cd5d8,676541a9bf85ec5de3d4b68b,2,18,10,100000.0
6804acafa628d87a352cd5d8,676541a9bf85ec5de3d4b68b,2,18,9,100000.0
6804acafa628d87a352cd5d8,676541a9bf85ec5de3d4b68b,2,18,2,100000.0
6804acafa628d87a352cd5d8,676541a9bf85ec5de3d4b68b,2,18,2,100000.0
6804acafa628d87a352cd5d8,676541a9bf85ec5de3d4b68b,2,18,2,100000.0
6804acafa628d87a352cd5d8,676541a9bf85ec5de3d4b68b,2,18,3,100000.0
6804acafa628d87a352cd5d8,676541a9bf85ec5de3d4b68b,2,18,3,100000.0
6804acafa628d87a352cd5d8,676541a9bf85ec5de3d4b68b,2,18,2,100000.0
6804acafa628d87a352cd5d8,676541a9bf85ec5de3d4b68b,2,18,1,100000.0
6804acafa628d87a352cd5d8,676541a9bf85ec5de3d4b68b,2,18,1,100000.0
6804acafa628d87a352cd5d8,676541a9bf85ec5de3d4b68b,2,18,1,100000.0
6804acafa628d87a352cd5d8,676541a9bf85ec5de3d4b68b,2,18,12,100000.0
6804acafa628d87a352cd5d8,676541a9bf85ec5de3d4b68b,2,18,1,100000.0
6804acafa628d87a352cd5d8,676541a9bf85ec5de3d4b68b,2,18,12,100000.0
6804acafa628d87a352cd5d8,676541a9bf85ec5de3d4b68b,2,18,7,100000.0
6804acafa628d87a352cd5d8,676541a9bf85ec5de3d4b68b,2,18,8,100000.0
6804acafa628d87a352cd5d8,676541a9bf85ec5de3d4b68b,2,18,8,100000.0
6804acafa628d87a352cd5d8,676541a9bf85ec5de3d4b68b,2,18,7,100000.0
6804acafa628d87a352cd5d8,676541a9bf85ec5de3d4b68b,2,18,7,100000.0
6804acafa628d87a352cd5d8,676541a9bf85ec5de3d4b68b,2,18,7,100000.0
6804acafa628d87a352cd5d8,676541a9bf85ec5de3d4b68b,2,18,8,100000.0
6804acafa628d87a352cd5d8,676541a9bf85ec5de3d4b68b,2,18,9,100000.0
6804acafa628d87a352cd5d8,676541a9bf85ec5de3d4b68b,2,18,9,100000.0
6804acafa628d87a352cd5d8,676541a9bf85ec5de3d4b68b,2,18,6,100000.0
6804acafa628d87a352cd5d8,676541a9bf85ec5de3d4b68b,2,18,8,100000.0
6804acafa628d87a352cd5d8,676541a9bf85ec5de3d4b68b,2,18,4,100000.0
6804acafa628d87a352cd5d8,676541a9bf85ec5de3d4b68b,2,18,6,100000.0
6804acafa628d87a352cd5d8,676541a9bf85ec5de3d4b68b,2,18,9,100000.0
6804acafa628d87a352cd5d8,676541a9bf85ec5de3d4b68b,2,18,5,100000.0
6804acafa628d87a352cd5d8,676541a9bf85ec5de3d4b68b,2,18,4,100000.0
6804acafa628d87a352cd5d8,676541a9bf85ec5de3d4b68b,2,18,5,100000.0
6804acafa628d87a352cd5d8,676541a9bf85ec5de3d4b68b,2,18,9,100000.0
6804acafa628d87a352cd5d8,676541a9bf85ec5de3d4b68b,2,18,5,100000.0
6804acafa628d87a352cd5d8,676541a9bf85ec5de3d4b68b,2,18,4,100000.0
6804acafa628d87a352cd5d8,676541a9bf85ec5de3d4b68b,2,18,6,100000.0
6804acafa628d87a352cd5d8,676541a9bf85ec5de3d4b68b,2,18,7,100000.0
6804acafa628d87a352cd5d8,676541a9bf85ec5de3d4b68b,2,18,6,100000.0
6804acafa628d87a352cd5d8,676541a9bf85ec5de3d4b68b,2,18,5,100000.0
6804acafa628d87a352cd5d8,676541a9bf85ec5de3d4b68b,5,20,11,100000.0
6804acafa628d87a352cd5d8,676541a9bf85ec5de3d4b68b,5,20,11,100000.0
6804acafa628d87a352cd5d8,676541a9bf85ec5de3d4b68b,5,20,11,100000.0
6804acafa628d87a352cd5d8,676541a9bf85ec5de3d4b68b,5,20,12,100000.0
6804acafa628d87a352cd5d8,676541a9bf85ec5de3d4b68b,5,20,12,100000.0
6804acafa628d87a352cd5d8,676541a9bf85ec5de3d4b68b,5,20,12,100000.0
6804acafa628d87a352cd5d8,676541a9bf85ec5de3d4b68b,5,20,10,100000.0
6804acafa628d87a352cd5d8,676541a9bf85ec5de3d4b68b,5,20,11,100000.0
6804acafa628d87a352cd5d8,676541a9bf85ec5de3d4b68b,5,20,10,100000.0
6804acafa628d87a352cd5d8,676541a9bf85ec5de3d4b68b,5,20,8,100000.0
6804acafa628d87a352cd5d8,676541a9bf85ec5de3d4b68b,5,20,10,100000.0
6804acafa628d87a352cd5d8,676541a9bf85ec5de3d4b68b,5,20,8,100000.0
6804acafa628d87a352cd5d8,676541a9bf85ec5de3d4b68b,5,20,10,100000.0
6804acafa628d87a352cd5d8,676541a9bf85ec5de3d4b68b,5,20,10,100000.0
6804acafa628d87a352cd5d8,676541a9bf85ec5de3d4b68b,5,20,8,100000.0
6804acafa628d87a352cd5d8,676541a9bf85ec5de3d4b68b,5,20,7,100000.0
6804acafa628d87a352cd5d8,676541a9bf85ec5de3d4b68b,5,20,7,100000.0
6804acafa628d87a352cd5d8,676541a9bf85ec5de3d4b68b,5,20,7,100000.0
6804acafa628d87a352cd5d8,676541a9bf85ec5de3d4b68b,5,20,2,100000.0
6804acafa628d87a352cd5d8,676541a9bf85ec5de3d4b68b,5,20,2,100000.0
6804acafa628d87a352cd5d8,676541a9bf85ec5de3d4b68b,5,20,2,100000.0
6804acafa628d87a352cd5d8,676541a9bf85ec5de3d4b68b,5,20,3,100000.0
6804acafa628d87a352cd5d8,676541a9bf85ec5de3d4b68b,5,20,1,100000.0
6804acafa628d87a352cd5d8,676541a9bf85ec5de3d4b68b,5,20,1,100000.0
6804acafa628d87a352cd5d8,676541a9bf85ec5de3d4b68b,5,20,1,100000.0
6804acafa628d87a352cd5d8,676541a9bf85ec5de3d4b68b,5,20,3,100000.0
6804acafa628d87a352cd5d8,676541a9bf85ec5de3d4b68b,5,20,2,100000.0
6804acafa628d87a352cd5d8,676541a9bf85ec5de3d4b68b,5,20,6,100000.0
6804acafa628d87a352cd5d8,676541a9bf85ec5de3d4b68b,5,20,9,100000.0
6804acafa628d87a352cd5d8,676541a9bf85ec5de3d4b68b,5,20,1,100000.0
6804acafa628d87a352cd5d8,676541a9bf85ec5de3d4b68b,5,20,5,100000.0
6804acafa628d87a352cd5d8,676541a9bf85ec5de3d4b68b,5,20,1,100000.0
6804acafa628d87a352cd5d8,676541a9bf85ec5de3d4b68b,5,20,6,100000.0
6804acafa628d87a352cd5d8,676541a9bf85ec5de3d4b68b,5,20,6,100000.0
6804acafa628d87a352cd5d8,676541a9bf85ec5de3d4b68b,5,20,12,100000.0
6804acafa628d87a352cd5d8,676541a9bf85ec5de3d4b68b,5,20,8,100000.0
6804acafa628d87a352cd5d8,676541a9bf85ec5de3d4b68b,5,20,8,100000.0
6804acafa628d87a352cd5d8,676541a9bf85ec5de3d4b68b,5,20,6,100000.0
6804acafa628d87a352cd5d8,676541a9bf85ec5de3d4b68b,5,20,7,100000.0
6804acafa628d87a352cd5d8,676541a9bf85ec5de3d4b68b,5,20,9,100000.0
6804acafa628d87a352cd5d8,676541a9bf85ec5de3d4b68b,5,20,9,100000.0
6804acafa628d87a352cd5d8,676541a9bf85ec5de3d4b68b,5,20,5,100000.0
6804acafa628d87a352cd5d8,676541a9bf85ec5de3d4b68b,5,20,5,100000.0
6804acafa628d87a352cd5d8,676541a9bf85ec5de3d4b68b,5,20,4,100000.0
6804acafa628d87a352cd5d8,676541a9bf85ec5de3d4b68b,5,20,5,100000.0
6804acafa628d87a352cd5d8,676541a9bf85ec5de3d4b68b,5,20,4,100000.0
6804acafa628d87a352cd5d8,676541a9bf85ec5de3d4b68b,5,20,5,100000.0
6804acafa628d87a352cd5d8,676541a9bf85ec5de3d4b68b,5,20,9,100000.0
6804acafa628d87a352cd5d8,676541a9bf85ec5de3d4b68b,6,19,11,150000.0
6804acafa628d87a352cd5d8,676541a9bf85ec5de3d4b68b,6,19,11,150000.0
6804acafa628d87a352cd5d8,676541a9bf85ec5de3d4b68b,6,19,11,150000.0
6804acafa628d87a352cd5d8,676541a9bf85ec5de3d4b68b,6,19,12,150000.0
6804acafa628d87a352cd5d8,676541a9bf85ec5de3d4b68b,6,19,12,150000.0
6804acafa628d87a352cd5d8,676541a9bf85ec5de3d4b68b,6,19,12,150000.0
6804acafa628d87a352cd5d8,676541a9bf85ec5de3d4b68b,6,19,10,150000.0
6804acafa628d87a352cd5d8,676541a9bf85ec5de3d4b68b,6,19,11,150000.0
6804acafa628d87a352cd5d8,676541a9bf85ec5de3d4b68b,6,19,11,150000.0
6804acafa628d87a352cd5d8,676541a9bf85ec5de3d4b68b,6,19,10,150000.0
6804acafa628d87a352cd5d8,676541a9bf85ec5de3d4b68b,6,19,10,150000.0
6804acafa628d87a352cd5d8,676541a9bf85ec5de3d4b68b,6,19,10,150000.0
6804acafa628d87a352cd5d8,676541a9bf85ec5de3d4b68b,6,19,2,150000.0
6804acafa628d87a352cd5d8,676541a9bf85ec5de3d4b68b,6,19,2,150000.0
6804acafa628d87a352cd5d8,676541a9bf85ec5de3d4b68b,6,19,2,150000.0
6804acafa628d87a352cd5d8,676541a9bf85ec5de3d4b68b,6,19,3,150000.0
6804acafa628d87a352cd5d8,676541a9bf85ec5de3d4b68b,6,19,3,150000.0
6804acafa628d87a352cd5d8,676541a9bf85ec5de3d4b68b,6,19,2,150000.0
6804acafa628d87a352cd5d8,676541a9bf85ec5de3d4b68b,6,19,1,150000.0
6804acafa628d87a352cd5d8,676541a9bf85ec5de3d4b68b,6,19,1,150000.0
6804acafa628d87a352cd5d8,676541a9bf85ec5de3d4b68b,6,19,1,150000.0
6804acafa628d87a352cd5d8,676541a9bf85ec5de3d4b68b,6,19,1,150000.0
6804acafa628d87a352cd5d8,676541a9bf85ec5de3d4b68b,6,19,1,150000.0
6804acafa628d87a352cd5d8,676541a9bf85ec5de3d4b68b,6,19,12,150000.0
6804acafa628d87a352cd5d8,676541a9bf85ec5de3d4b68b,6,19,8,150000.0
6804acafa628d87a352cd5d8,676541a9bf85ec5de3d4b68b,6,19,8,150000.0
6804acafa628d87a352cd5d8,676541a9bf85ec5de3d4b68b,6,19,8,150000.0
6804acafa628d87a352cd5d8,676541a9bf85ec5de3d4b68b,6,19,7,150000.0
6804acafa628d87a352cd5d8,676541a9bf85ec5de3d4b68b,6,19,7,150000.0
6804acafa628d87a352cd5d8,676541a9bf85ec5de3d4b68b,6,19,7,150000.0
6804acafa628d87a352cd5d8,676541a9bf85ec5de3d4b68b,6,19,9,150000.0
6804acafa628d87a352cd5d8,676541a9bf85ec5de3d4b68b,6,19,9,150000.0
6804acafa628d87a352cd5d8,676541a9bf85ec5de3d4b68b,6,19,9,150000.0
6804acafa628d87a352cd5d8,676541a9bf85ec5de3d4b68b,6,19,8,150000.0
6804acafa628d87a352cd5d8,676541a9bf85ec5de3d4b68b,6,19,9,150000.0
6804acafa628d87a352cd5d8,676541a9bf85ec5de3d4b68b,6,19,5,150000.0
6804acafa628d87a352cd5d8,676541a9bf85ec5de3d4b68b,6,19,5,150000.0
6804acafa628d87a352cd5d8,676541a9bf85ec5de3d4b68b,6,19,5,150000.0
6804acafa628d87a352cd5d8,676541a9bf85ec5de3d4b68b,6,19,5,150000.0
6804acafa628d87a352cd5d8,676541a9bf85ec5de3d4b68b,6,19,6,150000.0
6804acafa628d87a352cd5d8,676541a9bf85ec5de3d4b68b,6,19,4,150000.0
6804acafa628d87a352cd5d8,676541a9bf85ec5de3d4b68b,6,19,6,150000.0
6804acafa628d87a352cd5d8,676541a9bf85ec5de3d4b68b,6,19,8,150000.0
6804acafa628d87a352cd5d8,676541a9bf85ec5de3d4b68b,6,19,6,150000.0
6804acafa628d87a352cd5d8,676541a9bf85ec5de3d4b68b,6,19,4,150000.0
6804acafa628d87a352cd5d8,676541a9bf85ec5de3d4b68b,6,19,5,150000.0
6804acafa628d87a352cd5d8,676541a9bf85ec5de3d4b68b,6,19,6,150000.0
6804acafa628d87a352cd5d8,676541a9bf85ec5de3d4b68b,6,19,7,150000.0
6804acafa628d87a352cd5d8,676541a9bf85ec5de3d4b68b,6,20,11,150000.0
6804acafa628d87a352cd5d8,676541a9bf85ec5de3d4b68b,6,20,11,150000.0
6804acafa628d87a352cd5d8,676541a9bf85ec5de3d4b68b,6,20,11,150000.0
6804acafa628d87a352cd5d8,676541a9bf85ec5de3d4b68b,6,20,12,150000.0
6804acafa628d87a352cd5d8,676541a9bf85ec5de3d4b68b,6,20,12,150000.0
6804acafa628d87a352cd5d8,676541a9bf85ec5de3d4b68b,6,20,12,150000.0
6804acafa628d87a352cd5d8,676541a9bf85ec5de3d4b68b,6,20,10,150000.0
6804acafa628d87a352cd5d8,676541a9bf85ec5de3d4b68b,6,20,11,150000.0
6804acafa628d87a352cd5d8,676541a9bf85ec5de3d4b68b,6,20,11,150000.0
6804acafa628d87a352cd5d8,676541a9bf85ec5de3d4b68b,6,20,10,150000.0
6804acafa628d87a352cd5d8,676541a9bf85ec5de3d4b68b,6,20,10,150000.0
6804acafa628d87a352cd5d8,676541a9bf85ec5de3d4b68b,6,20,10,150000.0
6804acafa628d87a352cd5d8,676541a9bf85ec5de3d4b68b,6,20,2,150000.0
6804acafa628d87a352cd5d8,676541a9bf85ec5de3d4b68b,6,20,2,150000.0
6804acafa628d87a352cd5d8,676541a9bf85ec5de3d4b68b,6,20,2,150000.0
6804acafa628d87a352cd5d8,676541a9bf85ec5de3d4b68b,6,20,3,150000.0
6804acafa628d87a352cd5d8,676541a9bf85ec5de3d4b68b,6,20,3,150000.0
6804acafa628d87a352cd5d8,676541a9bf85ec5de3d4b68b,6,20,2,150000.0
6804acafa628d87a352cd5d8,676541a9bf85ec5de3d4b68b,6,20,1,150000.0
6804acafa628d87a352cd5d8,676541a9bf85ec5de3d4b68b,6,20,1,150000.0
6804acafa628d87a352cd5d8,676541a9bf85ec5de3d4b68b,6,20,1,150000.0
6804acafa628d87a352cd5d8,676541a9bf85ec5de3d4b68b,6,20,1,150000.0
6804acafa628d87a352cd5d8,676541a9bf85ec5de3d4b68b,6,20,1,150000.0
6804acafa628d87a352cd5d8,676541a9bf85ec5de3d4b68b,6,20,12,150000.0
6804acafa628d87a352cd5d8,676541a9bf85ec5de3d4b68b,6,20,8,150000.0
6804acafa628d87a352cd5d8,676541a9bf85ec5de3d4b68b,6,20,8,150000.0
6804acafa628d87a352cd5d8,676541a9bf85ec5de3d4b68b,6,20,8,150000.0
6804acafa628d87a352cd5d8,676541a9bf85ec5de3d4b68b,6,20,7,150000.0
6804acafa628d87a352cd5d8,676541a9bf85ec5de3d4b68b,6,20,7,150000.0
6804acafa628d87a352cd5d8,676541a9bf85ec5de3d4b68b,6,20,7,150000.0
6804acafa628d87a352cd5d8,676541a9bf85ec5de3d4b68b,6,20,9,150000.0
6804acafa628d87a352cd5d8,676541a9bf85ec5de3d4b68b,6,20,9,150000.0
6804acafa628d87a352cd5d8,676541a9bf85ec5de3d4b68b,6,20,9,150000.0
6804acafa628d87a352cd5d8,676541a9bf85ec5de3d4b68b,6,20,8,150000.0
6804acafa628d87a352cd5d8,676541a9bf85ec5de3d4b68b,6,20,9,150000.0
6804acafa628d87a352cd5d8,676541a9bf85ec5de3d4b68b,6,20,8,150000.0
6804acafa628d87a352cd5d8,676541a9bf85ec5de3d4b68b,6,20,6,150000.0
6804acafa628d87a352cd5d8,676541a9bf85ec5de3d4b68b,6,20,6,150000.0
6804acafa628d87a352cd5d8,676541a9bf85ec5de3d4b68b,6,20,5,150000.0
6804acafa628d87a352cd5d8,676541a9bf85ec5de3d4b68b,6,20,5,150000.0
6804acafa628d87a352cd5d8,676541a9bf85ec5de3d4b68b,6,20,6,150000.0
6804acafa628d87a352cd5d8,676541a9bf85ec5de3d4b68b,6,20,5,150000.0
6804acafa628d87a352cd5d8,676541a9bf85ec5de3d4b68b,6,20,7,150000.0
6804acafa628d87a352cd5d8,676541a9bf85ec5de3d4b68b,6,20,5,150000.0
6804acafa628d87a352cd5d8,676541a9bf85ec5de3d4b68b,6,20,6,150000.0
6804acafa628d87a352cd5d8,676541a9bf85ec5de3d4b68b,6,20,4,150000.0
6804acafa628d87a352cd5d8,676541a9bf85ec5de3d4b68b,6,20,4,150000.0
6804acafa628d87a352cd5d8,676541a9bf85ec5de3d4b68b,6,20,5,150000.0
6804acafa628d87a352cd5d8,676541a9bf85ec5de3d4b68b,6,21,11,150000.0
6804acafa628d87a352cd5d8,676541a9bf85ec5de3d4b68b,6,21,11,150000.0
6804acafa628d87a352cd5d8,676541a9bf85ec5de3d4b68b,6,21,11,150000.0
6804acafa628d87a352cd5d8,676541a9bf85ec5de3d4b68b,6,21,12,150000.0
6804acafa628d87a352cd5d8,676541a9bf85ec5de3d4b68b,6,21,12,150000.0
6804acafa628d87a352cd5d8,676541a9bf85ec5de3d4b68b,6,21,12,150000.0
6804acafa628d87a352cd5d8,676541a9bf85ec5de3d4b68b,6,21,10,150000.0
6804acafa628d87a352cd5d8,676541a9bf85ec5de3d4b68b,6,21,11,150000.0
6804acafa628d87a352cd5d8,676541a9bf85ec5de3d4b68b,6,21,11,150000.0
6804acafa628d87a352cd5d8,676541a9bf85ec5de3d4b68b,6,21,10,150000.0
6804acafa628d87a352cd5d8,676541a9bf85ec5de3d4b68b,6,21,10,150000.0
6804acafa628d87a352cd5d8,676541a9bf85ec5de3d4b68b,6,21,10,150000.0
6804acafa628d87a352cd5d8,676541a9bf85ec5de3d4b68b,6,21,2,150000.0
6804acafa628d87a352cd5d8,676541a9bf85ec5de3d4b68b,6,21,2,150000.0
6804acafa628d87a352cd5d8,676541a9bf85ec5de3d4b68b,6,21,2,150000.0
6804acafa628d87a352cd5d8,676541a9bf85ec5de3d4b68b,6,21,3,150000.0
6804acafa628d87a352cd5d8,676541a9bf85ec5de3d4b68b,6,21,3,150000.0
6804acafa628d87a352cd5d8,676541a9bf85ec5de3d4b68b,6,21,2,150000.0
6804acafa628d87a352cd5d8,676541a9bf85ec5de3d4b68b,6,21,1,150000.0
6804acafa628d87a352cd5d8,676541a9bf85ec5de3d4b68b,6,21,1,150000.0
6804acafa628d87a352cd5d8,676541a9bf85ec5de3d4b68b,6,21,1,150000.0
6804acafa628d87a352cd5d8,676541a9bf85ec5de3d4b68b,6,21,1,150000.0
6804acafa628d87a352cd5d8,676541a9bf85ec5de3d4b68b,6,21,1,150000.0
6804acafa628d87a352cd5d8,676541a9bf85ec5de3d4b68b,6,21,12,150000.0
6804acafa628d87a352cd5d8,676541a9bf85ec5de3d4b68b,6,21,8,150000.0
6804acafa628d87a352cd5d8,676541a9bf85ec5de3d4b68b,6,21,8,150000.0
6804acafa628d87a352cd5d8,676541a9bf85ec5de3d4b68b,6,21,8,150000.0
6804acafa628d87a352cd5d8,676541a9bf85ec5de3d4b68b,6,21,9,150000.0
6804acafa628d87a352cd5d8,676541a9bf85ec5de3d4b68b,6,21,7,150000.0
6804acafa628d87a352cd5d8,676541a9bf85ec5de3d4b68b,6,21,5,150000.0
6804acafa628d87a352cd5d8,676541a9bf85ec5de3d4b68b,6,21,7,150000.0
6804acafa628d87a352cd5d8,676541a9bf85ec5de3d4b68b,6,21,6,150000.0
6804acafa628d87a352cd5d8,676541a9bf85ec5de3d4b68b,6,21,7,150000.0
6804acafa628d87a352cd5d8,676541a9bf85ec5de3d4b68b,6,21,5,150000.0
6804acafa628d87a352cd5d8,676541a9bf85ec5de3d4b68b,6,21,8,150000.0
6804acafa628d87a352cd5d8,676541a9bf85ec5de3d4b68b,6,21,9,150000.0
6804acafa628d87a352cd5d8,676541a9bf85ec5de3d4b68b,6,21,6,150000.0
6804acafa628d87a352cd5d8,676541a9bf85ec5de3d4b68b,6,21,4,150000.0
6804acafa628d87a352cd5d8,676541a9bf85ec5de3d4b68b,6,21,5,150000.0
6804acafa628d87a352cd5d8,676541a9bf85ec5de3d4b68b,6,21,9,150000.0
6804acafa628d87a352cd5d8,676541a9bf85ec5de3d4b68b,6,21,9,150000.0
6804acafa628d87a352cd5d8,676541a9bf85ec5de3d4b68b,6,21,5,150000.0
6804acafa628d87a352cd5d8,676541a9bf85ec5de3d4b68b,6,21,5,150000.0
6804acafa628d87a352cd5d8,676541a9bf85ec5de3d4b68b,6,21,6,150000.0
6804acafa628d87a352cd5d8,676541a9bf85ec5de3d4b68b,6,21,4,150000.0
6804acafa628d87a352cd5d8,676541a9bf85ec5de3d4b68b,6,21,8,150000.0
6804acafa628d87a352cd5d8,676541a9bf85ec5de3d4b68b,6,21,6,150000.0
6804acafa628d87a352cd5d8,676541a9bf85ec5de3d4b68b,6,21,7,150000.0
6804acafa628d87a352cd5d8,676541a9bf85ec5de3d4b68b,7,18,11,150000.0
6804acafa628d87a352cd5d8,676541a9bf85ec5de3d4b68b,7,18,11,150000.0
6804acafa628d87a352cd5d8,676541a9bf85ec5de3d4b68b,7,18,11,150000.0
6804acafa628d87a352cd5d8,676541a9bf85ec5de3d4b68b,7,18,12,150000.0
6804acafa628d87a352cd5d8,676541a9bf85ec5de3d4b68b,7,18,12,150000.0
6804acafa628d87a352cd5d8,676541a9bf85ec5de3d4b68b,7,18,12,150000.0
6804acafa628d87a352cd5d8,676541a9bf85ec5de3d4b68b,7,18,10,150000.0
6804acafa628d87a352cd5d8,676541a9bf85ec5de3d4b68b,7,18,11,150000.0
6804acafa628d87a352cd5d8,676541a9bf85ec5de3d4b68b,7,18,11,150000.0
6804acafa628d87a352cd5d8,676541a9bf85ec5de3d4b68b,7,18,10,150000.0
6804acafa628d87a352cd5d8,676541a9bf85ec5de3d4b68b,7,18,10,150000.0
6804acafa628d87a352cd5d8,676541a9bf85ec5de3d4b68b,7,18,10,150000.0
6804acafa628d87a352cd5d8,676541a9bf85ec5de3d4b68b,7,18,2,150000.0
6804acafa628d87a352cd5d8,676541a9bf85ec5de3d4b68b,7,18,2,150000.0
6804acafa628d87a352cd5d8,676541a9bf85ec5de3d4b68b,7,18,2,150000.0
6804acafa628d87a352cd5d8,676541a9bf85ec5de3d4b68b,7,18,3,150000.0
6804acafa628d87a352cd5d8,676541a9bf85ec5de3d4b68b,7,18,3,150000.0
6804acafa628d87a352cd5d8,676541a9bf85ec5de3d4b68b,7,18,3,150000.0
6804acafa628d87a352cd5d8,676541a9bf85ec5de3d4b68b,7,18,8,150000.0
6804acafa628d87a352cd5d8,676541a9bf85ec5de3d4b68b,7,18,1,150000.0
6804acafa628d87a352cd5d8,676541a9bf85ec5de3d4b68b,7,18,2,150000.0
6804acafa628d87a352cd5d8,676541a9bf85ec5de3d4b68b,7,18,8,150000.0
6804acafa628d87a352cd5d8,676541a9bf85ec5de3d4b68b,7,18,1,150000.0
6804acafa628d87a352cd5d8,676541a9bf85ec5de3d4b68b,7,18,8,150000.0
6804acafa628d87a352cd5d8,676541a9bf85ec5de3d4b68b,7,18,7,150000.0
6804acafa628d87a352cd5d8,676541a9bf85ec5de3d4b68b,7,18,7,150000.0
6804acafa628d87a352cd5d8,676541a9bf85ec5de3d4b68b,7,18,7,150000.0
6804acafa628d87a352cd5d8,676541a9bf85ec5de3d4b68b,7,18,1,150000.0
6804acafa628d87a352cd5d8,676541a9bf85ec5de3d4b68b,7,18,1,150000.0
6804acafa628d87a352cd5d8,676541a9bf85ec5de3d4b68b,7,18,9,150000.0
6804acafa628d87a352cd5d8,676541a9bf85ec5de3d4b68b,7,18,9,150000.0
6804acafa628d87a352cd5d8,676541a9bf85ec5de3d4b68b,7,18,8,150000.0
6804acafa628d87a352cd5d8,676541a9bf85ec5de3d4b68b,7,18,12,150000.0
6804acafa628d87a352cd5d8,676541a9bf85ec5de3d4b68b,7,18,9,150000.0
6804acafa628d87a352cd5d8,676541a9bf85ec5de3d4b68b,7,18,6,150000.0
6804acafa628d87a352cd5d8,676541a9bf85ec5de3d4b68b,7,18,6,150000.0
6804acafa628d87a352cd5d8,676541a9bf85ec5de3d4b68b,7,18,6,150000.0
6804acafa628d87a352cd5d8,676541a9bf85ec5de3d4b68b,7,18,6,150000.0
6804acafa628d87a352cd5d8,676541a9bf85ec5de3d4b68b,7,18,9,150000.0
6804acafa628d87a352cd5d8,676541a9bf85ec5de3d4b68b,7,18,4,150000.0
6804acafa628d87a352cd5d8,676541a9bf85ec5de3d4b68b,7,18,5,150000.0
6804acafa628d87a352cd5d8,676541a9bf85ec5de3d4b68b,7,18,4,150000.0
6804acafa628d87a352cd5d8,676541a9bf85ec5de3d4b68b,7,18,5,150000.0
6804acafa628d87a352cd5d8,676541a9bf85ec5de3d4b68b,7,18,8,150000.0
6804acafa628d87a352cd5d8,676541a9bf85ec5de3d4b68b,7,18,5,150000.0
6804acafa628d87a352cd5d8,676541a9bf85ec5de3d4b68b,7,18,5,150000.0
6804acafa628d87a352cd5d8,676541a9bf85ec5de3d4b68b,7,18,6,150000.0
6804acafa628d87a352cd5d8,676541a9bf85ec5de3d4b68b,7,18,7,150000.0
6804acafa628d87a352cd5d8,676541a9bf85ec5de3d4b68b,7,19,11,150000.0
6804acafa628d87a352cd5d8,676541a9bf85ec5de3d4b68b,7,19,11,150000.0
6804acafa628d87a352cd5d8,676541a9bf85ec5de3d4b68b,7,19,11,150000.0
6804acafa628d87a352cd5d8,676541a9bf85ec5de3d4b68b,7,19,12,150000.0
6804acafa628d87a352cd5d8,676541a9bf85ec5de3d4b68b,7,19,12,150000.0
6804acafa628d87a352cd5d8,676541a9bf85ec5de3d4b68b,7,19,12,150000.0
6804acafa628d87a352cd5d8,676541a9bf85ec5de3d4b68b,7,19,10,150000.0
6804acafa628d87a352cd5d8,676541a9bf85ec5de3d4b68b,7,19,11,150000.0
6804acafa628d87a352cd5d8,676541a9bf85ec5de3d4b68b,7,19,11,150000.0
6804acafa628d87a352cd5d8,676541a9bf85ec5de3d4b68b,7,19,10,150000.0
6804acafa628d87a352cd5d8,676541a9bf85ec5de3d4b68b,7,19,10,150000.0
6804acafa628d87a352cd5d8,676541a9bf85ec5de3d4b68b,7,19,10,150000.0
6804acafa628d87a352cd5d8,676541a9bf85ec5de3d4b68b,7,19,2,150000.0
6804acafa628d87a352cd5d8,676541a9bf85ec5de3d4b68b,7,19,2,150000.0
6804acafa628d87a352cd5d8,676541a9bf85ec5de3d4b68b,7,19,2,150000.0
6804acafa628d87a352cd5d8,676541a9bf85ec5de3d4b68b,7,19,3,150000.0
6804acafa628d87a352cd5d8,676541a9bf85ec5de3d4b68b,7,19,3,150000.0
6804acafa628d87a352cd5d8,676541a9bf85ec5de3d4b68b,7,19,3,150000.0
6804acafa628d87a352cd5d8,676541a9bf85ec5de3d4b68b,7,19,8,150000.0
6804acafa628d87a352cd5d8,676541a9bf85ec5de3d4b68b,7,19,8,150000.0
6804acafa628d87a352cd5d8,676541a9bf85ec5de3d4b68b,7,19,8,150000.0
6804acafa628d87a352cd5d8,676541a9bf85ec5de3d4b68b,7,19,7,150000.0
6804acafa628d87a352cd5d8,676541a9bf85ec5de3d4b68b,7,19,6,150000.0
6804acafa628d87a352cd5d8,676541a9bf85ec5de3d4b68b,7,19,7,150000.0
6804acafa628d87a352cd5d8,676541a9bf85ec5de3d4b68b,7,19,7,150000.0
6804acafa628d87a352cd5d8,676541a9bf85ec5de3d4b68b,7,19,6,150000.0
6804acafa628d87a352cd5d8,676541a9bf85ec5de3d4b68b,7,19,8,150000.0
6804acafa628d87a352cd5d8,676541a9bf85ec5de3d4b68b,7,19,6,150000.0
6804acafa628d87a352cd5d8,676541a9bf85ec5de3d4b68b,7,19,8,150000.0
6804acafa628d87a352cd5d8,676541a9bf85ec5de3d4b68b,7,19,9,150000.0
6804acafa628d87a352cd5d8,676541a9bf85ec5de3d4b68b,7,19,6,150000.0
6804acafa628d87a352cd5d8,676541a9bf85ec5de3d4b68b,7,19,9,150000.0
6804acafa628d87a352cd5d8,676541a9bf85ec5de3d4b68b,7,19,1,150000.0
6804acafa628d87a352cd5d8,676541a9bf85ec5de3d4b68b,7,19,9,150000.0
6804acafa628d87a352cd5d8,676541a9bf85ec5de3d4b68b,7,19,5,150000.0
6804acafa628d87a352cd5d8,676541a9bf85ec5de3d4b68b,7,19,7,150000.0
6804acafa628d87a352cd5d8,676541a9bf85ec5de3d4b68b,7,19,9,150000.0
6804acafa628d87a352cd5d8,676541a9bf85ec5de3d4b68b,7,19,2,150000.0
6804acafa628d87a352cd5d8,676541a9bf85ec5de3d4b68b,7,19,5,150000.0
6804acafa628d87a352cd5d8,676541a9bf85ec5de3d4b68b,7,19,12,150000.0
6804acafa628d87a352cd5d8,676541a9bf85ec5de3d4b68b,7,19,1,150000.0
6804acafa628d87a352cd5d8,676541a9bf85ec5de3d4b68b,7,19,4,150000.0
6804acafa628d87a352cd5d8,676541a9bf85ec5de3d4b68b,7,19,4,150000.0
6804acafa628d87a352cd5d8,676541a9bf85ec5de3d4b68b,7,19,5,150000.0
6804acafa628d87a352cd5d8,676541a9bf85ec5de3d4b68b,7,19,5,150000.0
6804acafa628d87a352cd5d8,676541a9bf85ec5de3d4b68b,7,19,1,150000.0
6804acafa628d87a352cd5d8,676541a9bf85ec5de3d4b68b,7,19,1,150000.0
6804acafa628d87a352cd5d8,676541a9bf85ec5de3d4b68b,7,19,6,150000.0
6804b000a628d87a352cd5e3,67654209bf85ec5de3d4b68e,4,6,11,50000.0
6804b000a628d87a352cd5e3,67654209bf85ec5de3d4b68e,4,6,12,50000.0
6804b000a628d87a352cd5e3,67654209bf85ec5de3d4b68e,4,6,11,50000.0
6804b000a628d87a352cd5e3,67654209bf85ec5de3d4b68e,4,6,10,50000.0
6804b000a628d87a352cd5e3,67654209bf85ec5de3d4b68e,4,6,10,50000.0
6804b000a628d87a352cd5e3,67654209bf85ec5de3d4b68e,4,6,10,50000.0
6804b000a628d87a352cd5e3,67654209bf85ec5de3d4b68e,4,6,7,50000.0
6804b000a628d87a352cd5e3,67654209bf85ec5de3d4b68e,4,6,8,50000.0
6804b000a628d87a352cd5e3,67654209bf85ec5de3d4b68e,4,6,9,50000.0
6804b000a628d87a352cd5e3,67654209bf85ec5de3d4b68e,4,6,7,50000.0
6804b000a628d87a352cd5e3,67654209bf85ec5de3d4b68e,4,6,9,50000.0
6804b000a628d87a352cd5e3,67654209bf85ec5de3d4b68e,4,6,5,50000.0
6804b000a628d87a352cd5e3,67654209bf85ec5de3d4b68e,4,6,8,50000.0
6804b000a628d87a352cd5e3,67654209bf85ec5de3d4b68e,4,6,12,50000.0
6804b000a628d87a352cd5e3,67654209bf85ec5de3d4b68e,4,6,1,50000.0
6804b000a628d87a352cd5e3,67654209bf85ec5de3d4b68e,4,6,4,50000.0
6804b000a628d87a352cd5e3,67654209bf85ec5de3d4b68e,4,6,1,50000.0
6804b000a628d87a352cd5e3,67654209bf85ec5de3d4b68e,4,6,5,50000.0
6804b000a628d87a352cd5e3,67654209bf85ec5de3d4b68e,4,6,5,50000.0
6804b000a628d87a352cd5e3,67654209bf85ec5de3d4b68e,4,6,6,50000.0
6804b000a628d87a352cd5e3,67654209bf85ec5de3d4b68e,4,6,6,50000.0
6804b000a628d87a352cd5e3,67654209bf85ec5de3d4b68e,4,6,2,50000.0
6804b000a628d87a352cd5e3,67654209bf85ec5de3d4b68e,4,6,3,50000.0
6804b000a628d87a352cd5e3,67654209bf85ec5de3d4b68e,4,6,2,50000.0
6804af99a628d87a352cd5e2,67654209bf85ec5de3d4b68e,4,23,5,100000.0
6804af99a628d87a352cd5e2,67654209bf85ec5de3d4b68e,4,23,5,100000.0
6804af99a628d87a352cd5e2,67654209bf85ec5de3d4b68e,4,23,4,100000.0
6804af99a628d87a352cd5e2,67654209bf85ec5de3d4b68e,4,23,4,100000.0
6804ad43a628d87a352cd5d9,676541cdbf85ec5de3d4b68c,2,13,4,100000.0
6804ad43a628d87a352cd5d9,676541cdbf85ec5de3d4b68c,2,13,5,100000.0
6804ad43a628d87a352cd5d9,676541cdbf85ec5de3d4b68c,2,13,4,100000.0
6804ad43a628d87a352cd5d9,676541cdbf85ec5de3d4b68c,2,13,4,100000.0
6804ae6aa628d87a352cd5dd,676541ebbf85ec5de3d4b68d,3,15,4,200000.0
6804ae6aa628d87a352cd5dd,676541ebbf85ec5de3d4b68d,3,15,5,200000.0
6804ae6aa628d87a352cd5dd,676541ebbf85ec5de3d4b68d,3,15,4,200000.0
6804ae6aa628d87a352cd5dd,676541ebbf85ec5de3d4b68d,3,15,4,200000.0
6804ac28a628d87a352cd5d5,676541a9bf85ec5de3d4b68b,7,23,4,200000.0
6804ac28a628d87a352cd5d5,676541a9bf85ec5de3d4b68b,7,23,5,200000.0
6804ac28a628d87a352cd5d5,676541a9bf85ec5de3d4b68b,7,23,4,200000.0
6804ac28a628d87a352cd5d5,676541a9bf85ec5de3d4b68b,7,23,4,200000.0
6804ac28a628d87a352cd5d5,676541a9bf85ec5de3d4b68b,4,16,5,180000.0
6804ac28a628d87a352cd5d5,676541a9bf85ec5de3d4b68b,4,16,5,180000.0
6804ac28a628d87a352cd5d5,676541a9bf85ec5de3d4b68b,4,16,5,180000.0
6804ac28a628d87a352cd5d5,676541a9bf85ec5de3d4b68b,4,16,4,180000.0
6804b000a628d87a352cd5e3,67654209bf85ec5de3d4b68e,1,5,11,50000.0
6804b000a628d87a352cd5e3,67654209bf85ec5de3d4b68e,1,5,12,50000.0
6804b000a628d87a352cd5e3,67654209bf85ec5de3d4b68e,1,5,11,50000.0
6804b000a628d87a352cd5e3,67654209bf85ec5de3d4b68e,1,5,12,50000.0
6804b000a628d87a352cd5e3,67654209bf85ec5de3d4b68e,1,5,12,50000.0
6804b000a628d87a352cd5e3,67654209bf85ec5de3d4b68e,1,5,12,50000.0
6804b000a628d87a352cd5e3,67654209bf85ec5de3d4b68e,1,5,10,50000.0
6804b000a628d87a352cd5e3,67654209bf85ec5de3d4b68e,1,5,11,50000.0
6804b000a628d87a352cd5e3,67654209bf85ec5de3d4b68e,1,5,11,50000.0
6804b000a628d87a352cd5e3,67654209bf85ec5de3d4b68e,1,5,10,50000.0
6804b000a628d87a352cd5e3,67654209bf85ec5de3d4b68e,1,5,10,50000.0
6804b000a628d87a352cd5e3,67654209bf85ec5de3d4b68e,1,5,10,50000.0
6804b000a628d87a352cd5e3,67654209bf85ec5de3d4b68e,1,5,2,50000.0
6804b000a628d87a352cd5e3,67654209bf85ec5de3d4b68e,1,5,2,50000.0
6804b000a628d87a352cd5e3,67654209bf85ec5de3d4b68e,1,5,2,50000.0
6804b000a628d87a352cd5e3,67654209bf85ec5de3d4b68e,1,5,3,50000.0
6804b000a628d87a352cd5e3,67654209bf85ec5de3d4b68e,1,5,3,50000.0
6804b000a628d87a352cd5e3,67654209bf85ec5de3d4b68e,1,5,3,50000.0
6804b000a628d87a352cd5e3,67654209bf85ec5de3d4b68e,1,5,1,50000.0
6804b000a628d87a352cd5e3,67654209bf85ec5de3d4b68e,1,5,2,50000.0
6804b000a628d87a352cd5e3,67654209bf85ec5de3d4b68e,1,5,1,50000.0
6804b000a628d87a352cd5e3,67654209bf85ec5de3d4b68e,1,5,1,50000.0
6804b000a628d87a352cd5e3,67654209bf85ec5de3d4b68e,1,5,1,50000.0
6804b000a628d87a352cd5e3,67654209bf85ec5de3d4b68e,1,5,12,50000.0
6804b000a628d87a352cd5e3,67654209bf85ec5de3d4b68e,1,5,6,50000.0
6804b000a628d87a352cd5e3,67654209bf85ec5de3d4b68e,1,5,6,50000.0
6804b000a628d87a352cd5e3,67654209bf85ec5de3d4b68e,1,5,6,50000.0
6804b000a628d87a352cd5e3,67654209bf85ec5de3d4b68e,1,5,8,50000.0
6804b000a628d87a352cd5e3,67654209bf85ec5de3d4b68e,1,5,6,50000.0
6804b000a628d87a352cd5e3,67654209bf85ec5de3d4b68e,1,5,7,50000.0
6804b000a628d87a352cd5e3,67654209bf85ec5de3d4b68e,1,5,6,50000.0
6804b000a628d87a352cd5e3,67654209bf85ec5de3d4b68e,1,5,8,50000.0
6804b000a628d87a352cd5e3,67654209bf85ec5de3d4b68e,1,5,8,50000.0
6804b000a628d87a352cd5e3,67654209bf85ec5de3d4b68e,1,5,7,50000.0
6804b000a628d87a352cd5e3,67654209bf85ec5de3d4b68e,1,5,5,50000.0
6804b000a628d87a352cd5e3,67654209bf85ec5de3d4b68e,1,5,7,50000.0
6804b000a628d87a352cd5e3,67654209bf85ec5de3d4b68e,1,5,7,50000.0
6804b000a628d87a352cd5e3,67654209bf85ec5de3d4b68e,1,5,5,50000.0
6804b000a628d87a352cd5e3,67654209bf85ec5de3d4b68e,1,5,9,50000.0
6804b000a628d87a352cd5e3,67654209bf85ec5de3d4b68e,1,5,5,50000.0
6804b000a628d87a352cd5e3,67654209bf85ec5de3d4b68e,1,5,9,50000.0
6804b000a628d87a352cd5e3,67654209bf85ec5de3d4b68e,1,5,9,50000.0
6804b000a628d87a352cd5e3,67654209bf85ec5de3d4b68e,1,5,9,50000.0
6804b000a628d87a352cd5e3,67654209bf85ec5de3d4b68e,1,5,9,50000.0
6804b000a628d87a352cd5e3,67654209bf85ec5de3d4b68e,1,5,8,50000.0
6804b000a628d87a352cd5e3,67654209bf85ec5de3d4b68e,1,5,4,50000.0
6804b000a628d87a352cd5e3,67654209bf85ec5de3d4b68e,1,5,4,50000.0
6804b000a628d87a352cd5e3,67654209bf85ec5de3d4b68e,1,5,5,50000.0
6804b000a628d87a352cd5e3,67654209bf85ec5de3d4b68e,2,6,11,50000.0
6804b000a628d87a352cd5e3,67654209bf85ec5de3d4b68e,2,6,12,50000.0
6804b000a628d87a352cd5e3,67654209bf85ec5de3d4b68e,2,6,11,50000.0
6804b000a628d87a352cd5e3,67654209bf85ec5de3d4b68e,2,6,8,50000.0
6804b000a628d87a352cd5e3,67654209bf85ec5de3d4b68e,2,6,12,50000.0
6804b000a628d87a352cd5e3,67654209bf85ec5de3d4b68e,2,6,2,50000.0
6804b000a628d87a352cd5e3,67654209bf85ec5de3d4b68e,2,6,8,50000.0
6804b000a628d87a352cd5e3,67654209bf85ec5de3d4b68e,2,6,12,50000.0
6804b000a628d87a352cd5e3,67654209bf85ec5de3d4b68e,2,6,8,50000.0
6804b000a628d87a352cd5e3,67654209bf85ec5de3d4b68e,2,6,2,50000.0
6804b000a628d87a352cd5e3,67654209bf85ec5de3d4b68e,2,6,12,50000.0
6804b000a628d87a352cd5e3,67654209bf85ec5de3d4b68e,2,6,2,50000.0
6804b000a628d87a352cd5e3,67654209bf85ec5de3d4b68e,2,6,7,50000.0
6804b000a628d87a352cd5e3,67654209bf85ec5de3d4b68e,2,6,10,50000.0
6804b000a628d87a352cd5e3,67654209bf85ec5de3d4b68e,2,6,10,50000.0
6804b000a628d87a352cd5e3,67654209bf85ec5de3d4b68e,2,6,11,50000.0
6804b000a628d87a352cd5e3,67654209bf85ec5de3d4b68e,2,6,6,50000.0
6804b000a628d87a352cd5e3,67654209bf85ec5de3d4b68e,2,6,7,50000.0
6804b000a628d87a352cd5e3,67654209bf85ec5de3d4b68e,2,6,1,50000.0
6804b000a628d87a352cd5e3,67654209bf85ec5de3d4b68e,2,6,10,50000.0
6804b000a628d87a352cd5e3,67654209bf85ec5de3d4b68e,2,6,3,50000.0
6804b000a628d87a352cd5e3,67654209bf85ec5de3d4b68e,2,6,1,50000.0
6804b000a628d87a352cd5e3,67654209bf85ec5de3d4b68e,2,6,11,50000.0
6804b000a628d87a352cd5e3,67654209bf85ec5de3d4b68e,2,6,7,50000.0
6804b000a628d87a352cd5e3,67654209bf85ec5de3d4b68e,2,6,6,50000.0
6804b000a628d87a352cd5e3,67654209bf85ec5de3d4b68e,2,6,10,50000.0
6804b000a628d87a352cd5e3,67654209bf85ec5de3d4b68e,2,6,1,50000.0
6804b000a628d87a352cd5e3,67654209bf85ec5de3d4b68e,2,6,2,50000.0
6804b000a628d87a352cd5e3,67654209bf85ec5de3d4b68e,2,6,3,50000.0
6804b000a628d87a352cd5e3,67654209bf85ec5de3d4b68e,2,6,6,50000.0
6804b000a628d87a352cd5e3,67654209bf85ec5de3d4b68e,2,6,1,50000.0
6804b000a628d87a352cd5e3,67654209bf85ec5de3d4b68e,2,6,12,50000.0
6804b000a628d87a352cd5e3,67654209bf85ec5de3d4b68e,2,6,3,50000.0
6804b000a628d87a352cd5e3,67654209bf85ec5de3d4b68e,2,6,9,50000.0
6804b000a628d87a352cd5e3,67654209bf85ec5de3d4b68e,2,6,5,50000.0
6804b000a628d87a352cd5e3,67654209bf85ec5de3d4b68e,2,6,7,50000.0
6804b000a628d87a352cd5e3,67654209bf85ec5de3d4b68e,2,6,8,50000.0
6804b000a628d87a352cd5e3,67654209bf85ec5de3d4b68e,2,6,9,50000.0
6804b000a628d87a352cd5e3,67654209bf85ec5de3d4b68e,2,6,9,50000.0
6804b000a628d87a352cd5e3,67654209bf85ec5de3d4b68e,2,6,9,50000.0
6804b000a628d87a352cd5e3,67654209bf85ec5de3d4b68e,2,6,4,50000.0
6804b000a628d87a352cd5e3,67654209bf85ec5de3d4b68e,2,6,7,50000.0
6804b000a628d87a352cd5e3,67654209bf85ec5de3d4b68e,2,6,5,50000.0
6804b000a628d87a352cd5e3,67654209bf85ec5de3d4b68e,2,6,9,50000.0
6804b000a628d87a352cd5e3,67654209bf85ec5de3d4b68e,2,6,6,50000.0
6804b000a628d87a352cd5e3,67654209bf85ec5de3d4b68e,2,6,5,50000.0
6804b000a628d87a352cd5e3,67654209bf85ec5de3d4b68e,2,6,5,50000.0
6804b000a628d87a352cd5e3,67654209bf85ec5de3d4b68e,2,6,4,50000.0
6804b000a628d87a352cd5e3,67654209bf85ec5de3d4b68e,3,7,11,50000.0
6804b000a628d87a352cd5e3,67654209bf85ec5de3d4b68e,3,7,12,50000.0
6804b000a628d87a352cd5e3,67654209bf85ec5de3d4b68e,3,7,11,50000.0
6804b000a628d87a352cd5e3,67654209bf85ec5de3d4b68e,3,7,12,50000.0
6804b000a628d87a352cd5e3,67654209bf85ec5de3d4b68e,3,7,12,50000.0
6804b000a628d87a352cd5e3,67654209bf85ec5de3d4b68e,3,7,12,50000.0
6804b000a628d87a352cd5e3,67654209bf85ec5de3d4b68e,3,7,10,50000.0
6804b000a628d87a352cd5e3,67654209bf85ec5de3d4b68e,3,7,11,50000.0
6804b000a628d87a352cd5e3,67654209bf85ec5de3d4b68e,3,7,11,50000.0
6804b000a628d87a352cd5e3,67654209bf85ec5de3d4b68e,3,7,8,50000.0
6804b000a628d87a352cd5e3,67654209bf85ec5de3d4b68e,3,7,10,50000.0
6804b000a628d87a352cd5e3,67654209bf85ec5de3d4b68e,3,7,8,50000.0
6804b000a628d87a352cd5e3,67654209bf85ec5de3d4b68e,3,7,10,50000.0
6804b000a628d87a352cd5e3,67654209bf85ec5de3d4b68e,3,7,8,50000.0
6804b000a628d87a352cd5e3,67654209bf85ec5de3d4b68e,3,7,10,50000.0
6804b000a628d87a352cd5e3,67654209bf85ec5de3d4b68e,3,7,7,50000.0
6804b000a628d87a352cd5e3,67654209bf85ec5de3d4b68e,3,7,7,50000.0
6804b000a628d87a352cd5e3,67654209bf85ec5de3d4b68e,3,7,2,50000.0
6804b000a628d87a352cd5e3,67654209bf85ec5de3d4b68e,3,7,7,50000.0
6804b000a628d87a352cd5e3,67654209bf85ec5de3d4b68e,3,7,1,50000.0
6804b000a628d87a352cd5e3,67654209bf85ec5de3d4b68e,3,7,2,50000.0
6804b000a628d87a352cd5e3,67654209bf85ec5de3d4b68e,3,7,2,50000.0
6804b000a628d87a352cd5e3,67654209bf85ec5de3d4b68e,3,7,9,50000.0
6804b000a628d87a352cd5e3,67654209bf85ec5de3d4b68e,3,7,1,50000.0
6804b000a628d87a352cd5e3,67654209bf85ec5de3d4b68e,3,7,1,50000.0
6804b000a628d87a352cd5e3,67654209bf85ec5de3d4b68e,3,7,3,50000.0
6804b000a628d87a352cd5e3,67654209bf85ec5de3d4b68e,3,7,5,50000.0
6804b000a628d87a352cd5e3,67654209bf85ec5de3d4b68e,3,7,3,50000.0
6804b000a628d87a352cd5e3,67654209bf85ec5de3d4b68e,3,7,3,50000.0
6804b000a628d87a352cd5e3,67654209bf85ec5de3d4b68e,3,7,1,50000.0
6804b000a628d87a352cd5e3,67654209bf85ec5de3d4b68e,3,7,2,50000.0
6804b000a628d87a352cd5e3,67654209bf85ec5de3d4b68e,3,7,5,50000.0
6804b000a628d87a352cd5e3,67654209bf85ec5de3d4b68e,3,7,6,50000.0
6804b000a628d87a352cd5e3,67654209bf85ec5de3d4b68e,3,7,5,50000.0
6804b000a628d87a352cd5e3,67654209bf85ec5de3d4b68e,3,7,9,50000.0
6804b000a628d87a352cd5e3,67654209bf85ec5de3d4b68e,3,7,4,50000.0
6804b000a628d87a352cd5e3,67654209bf85ec5de3d4b68e,3,7,6,50000.0
6804b000a628d87a352cd5e3,67654209bf85ec5de3d4b68e,3,7,7,50000.0
6804b000a628d87a352cd5e3,67654209bf85ec5de3d4b68e,3,7,9,50000.0
6804b000a628d87a352cd5e3,67654209bf85ec5de3d4b68e,3,7,6,50000.0
6804b000a628d87a352cd5e3,67654209bf85ec5de3d4b68e,3,7,9,50000.0
6804b000a628d87a352cd5e3,67654209bf85ec5de3d4b68e,3,7,7,50000.0
6804b000a628d87a352cd5e3,67654209bf85ec5de3d4b68e,3,7,5,50000.0
6804b000a628d87a352cd5e3,67654209bf85ec5de3d4b68e,3,7,4,50000.0
6804b000a628d87a352cd5e3,67654209bf85ec5de3d4b68e,3,7,8,50000.0
6804b000a628d87a352cd5e3,67654209bf85ec5de3d4b68e,3,7,6,50000.0
6804b000a628d87a352cd5e3,67654209bf85ec5de3d4b68e,3,7,10,50000.0
6804b000a628d87a352cd5e3,67654209bf85ec5de3d4b68e,3,7,12,50000.0
6804b000a628d87a352cd5e3,67654209bf85ec5de3d4b68e,4,7,11,50000.0
6804b000a628d87a352cd5e3,67654209bf85ec5de3d4b68e,4,7,12,50000.0
6804b000a628d87a352cd5e3,67654209bf85ec5de3d4b68e,4,7,11,50000.0
6804b000a628d87a352cd5e3,67654209bf85ec5de3d4b68e,4,7,12,50000.0
6804b000a628d87a352cd5e3,67654209bf85ec5de3d4b68e,4,7,12,50000.0
6804b000a628d87a352cd5e3,67654209bf85ec5de3d4b68e,4,7,12,50000.0
6804b000a628d87a352cd5e3,67654209bf85ec5de3d4b68e,4,7,8,50000.0
6804b000a628d87a352cd5e3,67654209bf85ec5de3d4b68e,4,7,10,50000.0
6804b000a628d87a352cd5e3,67654209bf85ec5de3d4b68e,4,7,8,50000.0
6804b000a628d87a352cd5e3,67654209bf85ec5de3d4b68e,4,7,11,50000.0
6804b000a628d87a352cd5e3,67654209bf85ec5de3d4b68e,4,7,8,50000.0
6804b000a628d87a352cd5e3,67654209bf85ec5de3d4b68e,4,7,2,50000.0
6804b000a628d87a352cd5e3,67654209bf85ec5de3d4b68e,4,7,11,50000.0
6804b000a628d87a352cd5e3,67654209bf85ec5de3d4b68e,4,7,2,50000.0
6804b000a628d87a352cd5e3,67654209bf85ec5de3d4b68e,4,7,5,50000.0
6804b000a628d87a352cd5e3,67654209bf85ec5de3d4b68e,4,7,2,50000.0
6804b000a628d87a352cd5e3,67654209bf85ec5de3d4b68e,4,7,1,50000.0
6804b000a628d87a352cd5e3,67654209bf85ec5de3d4b68e,4,7,6,50000.0
6804b000a628d87a352cd5e3,67654209bf85ec5de3d4b68e,4,7,7,50000.0
6804b000a628d87a352cd5e3,67654209bf85ec5de3d4b68e,4,7,5,50000.0
6804b000a628d87a352cd5e3,67654209bf85ec5de3d4b68e,4,7,5,50000.0
6804b000a628d87a352cd5e3,67654209bf85ec5de3d4b68e,4,7,7,50000.0
6804b000a628d87a352cd5e3,67654209bf85ec5de3d4b68e,4,7,6,50000.0
6804b000a628d87a352cd5e3,67654209bf85ec5de3d4b68e,4,7,5,50000.0
6804b000a628d87a352cd5e3,67654209bf85ec5de3d4b68e,4,7,2,50000.0
6804b000a628d87a352cd5e3,67654209bf85ec5de3d4b68e,4,7,3,50000.0
6804b000a628d87a352cd5e3,67654209bf85ec5de3d4b68e,4,7,10,50000.0
6804b000a628d87a352cd5e3,67654209bf85ec5de3d4b68e,4,7,5,50000.0
6804b000a628d87a352cd5e3,67654209bf85ec5de3d4b68e,4,7,7,50000.0
6804b000a628d87a352cd5e3,67654209bf85ec5de3d4b68e,4,7,6,50000.0
6804b000a628d87a352cd5e3,67654209bf85ec5de3d4b68e,4,7,1,50000.0
6804b000a628d87a352cd5e3,67654209bf85ec5de3d4b68e,4,7,4,50000.0
6804b000a628d87a352cd5e3,67654209bf85ec5de3d4b68e,4,7,3,50000.0
6804b000a628d87a352cd5e3,67654209bf85ec5de3d4b68e,4,7,10,50000.0
6804b000a628d87a352cd5e3,67654209bf85ec5de3d4b68e,4,7,3,50000.0
6804b000a628d87a352cd5e3,67654209bf85ec5de3d4b68e,4,7,9,50000.0
6804b000a628d87a352cd5e3,67654209bf85ec5de3d4b68e,4,7,10,50000.0
6804b000a628d87a352cd5e3,67654209bf85ec5de3d4b68e,4,7,6,50000.0
6804b000a628d87a352cd5e3,67654209bf85ec5de3d4b68e,4,7,7,50000.0
6804b000a628d87a352cd5e3,67654209bf85ec5de3d4b68e,4,7,1,50000.0
6804b000a628d87a352cd5e3,67654209bf85ec5de3d4b68e,4,7,7,50000.0
6804b000a628d87a352cd5e3,67654209bf85ec5de3d4b68e,4,7,10,50000.0
6804b000a628d87a352cd5e3,67654209bf85ec5de3d4b68e,4,7,1,50000.0
6804b000a628d87a352cd5e3,67654209bf85ec5de3d4b68e,4,7,1,50000.0
6804b000a628d87a352cd5e3,67654209bf85ec5de3d4b68e,4,7,9,50000.0
6804b000a628d87a352cd5e3,67654209bf85ec5de3d4b68e,4,7,9,50000.0
6804b000a628d87a352cd5e3,67654209bf85ec5de3d4b68e,4,7,8,50000.0
6804b000a628d87a352cd5e3,67654209bf85ec5de3d4b68e,4,7,9,50000.0
6804ae6aa628d87a352cd5dd,676541ebbf85ec5de3d4b68d,1,18,11,200000.0
6804ae6aa628d87a352cd5dd,676541ebbf85ec5de3d4b68d,1,18,12,200000.0
6804ae6aa628d87a352cd5dd,676541ebbf85ec5de3d4b68d,1,18,11,200000.0
6804ae6aa628d87a352cd5dd,676541ebbf85ec5de3d4b68d,1,18,12,200000.0
6804ae6aa628d87a352cd5dd,676541ebbf85ec5de3d4b68d,1,18,12,200000.0
6804ae6aa628d87a352cd5dd,676541ebbf85ec5de3d4b68d,1,18,12,200000.0
6804ae6aa628d87a352cd5dd,676541ebbf85ec5de3d4b68d,1,18,10,200000.0
6804ae6aa628d87a352cd5dd,676541ebbf85ec5de3d4b68d,1,18,11,200000.0
6804ae6aa628d87a352cd5dd,676541ebbf85ec5de3d4b68d,1,18,11,200000.0
6804ae6aa628d87a352cd5dd,676541ebbf85ec5de3d4b68d,1,18,10,200000.0
6804ae6aa628d87a352cd5dd,676541ebbf85ec5de3d4b68d,1,18,10,200000.0
6804ae6aa628d87a352cd5dd,676541ebbf85ec5de3d4b68d,1,18,10,200000.0
6804ae6aa628d87a352cd5dd,676541ebbf85ec5de3d4b68d,1,18,8,200000.0
6804ae6aa628d87a352cd5dd,676541ebbf85ec5de3d4b68d,1,18,2,200000.0
6804ae6aa628d87a352cd5dd,676541ebbf85ec5de3d4b68d,1,18,8,200000.0
6804ae6aa628d87a352cd5dd,676541ebbf85ec5de3d4b68d,1,18,2,200000.0
6804ae6aa628d87a352cd5dd,676541ebbf85ec5de3d4b68d,1,18,8,200000.0
6804ae6aa628d87a352cd5dd,676541ebbf85ec5de3d4b68d,1,18,2,200000.0
6804ae6aa628d87a352cd5dd,676541ebbf85ec5de3d4b68d,1,18,9,200000.0
6804ae6aa628d87a352cd5dd,676541ebbf85ec5de3d4b68d,1,18,1,200000.0
6804ae6aa628d87a352cd5dd,676541ebbf85ec5de3d4b68d,1,18,6,200000.0
6804ae6aa628d87a352cd5dd,676541ebbf85ec5de3d4b68d,1,18,9,200000.0
6804ae6aa628d87a352cd5dd,676541ebbf85ec5de3d4b68d,1,18,3,200000.0
6804ae6aa628d87a352cd5dd,676541ebbf85ec5de3d4b68d,1,18,7,200000.0
6804ae6aa628d87a352cd5dd,676541ebbf85ec5de3d4b68d,1,18,6,200000.0
6804ae6aa628d87a352cd5dd,676541ebbf85ec5de3d4b68d,1,18,9,200000.0
6804ae6aa628d87a352cd5dd,676541ebbf85ec5de3d4b68d,1,18,2,200000.0
6804ae6aa628d87a352cd5dd,676541ebbf85ec5de3d4b68d,1,18,1,200000.0
6804ae6aa628d87a352cd5dd,676541ebbf85ec5de3d4b68d,1,18,7,200000.0
6804ae6aa628d87a352cd5dd,676541ebbf85ec5de3d4b68d,1,18,9,200000.0
6804ae6aa628d87a352cd5dd,676541ebbf85ec5de3d4b68d,1,18,6,200000.0
6804ae6aa628d87a352cd5dd,676541ebbf85ec5de3d4b68d,1,18,3,200000.0
6804ae6aa628d87a352cd5dd,676541ebbf85ec5de3d4b68d,1,18,1,200000.0
6804ae6aa628d87a352cd5dd,676541ebbf85ec5de3d4b68d,1,18,8,200000.0
6804ae6aa628d87a352cd5dd,676541ebbf85ec5de3d4b68d,1,18,1,200000.0
6804ae6aa628d87a352cd5dd,676541ebbf85ec5de3d4b68d,1,18,7,200000.0
6804ae6aa628d87a352cd5dd,676541ebbf85ec5de3d4b68d,1,18,3,200000.0
6804ae6aa628d87a352cd5dd,676541ebbf85ec5de3d4b68d,1,18,9,200000.0
6804ae6aa628d87a352cd5dd,676541ebbf85ec5de3d4b68d,1,18,12,200000.0
6804ae6aa628d87a352cd5dd,676541ebbf85ec5de3d4b68d,1,18,6,200000.0
6804ae6aa628d87a352cd5dd,676541ebbf85ec5de3d4b68d,1,18,6,200000.0
6804ae6aa628d87a352cd5dd,676541ebbf85ec5de3d4b68d,1,18,5,200000.0
6804ae6aa628d87a352cd5dd,676541ebbf85ec5de3d4b68d,1,18,7,200000.0
6804ae6aa628d87a352cd5dd,676541ebbf85ec5de3d4b68d,1,18,4,200000.0
6804ae6aa628d87a352cd5dd,676541ebbf85ec5de3d4b68d,1,18,5,200000.0
6804ae6aa628d87a352cd5dd,676541ebbf85ec5de3d4b68d,1,18,5,200000.0
6804ae6aa628d87a352cd5dd,676541ebbf85ec5de3d4b68d,1,18,5,200000.0
6804ae6aa628d87a352cd5dd,676541ebbf85ec5de3d4b68d,1,18,4,200000.0
6804ae6aa628d87a352cd5dd,676541ebbf85ec5de3d4b68d,2,5,11,200000.0
6804ae6aa628d87a352cd5dd,676541ebbf85ec5de3d4b68d,2,5,12,200000.0
6804ae6aa628d87a352cd5dd,676541ebbf85ec5de3d4b68d,2,5,11,200000.0
6804ae6aa628d87a352cd5dd,676541ebbf85ec5de3d4b68d,2,5,12,200000.0
6804ae6aa628d87a352cd5dd,676541ebbf85ec5de3d4b68d,2,5,12,200000.0
6804ae6aa628d87a352cd5dd,676541ebbf85ec5de3d4b68d,2,5,12,200000.0
6804ae6aa628d87a352cd5dd,676541ebbf85ec5de3d4b68d,2,5,10,200000.0
6804ae6aa628d87a352cd5dd,676541ebbf85ec5de3d4b68d,2,5,8,200000.0
6804ae6aa628d87a352cd5dd,676541ebbf85ec5de3d4b68d,2,5,11,200000.0
6804ae6aa628d87a352cd5dd,676541ebbf85ec5de3d4b68d,2,5,11,200000.0
6804ae6aa628d87a352cd5dd,676541ebbf85ec5de3d4b68d,2,5,8,200000.0
6804ae6aa628d87a352cd5dd,676541ebbf85ec5de3d4b68d,2,5,8,200000.0
6804ae6aa628d87a352cd5dd,676541ebbf85ec5de3d4b68d,2,5,10,200000.0
6804ae6aa628d87a352cd5dd,676541ebbf85ec5de3d4b68d,2,5,10,200000.0
6804ae6aa628d87a352cd5dd,676541ebbf85ec5de3d4b68d,2,5,7,200000.0
6804ae6aa628d87a352cd5dd,676541ebbf85ec5de3d4b68d,2,5,10,200000.0
6804ae6aa628d87a352cd5dd,676541ebbf85ec5de3d4b68d,2,5,7,200000.0
6804ae6aa628d87a352cd5dd,676541ebbf85ec5de3d4b68d,2,5,1,200000.0
6804ae6aa628d87a352cd5dd,676541ebbf85ec5de3d4b68d,2,5,7,200000.0
6804ae6aa628d87a352cd5dd,676541ebbf85ec5de3d4b68d,2,5,1,200000.0
6804ae6aa628d87a352cd5dd,676541ebbf85ec5de3d4b68d,2,5,2,200000.0
6804ae6aa628d87a352cd5dd,676541ebbf85ec5de3d4b68d,2,5,9,200000.0
6804ae6aa628d87a352cd5dd,676541ebbf85ec5de3d4b68d,2,5,12,200000.0
6804ae6aa628d87a352cd5dd,676541ebbf85ec5de3d4b68d,2,5,2,200000.0
6804ae6aa628d87a352cd5dd,676541ebbf85ec5de3d4b68d,2,5,1,200000.0
6804ae6aa628d87a352cd5dd,676541ebbf85ec5de3d4b68d,2,5,2,200000.0
6804ae6aa628d87a352cd5dd,676541ebbf85ec5de3d4b68d,2,5,9,200000.0
6804ae6aa628d87a352cd5dd,676541ebbf85ec5de3d4b68d,2,5,1,200000.0
6804ae6aa628d87a352cd5dd,676541ebbf85ec5de3d4b68d,2,5,9,200000.0
6804ae6aa628d87a352cd5dd,676541ebbf85ec5de3d4b68d,2,5,2,200000.0
6804ae6aa628d87a352cd5dd,676541ebbf85ec5de3d4b68d,2,5,6,200000.0
6804ae6aa628d87a352cd5dd,676541ebbf85ec5de3d4b68d,2,5,9,200000.0
6804ae6aa628d87a352cd5dd,676541ebbf85ec5de3d4b68d,2,5,3,200000.0
6804ae6aa628d87a352cd5dd,676541ebbf85ec5de3d4b68d,2,5,9,200000.0
6804ae6aa628d87a352cd5dd,676541ebbf85ec5de3d4b68d,2,5,6,200000.0
6804ae6aa628d87a352cd5dd,676541ebbf85ec5de3d4b68d,2,5,3,200000.0
6804ae6aa628d87a352cd5dd,676541ebbf85ec5de3d4b68d,2,5,5,200000.0
6804ae6aa628d87a352cd5dd,676541ebbf85ec5de3d4b68d,2,5,8,200000.0
6804ae6aa628d87a352cd5dd,676541ebbf85ec5de3d4b68d,2,5,6,200000.0
6804ae6aa628d87a352cd5dd,676541ebbf85ec5de3d4b68d,2,5,3,200000.0
6804ae6aa628d87a352cd5dd,676541ebbf85ec5de3d4b68d,2,5,5,200000.0
6804ae6aa628d87a352cd5dd,676541ebbf85ec5de3d4b68d,2,5,7,200000.0
6804ae6aa628d87a352cd5dd,676541ebbf85ec5de3d4b68d,2,5,6,200000.0
6804ae6aa628d87a352cd5dd,676541ebbf85ec5de3d4b68d,2,5,7,200000.0
6804ae6aa628d87a352cd5dd,676541ebbf85ec5de3d4b68d,2,5,5,200000.0
6804ae6aa628d87a352cd5dd,676541ebbf85ec5de3d4b68d,2,5,4,200000.0
6804ae6aa628d87a352cd5dd,676541ebbf85ec5de3d4b68d,2,5,5,200000.0
6804ae6aa628d87a352cd5dd,676541ebbf85ec5de3d4b68d,2,5,4,200000.0
6804ae6aa628d87a352cd5dd,676541ebbf85ec5de3d4b68d,2,21,11,200000.0
6804ae6aa628d87a352cd5dd,676541ebbf85ec5de3d4b68d,2,21,12,200000.0
6804ae6aa628d87a352cd5dd,676541ebbf85ec5de3d4b68d,2,21,11,200000.0
6804ae6aa628d87a352cd5dd,676541ebbf85ec5de3d4b68d,2,21,12,200000.0
6804ae6aa628d87a352cd5dd,676541ebbf85ec5de3d4b68d,2,21,12,200000.0
6804ae6aa628d87a352cd5dd,676541ebbf85ec5de3d4b68d,2,21,12,200000.0
6804ae6aa628d87a352cd5dd,676541ebbf85ec5de3d4b68d,2,21,10,200000.0
6804ae6aa628d87a352cd5dd,676541ebbf85ec5de3d4b68d,2,21,11,200000.0
6804ae6aa628d87a352cd5dd,676541ebbf85ec5de3d4b68d,2,21,11,200000.0
6804ae6aa628d87a352cd5dd,676541ebbf85ec5de3d4b68d,2,21,10,200000.0
6804ae6aa628d87a352cd5dd,676541ebbf85ec5de3d4b68d,2,21,10,200000.0
6804ae6aa628d87a352cd5dd,676541ebbf85ec5de3d4b68d,2,21,10,200000.0
6804ae6aa628d87a352cd5dd,676541ebbf85ec5de3d4b68d,2,21,2,200000.0
6804ae6aa628d87a352cd5dd,676541ebbf85ec5de3d4b68d,2,21,2,200000.0
6804ae6aa628d87a352cd5dd,676541ebbf85ec5de3d4b68d,2,21,2,200000.0
6804ae6aa628d87a352cd5dd,676541ebbf85ec5de3d4b68d,2,21,8,200000.0
6804ae6aa628d87a352cd5dd,676541ebbf85ec5de3d4b68d,2,21,3,200000.0
6804ae6aa628d87a352cd5dd,676541ebbf85ec5de3d4b68d,2,21,1,200000.0
6804ae6aa628d87a352cd5dd,676541ebbf85ec5de3d4b68d,2,21,8,200000.0
6804ae6aa628d87a352cd5dd,676541ebbf85ec5de3d4b68d,2,21,3,200000.0
6804ae6aa628d87a352cd5dd,676541ebbf85ec5de3d4b68d,2,21,3,200000.0
6804ae6aa628d87a352cd5dd,676541ebbf85ec5de3d4b68d,2,21,8,200000.0
6804ae6aa628d87a352cd5dd,676541ebbf85ec5de3d4b68d,2,21,2,200000.0
6804ae6aa628d87a352cd5dd,676541ebbf85ec5de3d4b68d,2,21,7,200000.0
6804ae6aa628d87a352cd5dd,676541ebbf85ec5de3d4b68d,2,21,1,200000.0
6804ae6aa628d87a352cd5dd,676541ebbf85ec5de3d4b68d,2,21,5,200000.0
6804ae6aa628d87a352cd5dd,676541ebbf85ec5de3d4b68d,2,21,6,200000.0
6804ae6aa628d87a352cd5dd,676541ebbf85ec5de3d4b68d,2,21,7,200000.0
6804ae6aa628d87a352cd5dd,676541ebbf85ec5de3d4b68d,2,21,5,200000.0
6804ae6aa628d87a352cd5dd,676541ebbf85ec5de3d4b68d,2,21,7,200000.0
6804ae6aa628d87a352cd5dd,676541ebbf85ec5de3d4b68d,2,21,4,200000.0
6804ae6aa628d87a352cd5dd,676541ebbf85ec5de3d4b68d,2,21,6,200000.0
6804ae6aa628d87a352cd5dd,676541ebbf85ec5de3d4b68d,2,21,5,200000.0
6804ae6aa628d87a352cd5dd,676541ebbf85ec5de3d4b68d,2,21,7,200000.0
6804ae6aa628d87a352cd5dd,676541ebbf85ec5de3d4b68d,2,21,1,200000.0
6804ae6aa628d87a352cd5dd,676541ebbf85ec5de3d4b68d,2,21,9,200000.0
6804ae6aa628d87a352cd5dd,676541ebbf85ec5de3d4b68d,2,21,5,200000.0
6804ae6aa628d87a352cd5dd,676541ebbf85ec5de3d4b68d,2,21,6,200000.0
6804ae6aa628d87a352cd5dd,676541ebbf85ec5de3d4b68d,2,21,6,200000.0
6804ae6aa628d87a352cd5dd,676541ebbf85ec5de3d4b68d,2,21,4,200000.0
6804ae6aa628d87a352cd5dd,676541ebbf85ec5de3d4b68d,2,21,12,200000.0
6804ae6aa628d87a352cd5dd,676541ebbf85ec5de3d4b68d,2,21,7,200000.0
6804ae6aa628d87a352cd5dd,676541ebbf85ec5de3d4b68d,2,21,1,200000.0
6804ae6aa628d87a352cd5dd,676541ebbf85ec5de3d4b68d,2,21,9,200000.0
6804ae6aa628d87a352cd5dd,676541ebbf85ec5de3d4b68d,2,21,9,200000.0
6804ae6aa628d87a352cd5dd,676541ebbf85ec5de3d4b68d,2,21,8,200000.0
6804ae6aa628d87a352cd5dd,676541ebbf85ec5de3d4b68d,2,21,9,200000.0
6804ae6aa628d87a352cd5dd,676541ebbf85ec5de3d4b68d,2,21,9,200000.0
6804ae6aa628d87a352cd5dd,676541ebbf85ec5de3d4b68d,1,7,11,200000.0
6804ae6aa628d87a352cd5dd,676541ebbf85ec5de3d4b68d,1,7,12,200000.0
6804ae6aa628d87a352cd5dd,676541ebbf85ec5de3d4b68d,1,7,11,200000.0
6804ae6aa628d87a352cd5dd,676541ebbf85ec5de3d4b68d,1,7,12,200000.0
6804ae6aa628d87a352cd5dd,676541ebbf85ec5de3d4b68d,1,7,12,200000.0
6804ae6aa628d87a352cd5dd,676541ebbf85ec5de3d4b68d,1,7,12,200000.0
6804ae6aa628d87a352cd5dd,676541ebbf85ec5de3d4b68d,1,7,10,200000.0
6804ae6aa628d87a352cd5dd,676541ebbf85ec5de3d4b68d,1,7,11,200000.0
6804ae6aa628d87a352cd5dd,676541ebbf85ec5de3d4b68d,1,7,11,200000.0
6804ae6aa628d87a352cd5dd,676541ebbf85ec5de3d4b68d,1,7,10,200000.0
6804ae6aa628d87a352cd5dd,676541ebbf85ec5de3d4b68d,1,7,8,200000.0
6804ae6aa628d87a352cd5dd,676541ebbf85ec5de3d4b68d,1,7,10,200000.0
6804ae6aa628d87a352cd5dd,676541ebbf85ec5de3d4b68d,1,7,10,200000.0
6804ae6aa628d87a352cd5dd,676541ebbf85ec5de3d4b68d,1,7,8,200000.0
6804ae6aa628d87a352cd5dd,676541ebbf85ec5de3d4b68d,1,7,8,200000.0
6804ae6aa628d87a352cd5dd,676541ebbf85ec5de3d4b68d,1,7,6,200000.0
6804ae6aa628d87a352cd5dd,676541ebbf85ec5de3d4b68d,1,7,2,200000.0
6804ae6aa628d87a352cd5dd,676541ebbf85ec5de3d4b68d,1,7,5,200000.0
6804ae6aa628d87a352cd5dd,676541ebbf85ec5de3d4b68d,1,7,6,200000.0
6804ae6aa628d87a352cd5dd,676541ebbf85ec5de3d4b68d,1,7,2,200000.0
6804ae6aa628d87a352cd5dd,676541ebbf85ec5de3d4b68d,1,7,1,200000.0
6804ae6aa628d87a352cd5dd,676541ebbf85ec5de3d4b68d,1,7,6,200000.0
6804ae6aa628d87a352cd5dd,676541ebbf85ec5de3d4b68d,1,7,9,200000.0
6804ae6aa628d87a352cd5dd,676541ebbf85ec5de3d4b68d,1,7,5,200000.0
6804ae6aa628d87a352cd5dd,676541ebbf85ec5de3d4b68d,1,7,2,200000.0
6804ae6aa628d87a352cd5dd,676541ebbf85ec5de3d4b68d,1,7,6,200000.0
6804ae6aa628d87a352cd5dd,676541ebbf85ec5de3d4b68d,1,7,7,200000.0
6804ae6aa628d87a352cd5dd,676541ebbf85ec5de3d4b68d,1,7,2,200000.0
6804ae6aa628d87a352cd5dd,676541ebbf85ec5de3d4b68d,1,7,7,200000.0
6804ae6aa628d87a352cd5dd,676541ebbf85ec5de3d4b68d,1,7,5,200000.0
6804ae6aa628d87a352cd5dd,676541ebbf85ec5de3d4b68d,1,7,9,200000.0
6804ae6aa628d87a352cd5dd,676541ebbf85ec5de3d4b68d,1,7,1,200000.0
6804ae6aa628d87a352cd5dd,676541ebbf85ec5de3d4b68d,1,7,7,200000.0
6804ae6aa628d87a352cd5dd,676541ebbf85ec5de3d4b68d,1,7,3,200000.0
6804ae6aa628d87a352cd5dd,676541ebbf85ec5de3d4b68d,1,7,1,200000.0
6804ae6aa628d87a352cd5dd,676541ebbf85ec5de3d4b68d,1,7,6,200000.0
6804ae6aa628d87a352cd5dd,676541ebbf85ec5de3d4b68d,1,7,9,200000.0
6804ae6aa628d87a352cd5dd,676541ebbf85ec5de3d4b68d,1,7,7,200000.0
6804ae6aa628d87a352cd5dd,676541ebbf85ec5de3d4b68d,1,7,4,200000.0
6804ae6aa628d87a352cd5dd,676541ebbf85ec5de3d4b68d,1,7,1,200000.0
6804ae6aa628d87a352cd5dd,676541ebbf85ec5de3d4b68d,1,7,3,200000.0
6804ae6aa628d87a352cd5dd,676541ebbf85ec5de3d4b68d,1,7,3,200000.0
6804ae6aa628d87a352cd5dd,676541ebbf85ec5de3d4b68d,1,7,5,200000.0
6804ae6aa628d87a352cd5dd,676541ebbf85ec5de3d4b68d,1,7,12,200000.0
6804ae6aa628d87a352cd5dd,676541ebbf85ec5de3d4b68d,1,7,9,200000.0
6804ae6aa628d87a352cd5dd,676541ebbf85ec5de3d4b68d,1,7,8,200000.0
6804ae6aa628d87a352cd5dd,676541ebbf85ec5de3d4b68d,1,7,4,200000.0
6804ae6aa628d87a352cd5dd,676541ebbf85ec5de3d4b68d,1,7,9,200000.0
6804ae6aa628d87a352cd5dd,676541ebbf85ec5de3d4b68d,1,19,11,200000.0
6804ae6aa628d87a352cd5dd,676541ebbf85ec5de3d4b68d,1,19,12,200000.0
6804ae6aa628d87a352cd5dd,676541ebbf85ec5de3d4b68d,1,19,11,200000.0
6804ae6aa628d87a352cd5dd,676541ebbf85ec5de3d4b68d,1,19,12,200000.0
6804ae6aa628d87a352cd5dd,676541ebbf85ec5de3d4b68d,1,19,12,200000.0
6804ae6aa628d87a352cd5dd,676541ebbf85ec5de3d4b68d,1,19,6,200000.0
6804ae6aa628d87a352cd5dd,676541ebbf85ec5de3d4b68d,1,19,12,200000.0
6804ae6aa628d87a352cd5dd,676541ebbf85ec5de3d4b68d,1,19,8,200000.0
6804ae6aa628d87a352cd5dd,676541ebbf85ec5de3d4b68d,1,19,5,200000.0
6804ae6aa628d87a352cd5dd,676541ebbf85ec5de3d4b68d,1,19,9,200000.0
6804ae6aa628d87a352cd5dd,676541ebbf85ec5de3d4b68d,1,19,6,200000.0
6804ae6aa628d87a352cd5dd,676541ebbf85ec5de3d4b68d,1,19,10,200000.0
6804ae6aa628d87a352cd5dd,676541ebbf85ec5de3d4b68d,1,19,5,200000.0
6804ae6aa628d87a352cd5dd,676541ebbf85ec5de3d4b68d,1,19,9,200000.0
6804ae6aa628d87a352cd5dd,676541ebbf85ec5de3d4b68d,1,19,8,200000.0
6804ae6aa628d87a352cd5dd,676541ebbf85ec5de3d4b68d,1,19,11,200000.0
6804ae6aa628d87a352cd5dd,676541ebbf85ec5de3d4b68d,1,19,6,200000.0
6804ae6aa628d87a352cd5dd,676541ebbf85ec5de3d4b68d,1,19,8,200000.0
6804ae6aa628d87a352cd5dd,676541ebbf85ec5de3d4b68d,1,19,9,200000.0
6804ae6aa628d87a352cd5dd,676541ebbf85ec5de3d4b68d,1,19,5,200000.0
6804ae6aa628d87a352cd5dd,676541ebbf85ec5de3d4b68d,1,19,11,200000.0
6804ae6aa628d87a352cd5dd,676541ebbf85ec5de3d4b68d,1,19,7,200000.0
6804ae6aa628d87a352cd5dd,676541ebbf85ec5de3d4b68d,1,19,6,200000.0
6804ae6aa628d87a352cd5dd,676541ebbf85ec5de3d4b68d,1,19,4,200000.0
6804ae6aa628d87a352cd5dd,676541ebbf85ec5de3d4b68d,1,19,9,200000.0
6804ae6aa628d87a352cd5dd,676541ebbf85ec5de3d4b68d,1,19,10,200000.0
6804ae6aa628d87a352cd5dd,676541ebbf85ec5de3d4b68d,1,19,7,200000.0
6804ae6aa628d87a352cd5dd,676541ebbf85ec5de3d4b68d,1,19,5,200000.0
6804ae6aa628d87a352cd5dd,676541ebbf85ec5de3d4b68d,1,19,9,200000.0
6804ae6aa628d87a352cd5dd,676541ebbf85ec5de3d4b68d,1,19,10,200000.0
6804ae6aa628d87a352cd5dd,676541ebbf85ec5de3d4b68d,1,19,7,200000.0
6804ae6aa628d87a352cd5dd,676541ebbf85ec5de3d4b68d,1,19,7,200000.0
6804ae6aa628d87a352cd5dd,676541ebbf85ec5de3d4b68d,1,19,4,200000.0
6804ae6aa628d87a352cd5dd,676541ebbf85ec5de3d4b68d,1,19,10,200000.0
6804ae6aa628d87a352cd5dd,676541ebbf85ec5de3d4b68d,1,19,8,200000.0
6804ae6aa628d87a352cd5dd,676541ebbf85ec5de3d4b68d,1,19,6,200000.0
6804ae6aa628d87a352cd5dd,676541ebbf85ec5de3d4b68d,1,19,2,200000.0
6804ae6aa628d87a352cd5dd,676541ebbf85ec5de3d4b68d,1,19,1,200000.0
6804ae6aa628d87a352cd5dd,676541ebbf85ec5de3d4b68d,1,19,2,200000.0
6804ae6aa628d87a352cd5dd,676541ebbf85ec5de3d4b68d,1,19,2,200000.0
6804ae6aa628d87a352cd5dd,676541ebbf85ec5de3d4b68d,1,19,3,200000.0
6804ae6aa628d87a352cd5dd,676541ebbf85ec5de3d4b68d,1,19,1,200000.0
6804ae6aa628d87a352cd5dd,676541ebbf85ec5de3d4b68d,1,19,2,200000.0
6804ae6aa628d87a352cd5dd,676541ebbf85ec5de3d4b68d,1,19,3,200000.0
6804ae6aa628d87a352cd5dd,676541ebbf85ec5de3d4b68d,1,19,3,200000.0
6804ae6aa628d87a352cd5dd,676541ebbf85ec5de3d4b68d,1,19,1,200000.0
6804ae6aa628d87a352cd5dd,676541ebbf85ec5de3d4b68d,1,19,1,200000.0
6804ae6aa628d87a352cd5dd,676541ebbf85ec5de3d4b68d,1,19,12,200000.0
6804ae6aa628d87a352cd5dd,676541ebbf85ec5de3d4b68d,3,7,11,200000.0
6804ae6aa628d87a352cd5dd,676541ebbf85ec5de3d4b68d,3,7,12,200000.0
6804ae6aa628d87a352cd5dd,676541ebbf85ec5de3d4b68d,3,7,11,200000.0
6804ae6aa628d87a352cd5dd,676541ebbf85ec5de3d4b68d,3,7,12,200000.0
6804ae6aa628d87a352cd5dd,676541ebbf85ec5de3d4b68d,3,7,12,200000.0
6804ae6aa628d87a352cd5dd,676541ebbf85ec5de3d4b68d,3,7,12,200000.0
6804ae6aa628d87a352cd5dd,676541ebbf85ec5de3d4b68d,3,7,10,200000.0
6804ae6aa628d87a352cd5dd,676541ebbf85ec5de3d4b68d,3,7,11,200000.0
6804ae6aa628d87a352cd5dd,676541ebbf85ec5de3d4b68d,3,7,11,200000.0
6804ae6aa628d87a352cd5dd,676541ebbf85ec5de3d4b68d,3,7,10,200000.0
6804ae6aa628d87a352cd5dd,676541ebbf85ec5de3d4b68d,3,7,10,200000.0
6804ae6aa628d87a352cd5dd,676541ebbf85ec5de3d4b68d,3,7,10,200000.0
6804ae6aa628d87a352cd5dd,676541ebbf85ec5de3d4b68d,3,7,2,200000.0
6804ae6aa628d87a352cd5dd,676541ebbf85ec5de3d4b68d,3,7,2,200000.0
6804ae6aa628d87a352cd5dd,676541ebbf85ec5de3d4b68d,3,7,2,200000.0
6804ae6aa628d87a352cd5dd,676541ebbf85ec5de3d4b68d,3,7,3,200000.0
6804ae6aa628d87a352cd5dd,676541ebbf85ec5de3d4b68d,3,7,3,200000.0
6804ae6aa628d87a352cd5dd,676541ebbf85ec5de3d4b68d,3,7,3,200000.0
6804ae6aa628d87a352cd5dd,676541ebbf85ec5de3d4b68d,3,7,1,200000.0
6804ae6aa628d87a352cd5dd,676541ebbf85ec5de3d4b68d,3,7,2,200000.0
6804ae6aa628d87a352cd5dd,676541ebbf85ec5de3d4b68d,3,7,1,200000.0
6804ae6aa628d87a352cd5dd,676541ebbf85ec5de3d4b68d,3,7,1,200000.0
6804ae6aa628d87a352cd5dd,676541ebbf85ec5de3d4b68d,3,7,1,200000.0
6804ae6aa628d87a352cd5dd,676541ebbf85ec5de3d4b68d,3,7,12,200000.0
6804ae6aa628d87a352cd5dd,676541ebbf85ec5de3d4b68d,3,7,8,200000.0
6804ae6aa628d87a352cd5dd,676541ebbf85ec5de3d4b68d,3,7,8,200000.0
6804ae6aa628d87a352cd5dd,676541ebbf85ec5de3d4b68d,3,7,8,200000.0
6804ae6aa628d87a352cd5dd,676541ebbf85ec5de3d4b68d,3,7,7,200000.0
6804ae6aa628d87a352cd5dd,676541ebbf85ec5de3d4b68d,3,7,7,200000.0
6804ae6aa628d87a352cd5dd,676541ebbf85ec5de3d4b68d,3,7,7,200000.0
6804ae6aa628d87a352cd5dd,676541ebbf85ec5de3d4b68d,3,7,9,200000.0
6804ae6aa628d87a352cd5dd,676541ebbf85ec5de3d4b68d,3,7,9,200000.0
6804ae6aa628d87a352cd5dd,676541ebbf85ec5de3d4b68d,3,7,10,200000.0
6804ae6aa628d87a352cd5dd,676541ebbf85ec5de3d4b68d,3,7,5,200000.0
6804ae6aa628d87a352cd5dd,676541ebbf85ec5de3d4b68d,3,7,6,200000.0
6804ae6aa628d87a352cd5dd,676541ebbf85ec5de3d4b68d,3,7,9,200000.0
6804ae6aa628d87a352cd5dd,676541ebbf85ec5de3d4b68d,3,7,5,200000.0
6804ae6aa628d87a352cd5dd,676541ebbf85ec5de3d4b68d,3,7,9,200000.0
6804ae6aa628d87a352cd5dd,676541ebbf85ec5de3d4b68d,3,7,8,200000.0
6804ae6aa628d87a352cd5dd,676541ebbf85ec5de3d4b68d,3,7,5,200000.0
6804ae6aa628d87a352cd5dd,676541ebbf85ec5de3d4b68d,3,7,6,200000.0
6804ae6aa628d87a352cd5dd,676541ebbf85ec5de3d4b68d,3,7,4,200000.0
6804ae6aa628d87a352cd5dd,676541ebbf85ec5de3d4b68d,3,7,4,200000.0
6804ae6aa628d87a352cd5dd,676541ebbf85ec5de3d4b68d,3,7,5,200000.0
6804ae6aa628d87a352cd5dd,676541ebbf85ec5de3d4b68d,3,7,6,200000.0
6804ae6aa628d87a352cd5dd,676541ebbf85ec5de3d4b68d,3,7,7,200000.0
6804ae6aa628d87a352cd5dd,676541ebbf85ec5de3d4b68d,3,7,6,200000.0
6804ae6aa628d87a352cd5dd,676541ebbf85ec5de3d4b68d,3,7,7,200000.0
6804ae6aa628d87a352cd5dd,676541ebbf85ec5de3d4b68d,3,19,11,200000.0
6804ae6aa628d87a352cd5dd,676541ebbf85ec5de3d4b68d,3,19,12,200000.0
6804ae6aa628d87a352cd5dd,676541ebbf85ec5de3d4b68d,3,19,11,200000.0
6804ae6aa628d87a352cd5dd,676541ebbf85ec5de3d4b68d,3,19,12,200000.0
6804ae6aa628d87a352cd5dd,676541ebbf85ec5de3d4b68d,3,19,12,200000.0
6804ae6aa628d87a352cd5dd,676541ebbf85ec5de3d4b68d,3,19,12,200000.0
6804ae6aa628d87a352cd5dd,676541ebbf85ec5de3d4b68d,3,19,10,200000.0
6804ae6aa628d87a352cd5dd,676541ebbf85ec5de3d4b68d,3,19,11,200000.0
6804ae6aa628d87a352cd5dd,676541ebbf85ec5de3d4b68d,3,19,11,200000.0
6804ae6aa628d87a352cd5dd,676541ebbf85ec5de3d4b68d,3,19,10,200000.0
6804ae6aa628d87a352cd5dd,676541ebbf85ec5de3d4b68d,3,19,10,200000.0
6804ae6aa628d87a352cd5dd,676541ebbf85ec5de3d4b68d,3,19,10,200000.0
6804ae6aa628d87a352cd5dd,676541ebbf85ec5de3d4b68d,3,19,2,200000.0
6804ae6aa628d87a352cd5dd,676541ebbf85ec5de3d4b68d,3,19,2,200000.0
6804ae6aa628d87a352cd5dd,676541ebbf85ec5de3d4b68d,3,19,2,200000.0
6804ae6aa628d87a352cd5dd,676541ebbf85ec5de3d4b68d,3,19,3,200000.0
6804ae6aa628d87a352cd5dd,676541ebbf85ec5de3d4b68d,3,19,3,200000.0
6804ae6aa628d87a352cd5dd,676541ebbf85ec5de3d4b68d,3,19,3,200000.0
6804ae6aa628d87a352cd5dd,676541ebbf85ec5de3d4b68d,3,19,1,200000.0
6804ae6aa628d87a352cd5dd,676541ebbf85ec5de3d4b68d,3,19,2,200000.0
6804ae6aa628d87a352cd5dd,676541ebbf85ec5de3d4b68d,3,19,1,200000.0
6804ae6aa628d87a352cd5dd,676541ebbf85ec5de3d4b68d,3,19,1,200000.0
6804ae6aa628d87a352cd5dd,676541ebbf85ec5de3d4b68d,3,19,1,200000.0
6804ae6aa628d87a352cd5dd,676541ebbf85ec5de3d4b68d,3,19,12,200000.0
6804ae6aa628d87a352cd5dd,676541ebbf85ec5de3d4b68d,3,19,8,200000.0
6804ae6aa628d87a352cd5dd,676541ebbf85ec5de3d4b68d,3,19,8,200000.0
6804ae6aa628d87a352cd5dd,676541ebbf85ec5de3d4b68d,3,19,8,200000.0
6804ae6aa628d87a352cd5dd,676541ebbf85ec5de3d4b68d,3,19,7,200000.0
6804ae6aa628d87a352cd5dd,676541ebbf85ec5de3d4b68d,3,19,7,200000.0
6804ae6aa628d87a352cd5dd,676541ebbf85ec5de3d4b68d,3,19,7,200000.0
6804ae6aa628d87a352cd5dd,676541ebbf85ec5de3d4b68d,3,19,9,200000.0
6804ae6aa628d87a352cd5dd,676541ebbf85ec5de3d4b68d,3,19,10,200000.0
6804ae6aa628d87a352cd5dd,676541ebbf85ec5de3d4b68d,3,19,9,200000.0
6804ae6aa628d87a352cd5dd,676541ebbf85ec5de3d4b68d,3,19,8,200000.0
6804ae6aa628d87a352cd5dd,676541ebbf85ec5de3d4b68d,3,19,6,200000.0
6804ae6aa628d87a352cd5dd,676541ebbf85ec5de3d4b68d,3,19,5,200000.0
6804ae6aa628d87a352cd5dd,676541ebbf85ec5de3d4b68d,3,19,5,200000.0
6804ae6aa628d87a352cd5dd,676541ebbf85ec5de3d4b68d,3,19,5,200000.0
6804ae6aa628d87a352cd5dd,676541ebbf85ec5de3d4b68d,3,19,6,200000.0
6804ae6aa628d87a352cd5dd,676541ebbf85ec5de3d4b68d,3,19,4,200000.0
6804ae6aa628d87a352cd5dd,676541ebbf85ec5de3d4b68d,3,19,6,200000.0
6804ae6aa628d87a352cd5dd,676541ebbf85ec5de3d4b68d,3,19,5,200000.0
6804ae6aa628d87a352cd5dd,676541ebbf85ec5de3d4b68d,3,19,4,200000.0
6804ae6aa628d87a352cd5dd,676541ebbf85ec5de3d4b68d,3,19,7,200000.0
6804ae6aa628d87a352cd5dd,676541ebbf85ec5de3d4b68d,3,19,9,200000.0
6804ae6aa628d87a352cd5dd,676541ebbf85ec5de3d4b68d,3,19,7,200000.0
6804ae6aa628d87a352cd5dd,676541ebbf85ec5de3d4b68d,3,19,6,200000.0
6804ae6aa628d87a352cd5dd,676541ebbf85ec5de3d4b68d,3,19,9,200000.0
6804ae6aa628d87a352cd5dd,676541ebbf85ec5de3d4b68d,4,8,11,200000.0
6804ae6aa628d87a352cd5dd,676541ebbf85ec5de3d4b68d,4,8,12,200000.0
6804ae6aa628d87a352cd5dd,676541ebbf85ec5de3d4b68d,4,8,11,200000.0
6804ae6aa628d87a352cd5dd,676541ebbf85ec5de3d4b68d,4,8,12,200000.0
6804ae6aa628d87a352cd5dd,676541ebbf85ec5de3d4b68d,4,8,12,200000.0
6804ae6aa628d87a352cd5dd,676541ebbf85ec5de3d4b68d,4,8,12,200000.0
6804ae6aa628d87a352cd5dd,676541ebbf85ec5de3d4b68d,4,8,10,200000.0
6804ae6aa628d87a352cd5dd,676541ebbf85ec5de3d4b68d,4,8,11,200000.0
6804ae6aa628d87a352cd5dd,676541ebbf85ec5de3d4b68d,4,8,11,200000.0
6804ae6aa628d87a352cd5dd,676541ebbf85ec5de3d4b68d,4,8,10,200000.0
6804ae6aa628d87a352cd5dd,676541ebbf85ec5de3d4b68d,4,8,10,200000.0
6804ae6aa628d87a352cd5dd,676541ebbf85ec5de3d4b68d,4,8,10,200000.0
6804ae6aa628d87a352cd5dd,676541ebbf85ec5de3d4b68d,4,8,2,200000.0
6804ae6aa628d87a352cd5dd,676541ebbf85ec5de3d4b68d,4,8,2,200000.0
6804ae6aa628d87a352cd5dd,676541ebbf85ec5de3d4b68d,4,8,2,200000.0
6804ae6aa628d87a352cd5dd,676541ebbf85ec5de3d4b68d,4,8,3,200000.0
6804ae6aa628d87a352cd5dd,676541ebbf85ec5de3d4b68d,4,8,3,200000.0
6804ae6aa628d87a352cd5dd,676541ebbf85ec5de3d4b68d,4,8,3,200000.0
6804ae6aa628d87a352cd5dd,676541ebbf85ec5de3d4b68d,4,8,1,200000.0
6804ae6aa628d87a352cd5dd,676541ebbf85ec5de3d4b68d,4,8,2,200000.0
6804ae6aa628d87a352cd5dd,676541ebbf85ec5de3d4b68d,4,8,1,200000.0
6804ae6aa628d87a352cd5dd,676541ebbf85ec5de3d4b68d,4,8,1,200000.0
6804ae6aa628d87a352cd5dd,676541ebbf85ec5de3d4b68d,4,8,1,200000.0
6804ae6aa628d87a352cd5dd,676541ebbf85ec5de3d4b68d,4,8,1,200000.0
6804ae6aa628d87a352cd5dd,676541ebbf85ec5de3d4b68d,4,8,8,200000.0
6804ae6aa628d87a352cd5dd,676541ebbf85ec5de3d4b68d,4,8,8,200000.0
6804ae6aa628d87a352cd5dd,676541ebbf85ec5de3d4b68d,4,8,8,200000.0
6804ae6aa628d87a352cd5dd,676541ebbf85ec5de3d4b68d,4,8,7,200000.0
6804ae6aa628d87a352cd5dd,676541ebbf85ec5de3d4b68d,4,8,7,200000.0
6804ae6aa628d87a352cd5dd,676541ebbf85ec5de3d4b68d,4,8,7,200000.0
6804ae6aa628d87a352cd5dd,676541ebbf85ec5de3d4b68d,4,8,9,200000.0
6804ae6aa628d87a352cd5dd,676541ebbf85ec5de3d4b68d,4,8,10,200000.0
6804ae6aa628d87a352cd5dd,676541ebbf85ec5de3d4b68d,4,8,9,200000.0
6804ae6aa628d87a352cd5dd,676541ebbf85ec5de3d4b68d,4,8,9,200000.0
6804ae6aa628d87a352cd5dd,676541ebbf85ec5de3d4b68d,4,8,9,200000.0
6804ae6aa628d87a352cd5dd,676541ebbf85ec5de3d4b68d,4,8,8,200000.0
6804ae6aa628d87a352cd5dd,676541ebbf85ec5de3d4b68d,4,8,6,200000.0
6804ae6aa628d87a352cd5dd,676541ebbf85ec5de3d4b68d,4,8,6,200000.0
6804ae6aa628d87a352cd5dd,676541ebbf85ec5de3d4b68d,4,8,6,200000.0
6804ae6aa628d87a352cd5dd,676541ebbf85ec5de3d4b68d,4,8,7,200000.0
6804ae6aa628d87a352cd5dd,676541ebbf85ec5de3d4b68d,4,8,7,200000.0
6804ae6aa628d87a352cd5dd,676541ebbf85ec5de3d4b68d,4,8,6,200000.0
6804ae6aa628d87a352cd5dd,676541ebbf85ec5de3d4b68d,4,8,5,200000.0
6804ae6aa628d87a352cd5dd,676541ebbf85ec5de3d4b68d,4,8,5,200000.0
6804ae6aa628d87a352cd5dd,676541ebbf85ec5de3d4b68d,4,8,5,200000.0
6804ae6aa628d87a352cd5dd,676541ebbf85ec5de3d4b68d,4,8,5,200000.0
6804ae6aa628d87a352cd5dd,676541ebbf85ec5de3d4b68d,4,8,5,200000.0
6804ae6aa628d87a352cd5dd,676541ebbf85ec5de3d4b68d,4,8,4,200000.0
6804ae6aa628d87a352cd5dd,676541ebbf85ec5de3d4b68d,4,19,11,200000.0
6804ae6aa628d87a352cd5dd,676541ebbf85ec5de3d4b68d,4,19,12,200000.0
6804ae6aa628d87a352cd5dd,676541ebbf85ec5de3d4b68d,4,19,11,200000.0
6804ae6aa628d87a352cd5dd,676541ebbf85ec5de3d4b68d,4,19,12,200000.0
6804ae6aa628d87a352cd5dd,676541ebbf85ec5de3d4b68d,4,19,12,200000.0
6804ae6aa628d87a352cd5dd,676541ebbf85ec5de3d4b68d,4,19,12,200000.0
6804ae6aa628d87a352cd5dd,676541ebbf85ec5de3d4b68d,4,19,10,200000.0
6804ae6aa628d87a352cd5dd,676541ebbf85ec5de3d4b68d,4,19,11,200000.0
6804ae6aa628d87a352cd5dd,676541ebbf85ec5de3d4b68d,4,19,11,200000.0
6804ae6aa628d87a352cd5dd,676541ebbf85ec5de3d4b68d,4,19,10,200000.0
6804ae6aa628d87a352cd5dd,676541ebbf85ec5de3d4b68d,4,19,10,200000.0
6804ae6aa628d87a352cd5dd,676541ebbf85ec5de3d4b68d,4,19,10,200000.0
6804ae6aa628d87a352cd5dd,676541ebbf85ec5de3d4b68d,4,19,2,200000.0
6804ae6aa628d87a352cd5dd,676541ebbf85ec5de3d4b68d,4,19,2,200000.0
6804ae6aa628d87a352cd5dd,676541ebbf85ec5de3d4b68d,4,19,2,200000.0
6804ae6aa628d87a352cd5dd,676541ebbf85ec5de3d4b68d,4,19,3,200000.0
6804ae6aa628d87a352cd5dd,676541ebbf85ec5de3d4b68d,4,19,3,200000.0
6804ae6aa628d87a352cd5dd,676541ebbf85ec5de3d4b68d,4,19,8,200000.0
6804ae6aa628d87a352cd5dd,676541ebbf85ec5de3d4b68d,4,19,3,200000.0
6804ae6aa628d87a352cd5dd,676541ebbf85ec5de3d4b68d,4,19,8,200000.0
6804ae6aa628d87a352cd5dd,676541ebbf85ec5de3d4b68d,4,19,1,200000.0
6804ae6aa628d87a352cd5dd,676541ebbf85ec5de3d4b68d,4,19,8,200000.0
6804ae6aa628d87a352cd5dd,676541ebbf85ec5de3d4b68d,4,19,2,200000.0
6804ae6aa628d87a352cd5dd,676541ebbf85ec5de3d4b68d,4,19,7,200000.0
6804ae6aa628d87a352cd5dd,676541ebbf85ec5de3d4b68d,4,19,1,200000.0
6804ae6aa628d87a352cd5dd,676541ebbf85ec5de3d4b68d,4,19,7,200000.0
6804ae6aa628d87a352cd5dd,676541ebbf85ec5de3d4b68d,4,19,7,200000.0
6804ae6aa628d87a352cd5dd,676541ebbf85ec5de3d4b68d,4,19,9,200000.0
6804ae6aa628d87a352cd5dd,676541ebbf85ec5de3d4b68d,4,19,1,200000.0
6804ae6aa628d87a352cd5dd,676541ebbf85ec5de3d4b68d,4,19,1,200000.0
6804ae6aa628d87a352cd5dd,676541ebbf85ec5de3d4b68d,4,19,1,200000.0
6804ae6aa628d87a352cd5dd,676541ebbf85ec5de3d4b68d,4,19,10,200000.0
6804ae6aa628d87a352cd5dd,676541ebbf85ec5de3d4b68d,4,19,9,200000.0
6804ae6aa628d87a352cd5dd,676541ebbf85ec5de3d4b68d,4,19,9,200000.0
6804ae6aa628d87a352cd5dd,676541ebbf85ec5de3d4b68d,4,19,6,200000.0
6804ae6aa628d87a352cd5dd,676541ebbf85ec5de3d4b68d,4,19,8,200000.0
6804ae6aa628d87a352cd5dd,676541ebbf85ec5de3d4b68d,4,19,9,200000.0
6804ae6aa628d87a352cd5dd,676541ebbf85ec5de3d4b68d,4,19,5,200000.0
6804ae6aa628d87a352cd5dd,676541ebbf85ec5de3d4b68d,4,19,6,200000.0
6804ae6aa628d87a352cd5dd,676541ebbf85ec5de3d4b68d,4,19,5,200000.0
6804ae6aa628d87a352cd5dd,676541ebbf85ec5de3d4b68d,4,19,5,200000.0
6804ae6aa628d87a352cd5dd,676541ebbf85ec5de3d4b68d,4,19,6,200000.0
6804ae6aa628d87a352cd5dd,676541ebbf85ec5de3d4b68d,4,19,5,200000.0
6804ae6aa628d87a352cd5dd,676541ebbf85ec5de3d4b68d,4,19,5,200000.0
6804ae6aa628d87a352cd5dd,676541ebbf85ec5de3d4b68d,4,19,7,200000.0
6804ae6aa628d87a352cd5dd,676541ebbf85ec5de3d4b68d,4,19,4,200000.0
6804ae6aa628d87a352cd5dd,676541ebbf85ec5de3d4b68d,4,19,6,200000.0
6804ae6aa628d87a352cd5dd,676541ebbf85ec5de3d4b68d,4,19,7,200000.0
6804ae6aa628d87a352cd5dd,676541ebbf85ec5de3d4b68d,5,5,11,250000.0
6804ae6aa628d87a352cd5dd,676541ebbf85ec5de3d4b68d,5,5,12,250000.0
6804ae6aa628d87a352cd5dd,676541ebbf85ec5de3d4b68d,5,5,11,250000.0
6804ae6aa628d87a352cd5dd,676541ebbf85ec5de3d4b68d,5,5,12,250000.0
6804ae6aa628d87a352cd5dd,676541ebbf85ec5de3d4b68d,5,5,12,250000.0
6804ae6aa628d87a352cd5dd,676541ebbf85ec5de3d4b68d,5,5,12,250000.0
6804ae6aa628d87a352cd5dd,676541ebbf85ec5de3d4b68d,5,5,10,250000.0
6804ae6aa628d87a352cd5dd,676541ebbf85ec5de3d4b68d,5,5,11,250000.0
6804ae6aa628d87a352cd5dd,676541ebbf85ec5de3d4b68d,5,5,11,250000.0
6804ae6aa628d87a352cd5dd,676541ebbf85ec5de3d4b68d,5,5,10,250000.0
6804ae6aa628d87a352cd5dd,676541ebbf85ec5de3d4b68d,5,5,10,250000.0
6804ae6aa628d87a352cd5dd,676541ebbf85ec5de3d4b68d,5,5,10,250000.0
6804ae6aa628d87a352cd5dd,676541ebbf85ec5de3d4b68d,5,5,2,250000.0
6804ae6aa628d87a352cd5dd,676541ebbf85ec5de3d4b68d,5,5,2,250000.0
6804ae6aa628d87a352cd5dd,676541ebbf85ec5de3d4b68d,5,5,2,250000.0
6804ae6aa628d87a352cd5dd,676541ebbf85ec5de3d4b68d,5,5,3,250000.0
6804ae6aa628d87a352cd5dd,676541ebbf85ec5de3d4b68d,5,5,3,250000.0
6804ae6aa628d87a352cd5dd,676541ebbf85ec5de3d4b68d,5,5,3,250000.0
6804ae6aa628d87a352cd5dd,676541ebbf85ec5de3d4b68d,5,5,1,250000.0
6804ae6aa628d87a352cd5dd,676541ebbf85ec5de3d4b68d,5,5,2,250000.0
6804ae6aa628d87a352cd5dd,676541ebbf85ec5de3d4b68d,5,5,1,250000.0
6804ae6aa628d87a352cd5dd,676541ebbf85ec5de3d4b68d,5,5,1,250000.0
6804ae6aa628d87a352cd5dd,676541ebbf85ec5de3d4b68d,5,5,1,250000.0
6804ae6aa628d87a352cd5dd,676541ebbf85ec5de3d4b68d,5,5,1,250000.0
6804ae6aa628d87a352cd5dd,676541ebbf85ec5de3d4b68d,5,5,8,250000.0
6804ae6aa628d87a352cd5dd,676541ebbf85ec5de3d4b68d,5,5,9,250000.0
6804ae6aa628d87a352cd5dd,676541ebbf85ec5de3d4b68d,5,5,8,250000.0
6804ae6aa628d87a352cd5dd,676541ebbf85ec5de3d4b68d,5,5,6,250000.0
6804ae6aa628d87a352cd5dd,676541ebbf85ec5de3d4b68d,5,5,8,250000.0
6804ae6aa628d87a352cd5dd,676541ebbf85ec5de3d4b68d,5,5,7,250000.0
6804ae6aa628d87a352cd5dd,676541ebbf85ec5de3d4b68d,5,5,10,250000.0
6804ae6aa628d87a352cd5dd,676541ebbf85ec5de3d4b68d,5,5,6,250000.0
6804ae6aa628d87a352cd5dd,676541ebbf85ec5de3d4b68d,5,5,8,250000.0
6804ae6aa628d87a352cd5dd,676541ebbf85ec5de3d4b68d,5,5,6,250000.0
6804ae6aa628d87a352cd5dd,676541ebbf85ec5de3d4b68d,5,5,9,250000.0
6804ae6aa628d87a352cd5dd,676541ebbf85ec5de3d4b68d,5,5,7,250000.0
6804ae6aa628d87a352cd5dd,676541ebbf85ec5de3d4b68d,5,5,7,250000.0
6804ae6aa628d87a352cd5dd,676541ebbf85ec5de3d4b68d,5,5,9,250000.0
6804ae6aa628d87a352cd5dd,676541ebbf85ec5de3d4b68d,5,5,7,250000.0
6804ae6aa628d87a352cd5dd,676541ebbf85ec5de3d4b68d,5,5,6,250000.0
6804ae6aa628d87a352cd5dd,676541ebbf85ec5de3d4b68d,5,5,9,250000.0
6804ae6aa628d87a352cd5dd,676541ebbf85ec5de3d4b68d,5,5,8,250000.0
6804ae6aa628d87a352cd5dd,676541ebbf85ec5de3d4b68d,5,5,5,250000.0
6804ae6aa628d87a352cd5dd,676541ebbf85ec5de3d4b68d,5,5,5,250000.0
6804ae6aa628d87a352cd5dd,676541ebbf85ec5de3d4b68d,5,5,4,250000.0
6804ae6aa628d87a352cd5dd,676541ebbf85ec5de3d4b68d,5,5,5,250000.0
6804ae6aa628d87a352cd5dd,676541ebbf85ec5de3d4b68d,5,5,5,250000.0
6804ae6aa628d87a352cd5dd,676541ebbf85ec5de3d4b68d,5,5,5,250000.0
6804ae6aa628d87a352cd5dd,676541ebbf85ec5de3d4b68d,5,19,11,250000.0
6804ae6aa628d87a352cd5dd,676541ebbf85ec5de3d4b68d,5,19,12,250000.0
6804ae6aa628d87a352cd5dd,676541ebbf85ec5de3d4b68d,5,19,11,250000.0
6804ae6aa628d87a352cd5dd,676541ebbf85ec5de3d4b68d,5,19,12,250000.0
6804ae6aa628d87a352cd5dd,676541ebbf85ec5de3d4b68d,5,19,12,250000.0
6804ae6aa628d87a352cd5dd,676541ebbf85ec5de3d4b68d,5,19,12,250000.0
6804ae6aa628d87a352cd5dd,676541ebbf85ec5de3d4b68d,5,19,10,250000.0
6804ae6aa628d87a352cd5dd,676541ebbf85ec5de3d4b68d,5,19,11,250000.0
6804ae6aa628d87a352cd5dd,676541ebbf85ec5de3d4b68d,5,19,11,250000.0
6804ae6aa628d87a352cd5dd,676541ebbf85ec5de3d4b68d,5,19,10,250000.0
6804ae6aa628d87a352cd5dd,676541ebbf85ec5de3d4b68d,5,19,10,250000.0
6804ae6aa628d87a352cd5dd,676541ebbf85ec5de3d4b68d,5,19,10,250000.0
6804ae6aa628d87a352cd5dd,676541ebbf85ec5de3d4b68d,5,19,2,250000.0
6804ae6aa628d87a352cd5dd,676541ebbf85ec5de3d4b68d,5,19,2,250000.0
6804ae6aa628d87a352cd5dd,676541ebbf85ec5de3d4b68d,5,19,2,250000.0
6804ae6aa628d87a352cd5dd,676541ebbf85ec5de3d4b68d,5,19,3,250000.0
6804ae6aa628d87a352cd5dd,676541ebbf85ec5de3d4b68d,5,19,3,250000.0
6804ae6aa628d87a352cd5dd,676541ebbf85ec5de3d4b68d,5,19,3,250000.0
6804ae6aa628d87a352cd5dd,676541ebbf85ec5de3d4b68d,5,19,1,250000.0
6804ae6aa628d87a352cd5dd,676541ebbf85ec5de3d4b68d,5,19,2,250000.0
6804ae6aa628d87a352cd5dd,676541ebbf85ec5de3d4b68d,5,19,1,250000.0
6804ae6aa628d87a352cd5dd,676541ebbf85ec5de3d4b68d,5,19,1,250000.0
6804ae6aa628d87a352cd5dd,676541ebbf85ec5de3d4b68d,5,19,1,250000.0
6804ae6aa628d87a352cd5dd,676541ebbf85ec5de3d4b68d,5,19,1,250000.0
6804ae6aa628d87a352cd5dd,676541ebbf85ec5de3d4b68d,5,19,8,250000.0
6804ae6aa628d87a352cd5dd,676541ebbf85ec5de3d4b68d,5,19,8,250000.0
6804ae6aa628d87a352cd5dd,676541ebbf85ec5de3d4b68d,5,19,8,250000.0
6804ae6aa628d87a352cd5dd,676541ebbf85ec5de3d4b68d,5,19,7,250000.0
6804ae6aa628d87a352cd5dd,676541ebbf85ec5de3d4b68d,5,19,8,250000.0
6804ae6aa628d87a352cd5dd,676541ebbf85ec5de3d4b68d,5,19,7,250000.0
6804ae6aa628d87a352cd5dd,676541ebbf85ec5de3d4b68d,5,19,9,250000.0
6804ae6aa628d87a352cd5dd,676541ebbf85ec5de3d4b68d,5,19,10,250000.0
6804ae6aa628d87a352cd5dd,676541ebbf85ec5de3d4b68d,5,19,9,250000.0
6804ae6aa628d87a352cd5dd,676541ebbf85ec5de3d4b68d,5,19,9,250000.0
6804ae6aa628d87a352cd5dd,676541ebbf85ec5de3d4b68d,5,19,9,250000.0
6804ae6aa628d87a352cd5dd,676541ebbf85ec5de3d4b68d,5,19,8,250000.0
6804ae6aa628d87a352cd5dd,676541ebbf85ec5de3d4b68d,5,19,6,250000.0
6804ae6aa628d87a352cd5dd,676541ebbf85ec5de3d4b68d,5,19,6,250000.0
6804ae6aa628d87a352cd5dd,676541ebbf85ec5de3d4b68d,5,19,5,250000.0
6804ae6aa628d87a352cd5dd,676541ebbf85ec5de3d4b68d,5,19,5,250000.0
6804ae6aa628d87a352cd5dd,676541ebbf85ec5de3d4b68d,5,19,5,250000.0
6804ae6aa628d87a352cd5dd,676541ebbf85ec5de3d4b68d,5,19,4,250000.0
6804ae6aa628d87a352cd5dd,676541ebbf85ec5de3d4b68d,5,19,7,250000.0
6804ae6aa628d87a352cd5dd,676541ebbf85ec5de3d4b68d,5,19,6,250000.0
6804ae6aa628d87a352cd5dd,676541ebbf85ec5de3d4b68d,5,19,5,250000.0
6804ae6aa628d87a352cd5dd,676541ebbf85ec5de3d4b68d,5,19,7,250000.0
6804ae6aa628d87a352cd5dd,676541ebbf85ec5de3d4b68d,5,19,5,250000.0
6804ae6aa628d87a352cd5dd,676541ebbf85ec5de3d4b68d,5,19,6,250000.0
6804ae6aa628d87a352cd5dd,676541ebbf85ec5de3d4b68d,6,19,11,250000.0
6804ae6aa628d87a352cd5dd,676541ebbf85ec5de3d4b68d,6,19,12,250000.0
6804ae6aa628d87a352cd5dd,676541ebbf85ec5de3d4b68d,6,19,11,250000.0
6804ae6aa628d87a352cd5dd,676541ebbf85ec5de3d4b68d,6,19,12,250000.0
6804ae6aa628d87a352cd5dd,676541ebbf85ec5de3d4b68d,6,19,12,250000.0
6804ae6aa628d87a352cd5dd,676541ebbf85ec5de3d4b68d,6,19,12,250000.0
6804ae6aa628d87a352cd5dd,676541ebbf85ec5de3d4b68d,6,19,11,250000.0
6804ae6aa628d87a352cd5dd,676541ebbf85ec5de3d4b68d,6,19,11,250000.0
6804ae6aa628d87a352cd5dd,676541ebbf85ec5de3d4b68d,6,19,11,250000.0
6804ae6aa628d87a352cd5dd,676541ebbf85ec5de3d4b68d,6,19,10,250000.0
6804ae6aa628d87a352cd5dd,676541ebbf85ec5de3d4b68d,6,19,10,250000.0
6804ae6aa628d87a352cd5dd,676541ebbf85ec5de3d4b68d,6,19,10,250000.0
6804ae6aa628d87a352cd5dd,676541ebbf85ec5de3d4b68d,6,19,8,250000.0
6804ae6aa628d87a352cd5dd,676541ebbf85ec5de3d4b68d,6,19,8,250000.0
6804ae6aa628d87a352cd5dd,676541ebbf85ec5de3d4b68d,6,19,8,250000.0
6804ae6aa628d87a352cd5dd,676541ebbf85ec5de3d4b68d,6,19,7,250000.0
6804ae6aa628d87a352cd5dd,676541ebbf85ec5de3d4b68d,6,19,8,250000.0
6804ae6aa628d87a352cd5dd,676541ebbf85ec5de3d4b68d,6,19,7,250000.0
6804ae6aa628d87a352cd5dd,676541ebbf85ec5de3d4b68d,6,19,9,250000.0
6804ae6aa628d87a352cd5dd,676541ebbf85ec5de3d4b68d,6,19,10,250000.0
6804ae6aa628d87a352cd5dd,676541ebbf85ec5de3d4b68d,6,19,2,250000.0
6804ae6aa628d87a352cd5dd,676541ebbf85ec5de3d4b68d,6,19,9,250000.0
6804ae6aa628d87a352cd5dd,676541ebbf85ec5de3d4b68d,6,19,2,250000.0
6804ae6aa628d87a352cd5dd,676541ebbf85ec5de3d4b68d,6,19,9,250000.0
6804ae6aa628d87a352cd5dd,676541ebbf85ec5de3d4b68d,6,19,2,250000.0
6804ae6aa628d87a352cd5dd,676541ebbf85ec5de3d4b68d,6,19,3,250000.0
6804ae6aa628d87a352cd5dd,676541ebbf85ec5de3d4b68d,6,19,9,250000.0
6804ae6aa628d87a352cd5dd,676541ebbf85ec5de3d4b68d,6,19,3,250000.0
6804ae6aa628d87a352cd5dd,676541ebbf85ec5de3d4b68d,6,19,8,250000.0
6804ae6aa628d87a352cd5dd,676541ebbf85ec5de3d4b68d,6,19,3,250000.0
6804ae6aa628d87a352cd5dd,676541ebbf85ec5de3d4b68d,6,19,6,250000.0
6804ae6aa628d87a352cd5dd,676541ebbf85ec5de3d4b68d,6,19,6,250000.0
6804ae6aa628d87a352cd5dd,676541ebbf85ec5de3d4b68d,6,19,6,250000.0
6804ae6aa628d87a352cd5dd,676541ebbf85ec5de3d4b68d,6,19,7,250000.0
6804ae6aa628d87a352cd5dd,676541ebbf85ec5de3d4b68d,6,19,7,250000.0
6804ae6aa628d87a352cd5dd,676541ebbf85ec5de3d4b68d,6,19,1,250000.0
6804ae6aa628d87a352cd5dd,676541ebbf85ec5de3d4b68d,6,19,5,250000.0
6804ae6aa628d87a352cd5dd,676541ebbf85ec5de3d4b68d,6,19,6,250000.0
6804ae6aa628d87a352cd5dd,676541ebbf85ec5de3d4b68d,6,19,2,250000.0
6804ae6aa628d87a352cd5dd,676541ebbf85ec5de3d4b68d,6,19,5,250000.0
6804ae6aa628d87a352cd5dd,676541ebbf85ec5de3d4b68d,6,19,1,250000.0
6804ae6aa628d87a352cd5dd,676541ebbf85ec5de3d4b68d,6,19,1,250000.0
6804ae6aa628d87a352cd5dd,676541ebbf85ec5de3d4b68d,6,19,1,250000.0
6804ae6aa628d87a352cd5dd,676541ebbf85ec5de3d4b68d,6,19,5,250000.0
6804ae6aa628d87a352cd5dd,676541ebbf85ec5de3d4b68d,6,19,5,250000.0
6804ae6aa628d87a352cd5dd,676541ebbf85ec5de3d4b68d,6,19,1,250000.0
6804ae6aa628d87a352cd5dd,676541ebbf85ec5de3d4b68d,6,19,5,250000.0
6804ae6aa628d87a352cd5dd,676541ebbf85ec5de3d4b68d,6,19,4,250000.0
6804ae6aa628d87a352cd5dd,676541ebbf85ec5de3d4b68d,7,17,11,250000.0
6804ae6aa628d87a352cd5dd,676541ebbf85ec5de3d4b68d,7,17,12,250000.0
6804ae6aa628d87a352cd5dd,676541ebbf85ec5de3d4b68d,7,17,11,250000.0
6804ae6aa628d87a352cd5dd,676541ebbf85ec5de3d4b68d,7,17,12,250000.0
6804ae6aa628d87a352cd5dd,676541ebbf85ec5de3d4b68d,7,17,12,250000.0
6804ae6aa628d87a352cd5dd,676541ebbf85ec5de3d4b68d,7,17,12,250000.0
6804ae6aa628d87a352cd5dd,676541ebbf85ec5de3d4b68d,7,17,11,250000.0
6804ae6aa628d87a352cd5dd,676541ebbf85ec5de3d4b68d,7,17,11,250000.0
6804ae6aa628d87a352cd5dd,676541ebbf85ec5de3d4b68d,7,17,11,250000.0
6804ae6aa628d87a352cd5dd,676541ebbf85ec5de3d4b68d,7,17,10,250000.0
6804ae6aa628d87a352cd5dd,676541ebbf85ec5de3d4b68d,7,17,10,250000.0
6804ae6aa628d87a352cd5dd,676541ebbf85ec5de3d4b68d,7,17,10,250000.0
6804ae6aa628d87a352cd5dd,676541ebbf85ec5de3d4b68d,7,17,2,250000.0
6804ae6aa628d87a352cd5dd,676541ebbf85ec5de3d4b68d,7,17,3,250000.0
6804ae6aa628d87a352cd5dd,676541ebbf85ec5de3d4b68d,7,17,2,250000.0
6804ae6aa628d87a352cd5dd,676541ebbf85ec5de3d4b68d,7,17,3,250000.0
6804ae6aa628d87a352cd5dd,676541ebbf85ec5de3d4b68d,7,17,3,250000.0
6804ae6aa628d87a352cd5dd,676541ebbf85ec5de3d4b68d,7,17,3,250000.0
6804ae6aa628d87a352cd5dd,676541ebbf85ec5de3d4b68d,7,17,1,250000.0
6804ae6aa628d87a352cd5dd,676541ebbf85ec5de3d4b68d,7,17,2,250000.0
6804ae6aa628d87a352cd5dd,676541ebbf85ec5de3d4b68d,7,17,2,250000.0
6804ae6aa628d87a352cd5dd,676541ebbf85ec5de3d4b68d,7,17,1,250000.0
6804ae6aa628d87a352cd5dd,676541ebbf85ec5de3d4b68d,7,17,1,250000.0
6804ae6aa628d87a352cd5dd,676541ebbf85ec5de3d4b68d,7,17,1,250000.0
6804ae6aa628d87a352cd5dd,676541ebbf85ec5de3d4b68d,7,17,8,250000.0
6804ae6aa628d87a352cd5dd,676541ebbf85ec5de3d4b68d,7,17,8,250000.0
6804ae6aa628d87a352cd5dd,676541ebbf85ec5de3d4b68d,7,17,8,250000.0
6804ae6aa628d87a352cd5dd,676541ebbf85ec5de3d4b68d,7,17,7,250000.0
6804ae6aa628d87a352cd5dd,676541ebbf85ec5de3d4b68d,7,17,8,250000.0
6804ae6aa628d87a352cd5dd,676541ebbf85ec5de3d4b68d,7,17,7,250000.0
6804ae6aa628d87a352cd5dd,676541ebbf85ec5de3d4b68d,7,17,9,250000.0
6804ae6aa628d87a352cd5dd,676541ebbf85ec5de3d4b68d,7,17,10,250000.0
6804ae6aa628d87a352cd5dd,676541ebbf85ec5de3d4b68d,7,17,9,250000.0
6804ae6aa628d87a352cd5dd,676541ebbf85ec5de3d4b68d,7,17,9,250000.0
6804ae6aa628d87a352cd5dd,676541ebbf85ec5de3d4b68d,7,17,9,250000.0
6804ae6aa628d87a352cd5dd,676541ebbf85ec5de3d4b68d,7,17,8,250000.0
6804ae6aa628d87a352cd5dd,676541ebbf85ec5de3d4b68d,7,17,6,250000.0
6804ae6aa628d87a352cd5dd,676541ebbf85ec5de3d4b68d,7,17,6,250000.0
6804ae6aa628d87a352cd5dd,676541ebbf85ec5de3d4b68d,7,17,6,250000.0
6804ae6aa628d87a352cd5dd,676541ebbf85ec5de3d4b68d,7,17,5,250000.0
6804ae6aa628d87a352cd5dd,676541ebbf85ec5de3d4b68d,7,17,7,250000.0
6804ae6aa628d87a352cd5dd,676541ebbf85ec5de3d4b68d,7,17,7,250000.0
6804ae6aa628d87a352cd5dd,676541ebbf85ec5de3d4b68d,7,17,6,250000.0
6804ae6aa628d87a352cd5dd,676541ebbf85ec5de3d4b68d,7,17,5,250000.0
6804ae6aa628d87a352cd5dd,676541ebbf85ec5de3d4b68d,7,17,5,250000.0
6804ae6aa628d87a352cd5dd,676541ebbf85ec5de3d4b68d,7,17,5,250000.0
6804ae6aa628d87a352cd5dd,676541ebbf85ec5de3d4b68d,7,17,4,250000.0
6804ae6aa628d87a352cd5dd,676541ebbf85ec5de3d4b68d,7,17,6,250000.0
6804ad43a628d87a352cd5d9,676541cdbf85ec5de3d4b68c,1,7,11,100000.0
6804ad43a628d87a352cd5d9,676541cdbf85ec5de3d4b68c,1,7,12,100000.0
6804ad43a628d87a352cd5d9,676541cdbf85ec5de3d4b68c,1,7,11,100000.0
6804ad43a628d87a352cd5d9,676541cdbf85ec5de3d4b68c,1,7,12,100000.0
6804ad43a628d87a352cd5d9,676541cdbf85ec5de3d4b68c,1,7,12,100000.0
6804ad43a628d87a352cd5d9,676541cdbf85ec5de3d4b68c,1,7,12,100000.0
6804ad43a628d87a352cd5d9,676541cdbf85ec5de3d4b68c,1,7,10,100000.0
6804ad43a628d87a352cd5d9,676541cdbf85ec5de3d4b68c,1,7,11,100000.0
6804ad43a628d87a352cd5d9,676541cdbf85ec5de3d4b68c,1,7,8,100000.0
6804ad43a628d87a352cd5d9,676541cdbf85ec5de3d4b68c,1,7,11,100000.0
6804ad43a628d87a352cd5d9,676541cdbf85ec5de3d4b68c,1,7,8,100000.0
6804ad43a628d87a352cd5d9,676541cdbf85ec5de3d4b68c,1,7,10,100000.0
6804ad43a628d87a352cd5d9,676541cdbf85ec5de3d4b68c,1,7,10,100000.0
6804ad43a628d87a352cd5d9,676541cdbf85ec5de3d4b68c,1,7,10,100000.0
6804ad43a628d87a352cd5d9,676541cdbf85ec5de3d4b68c,1,7,8,100000.0
6804ad43a628d87a352cd5d9,676541cdbf85ec5de3d4b68c,1,7,7,100000.0
6804ad43a628d87a352cd5d9,676541cdbf85ec5de3d4b68c,1,7,7,100000.0
6804ad43a628d87a352cd5d9,676541cdbf85ec5de3d4b68c,1,7,2,100000.0
6804ad43a628d87a352cd5d9,676541cdbf85ec5de3d4b68c,1,7,7,100000.0
6804ad43a628d87a352cd5d9,676541cdbf85ec5de3d4b68c,1,7,2,100000.0
6804ad43a628d87a352cd5d9,676541cdbf85ec5de3d4b68c,1,7,9,100000.0
6804ad43a628d87a352cd5d9,676541cdbf85ec5de3d4b68c,1,7,2,100000.0
6804ad43a628d87a352cd5d9,676541cdbf85ec5de3d4b68c,1,7,9,100000.0
6804ad43a628d87a352cd5d9,676541cdbf85ec5de3d4b68c,1,7,9,100000.0
6804ad43a628d87a352cd5d9,676541cdbf85ec5de3d4b68c,1,7,9,100000.0
6804ad43a628d87a352cd5d9,676541cdbf85ec5de3d4b68c,1,7,3,100000.0
6804ad43a628d87a352cd5d9,676541cdbf85ec5de3d4b68c,1,7,9,100000.0
6804ad43a628d87a352cd5d9,676541cdbf85ec5de3d4b68c,1,7,8,100000.0
6804ad43a628d87a352cd5d9,676541cdbf85ec5de3d4b68c,1,7,3,100000.0
6804ad43a628d87a352cd5d9,676541cdbf85ec5de3d4b68c,1,7,3,100000.0
6804ad43a628d87a352cd5d9,676541cdbf85ec5de3d4b68c,1,7,6,100000.0
6804ad43a628d87a352cd5d9,676541cdbf85ec5de3d4b68c,1,7,1,100000.0
6804ad43a628d87a352cd5d9,676541cdbf85ec5de3d4b68c,1,7,6,100000.0
6804ad43a628d87a352cd5d9,676541cdbf85ec5de3d4b68c,1,7,2,100000.0
6804ad43a628d87a352cd5d9,676541cdbf85ec5de3d4b68c,1,7,6,100000.0
6804ad43a628d87a352cd5d9,676541cdbf85ec5de3d4b68c,1,7,1,100000.0
6804ad43a628d87a352cd5d9,676541cdbf85ec5de3d4b68c,1,7,6,100000.0
6804ad43a628d87a352cd5d9,676541cdbf85ec5de3d4b68c,1,7,7,100000.0
6804ad43a628d87a352cd5d9,676541cdbf85ec5de3d4b68c,1,7,6,100000.0
6804ad43a628d87a352cd5d9,676541cdbf85ec5de3d4b68c,1,7,1,100000.0
6804ad43a628d87a352cd5d9,676541cdbf85ec5de3d4b68c,1,7,1,100000.0
6804ad43a628d87a352cd5d9,676541cdbf85ec5de3d4b68c,1,7,5,100000.0
6804ad43a628d87a352cd5d9,676541cdbf85ec5de3d4b68c,1,7,5,100000.0
6804ad43a628d87a352cd5d9,676541cdbf85ec5de3d4b68c,1,7,12,100000.0
6804ad43a628d87a352cd5d9,676541cdbf85ec5de3d4b68c,1,7,5,100000.0
6804ad43a628d87a352cd5d9,676541cdbf85ec5de3d4b68c,1,7,4,100000.0
6804ad43a628d87a352cd5d9,676541cdbf85ec5de3d4b68c,1,7,5,100000.0
6804ad43a628d87a352cd5d9,676541cdbf85ec5de3d4b68c,1,7,4,100000.0
6804ad43a628d87a352cd5d9,676541cdbf85ec5de3d4b68c,1,19,11,100000.0
6804ad43a628d87a352cd5d9,676541cdbf85ec5de3d4b68c,1,19,12,100000.0
6804ad43a628d87a352cd5d9,676541cdbf85ec5de3d4b68c,1,19,11,100000.0
6804ad43a628d87a352cd5d9,676541cdbf85ec5de3d4b68c,1,19,12,100000.0
6804ad43a628d87a352cd5d9,676541cdbf85ec5de3d4b68c,1,19,12,100000.0
6804ad43a628d87a352cd5d9,676541cdbf85ec5de3d4b68c,1,19,12,100000.0
6804ad43a628d87a352cd5d9,676541cdbf85ec5de3d4b68c,1,19,10,100000.0
6804ad43a628d87a352cd5d9,676541cdbf85ec5de3d4b68c,1,19,11,100000.0
6804ad43a628d87a352cd5d9,676541cdbf85ec5de3d4b68c,1,19,11,100000.0
6804ad43a628d87a352cd5d9,676541cdbf85ec5de3d4b68c,1,19,10,100000.0
6804ad43a628d87a352cd5d9,676541cdbf85ec5de3d4b68c,1,19,10,100000.0
6804ad43a628d87a352cd5d9,676541cdbf85ec5de3d4b68c,1,19,10,100000.0
6804ad43a628d87a352cd5d9,676541cdbf85ec5de3d4b68c,1,19,8,100000.0
6804ad43a628d87a352cd5d9,676541cdbf85ec5de3d4b68c,1,19,8,100000.0
6804ad43a628d87a352cd5d9,676541cdbf85ec5de3d4b68c,1,19,8,100000.0
6804ad43a628d87a352cd5d9,676541cdbf85ec5de3d4b68c,1,19,2,100000.0
6804ad43a628d87a352cd5d9,676541cdbf85ec5de3d4b68c,1,19,7,100000.0
6804ad43a628d87a352cd5d9,676541cdbf85ec5de3d4b68c,1,19,2,100000.0
6804ad43a628d87a352cd5d9,676541cdbf85ec5de3d4b68c,1,19,7,100000.0
6804ad43a628d87a352cd5d9,676541cdbf85ec5de3d4b68c,1,19,2,100000.0
6804ad43a628d87a352cd5d9,676541cdbf85ec5de3d4b68c,1,19,7,100000.0
6804ad43a628d87a352cd5d9,676541cdbf85ec5de3d4b68c,1,19,3,100000.0
6804ad43a628d87a352cd5d9,676541cdbf85ec5de3d4b68c,1,19,3,100000.0
6804ad43a628d87a352cd5d9,676541cdbf85ec5de3d4b68c,1,19,3,100000.0
6804ad43a628d87a352cd5d9,676541cdbf85ec5de3d4b68c,1,19,9,100000.0
6804ad43a628d87a352cd5d9,676541cdbf85ec5de3d4b68c,1,19,1,100000.0
6804ad43a628d87a352cd5d9,676541cdbf85ec5de3d4b68c,1,19,2,100000.0
6804ad43a628d87a352cd5d9,676541cdbf85ec5de3d4b68c,1,19,1,100000.0
6804ad43a628d87a352cd5d9,676541cdbf85ec5de3d4b68c,1,19,1,100000.0
6804ad43a628d87a352cd5d9,676541cdbf85ec5de3d4b68c,1,19,1,100000.0
6804ad43a628d87a352cd5d9,676541cdbf85ec5de3d4b68c,1,19,9,100000.0
6804ad43a628d87a352cd5d9,676541cdbf85ec5de3d4b68c,1,19,12,100000.0
6804ad43a628d87a352cd5d9,676541cdbf85ec5de3d4b68c,1,19,9,100000.0
6804ad43a628d87a352cd5d9,676541cdbf85ec5de3d4b68c,1,19,8,100000.0
6804ad43a628d87a352cd5d9,676541cdbf85ec5de3d4b68c,1,19,9,100000.0
6804ad43a628d87a352cd5d9,676541cdbf85ec5de3d4b68c,1,19,9,100000.0
6804ad43a628d87a352cd5d9,676541cdbf85ec5de3d4b68c,1,19,6,100000.0
6804ad43a628d87a352cd5d9,676541cdbf85ec5de3d4b68c,1,19,4,100000.0
6804ad43a628d87a352cd5d9,676541cdbf85ec5de3d4b68c,1,19,5,100000.0
6804ad43a628d87a352cd5d9,676541cdbf85ec5de3d4b68c,1,19,5,100000.0
6804ad43a628d87a352cd5d9,676541cdbf85ec5de3d4b68c,1,19,5,100000.0
6804ad43a628d87a352cd5d9,676541cdbf85ec5de3d4b68c,1,19,7,100000.0
6804ad43a628d87a352cd5d9,676541cdbf85ec5de3d4b68c,1,19,6,100000.0
6804ad43a628d87a352cd5d9,676541cdbf85ec5de3d4b68c,1,19,4,100000.0
6804ad43a628d87a352cd5d9,676541cdbf85ec5de3d4b68c,1,19,6,100000.0
6804ad43a628d87a352cd5d9,676541cdbf85ec5de3d4b68c,1,19,6,100000.0
6804ad43a628d87a352cd5d9,676541cdbf85ec5de3d4b68c,1,19,6,100000.0
6804ad43a628d87a352cd5d9,676541cdbf85ec5de3d4b68c,1,19,5,100000.0
6804ad43a628d87a352cd5d9,676541cdbf85ec5de3d4b68c,2,8,11,100000.0
6804ad43a628d87a352cd5d9,676541cdbf85ec5de3d4b68c,2,8,12,100000.0
6804ad43a628d87a352cd5d9,676541cdbf85ec5de3d4b68c,2,8,11,100000.0
6804ad43a628d87a352cd5d9,676541cdbf85ec5de3d4b68c,2,8,12,100000.0
6804ad43a628d87a352cd5d9,676541cdbf85ec5de3d4b68c,2,8,12,100000.0
6804ad43a628d87a352cd5d9,676541cdbf85ec5de3d4b68c,2,8,12,100000.0
6804ad43a628d87a352cd5d9,676541cdbf85ec5de3d4b68c,2,8,10,100000.0
6804ad43a628d87a352cd5d9,676541cdbf85ec5de3d4b68c,2,8,11,100000.0
6804ad43a628d87a352cd5d9,676541cdbf85ec5de3d4b68c,2,8,11,100000.0
6804ad43a628d87a352cd5d9,676541cdbf85ec5de3d4b68c,2,8,10,100000.0
6804ad43a628d87a352cd5d9,676541cdbf85ec5de3d4b68c,2,8,10,100000.0
6804ad43a628d87a352cd5d9,676541cdbf85ec5de3d4b68c,2,8,10,100000.0
6804ad43a628d87a352cd5d9,676541cdbf85ec5de3d4b68c,2,8,2,100000.0
6804ad43a628d87a352cd5d9,676541cdbf85ec5de3d4b68c,2,8,2,100000.0
6804ad43a628d87a352cd5d9,676541cdbf85ec5de3d4b68c,2,8,2,100000.0
6804ad43a628d87a352cd5d9,676541cdbf85ec5de3d4b68c,2,8,3,100000.0
6804ad43a628d87a352cd5d9,676541cdbf85ec5de3d4b68c,2,8,3,100000.0
6804ad43a628d87a352cd5d9,676541cdbf85ec5de3d4b68c,2,8,3,100000.0
6804ad43a628d87a352cd5d9,676541cdbf85ec5de3d4b68c,2,8,1,100000.0
6804ad43a628d87a352cd5d9,676541cdbf85ec5de3d4b68c,2,8,2,100000.0
6804ad43a628d87a352cd5d9,676541cdbf85ec5de3d4b68c,2,8,1,100000.0
6804ad43a628d87a352cd5d9,676541cdbf85ec5de3d4b68c,2,8,1,100000.0
6804ad43a628d87a352cd5d9,676541cdbf85ec5de3d4b68c,2,8,1,100000.0
6804ad43a628d87a352cd5d9,676541cdbf85ec5de3d4b68c,2,8,12,100000.0
6804ad43a628d87a352cd5d9,676541cdbf85ec5de3d4b68c,2,8,8,100000.0
6804ad43a628d87a352cd5d9,676541cdbf85ec5de3d4b68c,2,8,8,100000.0
6804ad43a628d87a352cd5d9,676541cdbf85ec5de3d4b68c,2,8,8,100000.0
6804ad43a628d87a352cd5d9,676541cdbf85ec5de3d4b68c,2,8,7,100000.0
6804ad43a628d87a352cd5d9,676541cdbf85ec5de3d4b68c,2,8,7,100000.0
6804ad43a628d87a352cd5d9,676541cdbf85ec5de3d4b68c,2,8,7,100000.0
6804ad43a628d87a352cd5d9,676541cdbf85ec5de3d4b68c,2,8,9,100000.0
6804ad43a628d87a352cd5d9,676541cdbf85ec5de3d4b68c,2,8,9,100000.0
6804ad43a628d87a352cd5d9,676541cdbf85ec5de3d4b68c,2,8,9,100000.0
6804ad43a628d87a352cd5d9,676541cdbf85ec5de3d4b68c,2,8,9,100000.0
6804ad43a628d87a352cd5d9,676541cdbf85ec5de3d4b68c,2,8,9,100000.0
6804ad43a628d87a352cd5d9,676541cdbf85ec5de3d4b68c,2,8,5,100000.0
6804ad43a628d87a352cd5d9,676541cdbf85ec5de3d4b68c,2,8,5,100000.0
6804ad43a628d87a352cd5d9,676541cdbf85ec5de3d4b68c,2,8,8,100000.0
6804ad43a628d87a352cd5d9,676541cdbf85ec5de3d4b68c,2,8,6,100000.0
6804ad43a628d87a352cd5d9,676541cdbf85ec5de3d4b68c,2,8,5,100000.0
6804ad43a628d87a352cd5d9,676541cdbf85ec5de3d4b68c,2,8,7,100000.0
6804ad43a628d87a352cd5d9,676541cdbf85ec5de3d4b68c,2,8,6,100000.0
6804ad43a628d87a352cd5d9,676541cdbf85ec5de3d4b68c,2,8,4,100000.0
6804ad43a628d87a352cd5d9,676541cdbf85ec5de3d4b68c,2,8,7,100000.0
6804ad43a628d87a352cd5d9,676541cdbf85ec5de3d4b68c,2,8,4,100000.0
6804ad43a628d87a352cd5d9,676541cdbf85ec5de3d4b68c,2,8,6,100000.0
6804ad43a628d87a352cd5d9,676541cdbf85ec5de3d4b68c,2,8,6,100000.0
6804ad43a628d87a352cd5d9,676541cdbf85ec5de3d4b68c,2,8,5,100000.0
6804ad43a628d87a352cd5d9,676541cdbf85ec5de3d4b68c,2,19,11,100000.0
6804ad43a628d87a352cd5d9,676541cdbf85ec5de3d4b68c,2,19,12,100000.0
6804ad43a628d87a352cd5d9,676541cdbf85ec5de3d4b68c,2,19,11,100000.0
6804ad43a628d87a352cd5d9,676541cdbf85ec5de3d4b68c,2,19,12,100000.0
6804ad43a628d87a352cd5d9,676541cdbf85ec5de3d4b68c,2,19,12,100000.0
6804ad43a628d87a352cd5d9,676541cdbf85ec5de3d4b68c,2,19,12,100000.0
6804ad43a628d87a352cd5d9,676541cdbf85ec5de3d4b68c,2,19,10,100000.0
6804ad43a628d87a352cd5d9,676541cdbf85ec5de3d4b68c,2,19,11,100000.0
6804ad43a628d87a352cd5d9,676541cdbf85ec5de3d4b68c,2,19,11,100000.0
6804ad43a628d87a352cd5d9,676541cdbf85ec5de3d4b68c,2,19,10,100000.0
6804ad43a628d87a352cd5d9,676541cdbf85ec5de3d4b68c,2,19,10,100000.0
6804ad43a628d87a352cd5d9,676541cdbf85ec5de3d4b68c,2,19,10,100000.0
6804ad43a628d87a352cd5d9,676541cdbf85ec5de3d4b68c,2,19,2,100000.0
6804ad43a628d87a352cd5d9,676541cdbf85ec5de3d4b68c,2,19,2,100000.0
6804ad43a628d87a352cd5d9,676541cdbf85ec5de3d4b68c,2,19,2,100000.0
6804ad43a628d87a352cd5d9,676541cdbf85ec5de3d4b68c,2,19,3,100000.0
6804ad43a628d87a352cd5d9,676541cdbf85ec5de3d4b68c,2,19,3,100000.0
6804ad43a628d87a352cd5d9,676541cdbf85ec5de3d4b68c,2,19,3,100000.0
6804ad43a628d87a352cd5d9,676541cdbf85ec5de3d4b68c,2,19,1,100000.0
6804ad43a628d87a352cd5d9,676541cdbf85ec5de3d4b68c,2,19,2,100000.0
6804ad43a628d87a352cd5d9,676541cdbf85ec5de3d4b68c,2,19,1,100000.0
6804ad43a628d87a352cd5d9,676541cdbf85ec5de3d4b68c,2,19,1,100000.0
6804ad43a628d87a352cd5d9,676541cdbf85ec5de3d4b68c,2,19,1,100000.0
6804ad43a628d87a352cd5d9,676541cdbf85ec5de3d4b68c,2,19,12,100000.0
6804ad43a628d87a352cd5d9,676541cdbf85ec5de3d4b68c,2,19,8,100000.0
6804ad43a628d87a352cd5d9,676541cdbf85ec5de3d4b68c,2,19,8,100000.0
6804ad43a628d87a352cd5d9,676541cdbf85ec5de3d4b68c,2,19,8,100000.0
6804ad43a628d87a352cd5d9,676541cdbf85ec5de3d4b68c,2,19,7,100000.0
6804ad43a628d87a352cd5d9,676541cdbf85ec5de3d4b68c,2,19,7,100000.0
6804ad43a628d87a352cd5d9,676541cdbf85ec5de3d4b68c,2,19,7,100000.0
6804ad43a628d87a352cd5d9,676541cdbf85ec5de3d4b68c,2,19,9,100000.0
6804ad43a628d87a352cd5d9,676541cdbf85ec5de3d4b68c,2,19,9,100000.0
6804ad43a628d87a352cd5d9,676541cdbf85ec5de3d4b68c,2,19,9,100000.0
6804ad43a628d87a352cd5d9,676541cdbf85ec5de3d4b68c,2,19,9,100000.0
6804ad43a628d87a352cd5d9,676541cdbf85ec5de3d4b68c,2,19,9,100000.0
6804ad43a628d87a352cd5d9,676541cdbf85ec5de3d4b68c,2,19,8,100000.0
6804ad43a628d87a352cd5d9,676541cdbf85ec5de3d4b68c,2,19,5,100000.0
6804ad43a628d87a352cd5d9,676541cdbf85ec5de3d4b68c,2,19,6,100000.0
6804ad43a628d87a352cd5d9,676541cdbf85ec5de3d4b68c,2,19,5,100000.0
6804ad43a628d87a352cd5d9,676541cdbf85ec5de3d4b68c,2,19,6,100000.0
6804ad43a628d87a352cd5d9,676541cdbf85ec5de3d4b68c,2,19,6,100000.0
6804ad43a628d87a352cd5d9,676541cdbf85ec5de3d4b68c,2,19,5,100000.0
6804ad43a628d87a352cd5d9,676541cdbf85ec5de3d4b68c,2,19,7,100000.0
6804ad43a628d87a352cd5d9,676541cdbf85ec5de3d4b68c,2,19,7,100000.0
6804ad43a628d87a352cd5d9,676541cdbf85ec5de3d4b68c,2,19,6,100000.0
6804ad43a628d87a352cd5d9,676541cdbf85ec5de3d4b68c,2,19,4,100000.0
6804ad43a628d87a352cd5d9,676541cdbf85ec5de3d4b68c,2,19,5,100000.0
6804ad43a628d87a352cd5d9,676541cdbf85ec5de3d4b68c,2,19,4,100000.0
6804ad43a628d87a352cd5d9,676541cdbf85ec5de3d4b68c,2,20,11,100000.0
6804ad43a628d87a352cd5d9,676541cdbf85ec5de3d4b68c,2,20,12,100000.0
6804ad43a628d87a352cd5d9,676541cdbf85ec5de3d4b68c,2,20,11,100000.0
6804ad43a628d87a352cd5d9,676541cdbf85ec5de3d4b68c,2,20,12,100000.0
6804ad43a628d87a352cd5d9,676541cdbf85ec5de3d4b68c,2,20,12,100000.0
6804ad43a628d87a352cd5d9,676541cdbf85ec5de3d4b68c,2,20,12,100000.0
6804ad43a628d87a352cd5d9,676541cdbf85ec5de3d4b68c,2,20,10,100000.0
6804ad43a628d87a352cd5d9,676541cdbf85ec5de3d4b68c,2,20,11,100000.0
6804ad43a628d87a352cd5d9,676541cdbf85ec5de3d4b68c,2,20,11,100000.0
6804ad43a628d87a352cd5d9,676541cdbf85ec5de3d4b68c,2,20,10,100000.0
6804ad43a628d87a352cd5d9,676541cdbf85ec5de3d4b68c,2,20,10,100000.0
6804ad43a628d87a352cd5d9,676541cdbf85ec5de3d4b68c,2,20,10,100000.0
6804ad43a628d87a352cd5d9,676541cdbf85ec5de3d4b68c,2,20,2,100000.0
6804ad43a628d87a352cd5d9,676541cdbf85ec5de3d4b68c,2,20,2,100000.0
6804ad43a628d87a352cd5d9,676541cdbf85ec5de3d4b68c,2,20,2,100000.0
6804ad43a628d87a352cd5d9,676541cdbf85ec5de3d4b68c,2,20,3,100000.0
6804ad43a628d87a352cd5d9,676541cdbf85ec5de3d4b68c,2,20,3,100000.0
6804ad43a628d87a352cd5d9,676541cdbf85ec5de3d4b68c,2,20,3,100000.0
6804ad43a628d87a352cd5d9,676541cdbf85ec5de3d4b68c,2,20,1,100000.0
6804ad43a628d87a352cd5d9,676541cdbf85ec5de3d4b68c,2,20,2,100000.0
6804ad43a628d87a352cd5d9,676541cdbf85ec5de3d4b68c,2,20,1,100000.0
6804ad43a628d87a352cd5d9,676541cdbf85ec5de3d4b68c,2,20,1,100000.0
6804ad43a628d87a352cd5d9,676541cdbf85ec5de3d4b68c,2,20,1,100000.0
6804ad43a628d87a352cd5d9,676541cdbf85ec5de3d4b68c,2,20,12,100000.0
6804ad43a628d87a352cd5d9,676541cdbf85ec5de3d4b68c,2,20,8,100000.0
6804ad43a628d87a352cd5d9,676541cdbf85ec5de3d4b68c,2,20,8,100000.0
6804ad43a628d87a352cd5d9,676541cdbf85ec5de3d4b68c,2,20,6,100000.0
6804ad43a628d87a352cd5d9,676541cdbf85ec5de3d4b68c,2,20,6,100000.0
6804ad43a628d87a352cd5d9,676541cdbf85ec5de3d4b68c,2,20,6,100000.0
6804ad43a628d87a352cd5d9,676541cdbf85ec5de3d4b68c,2,20,8,100000.0
6804ad43a628d87a352cd5d9,676541cdbf85ec5de3d4b68c,2,20,5,100000.0
6804ad43a628d87a352cd5d9,676541cdbf85ec5de3d4b68c,2,20,7,100000.0
6804ad43a628d87a352cd5d9,676541cdbf85ec5de3d4b68c,2,20,7,100000.0
6804ad43a628d87a352cd5d9,676541cdbf85ec5de3d4b68c,2,20,5,100000.0
6804ad43a628d87a352cd5d9,676541cdbf85ec5de3d4b68c,2,20,7,100000.0
6804ad43a628d87a352cd5d9,676541cdbf85ec5de3d4b68c,2,20,7,100000.0
6804ad43a628d87a352cd5d9,676541cdbf85ec5de3d4b68c,2,20,5,100000.0
6804ad43a628d87a352cd5d9,676541cdbf85ec5de3d4b68c,2,20,9,100000.0
6804ad43a628d87a352cd5d9,676541cdbf85ec5de3d4b68c,2,20,7,100000.0
6804ad43a628d87a352cd5d9,676541cdbf85ec5de3d4b68c,2,20,5,100000.0
6804ad43a628d87a352cd5d9,676541cdbf85ec5de3d4b68c,2,20,9,100000.0
6804ad43a628d87a352cd5d9,676541cdbf85ec5de3d4b68c,2,20,9,100000.0
6804ad43a628d87a352cd5d9,676541cdbf85ec5de3d4b68c,2,20,9,100000.0
6804ad43a628d87a352cd5d9,676541cdbf85ec5de3d4b68c,2,20,8,100000.0
6804ad43a628d87a352cd5d9,676541cdbf85ec5de3d4b68c,2,20,6,100000.0
6804ad43a628d87a352cd5d9,676541cdbf85ec5de3d4b68c,2,20,4,100000.0
6804ad43a628d87a352cd5d9,676541cdbf85ec5de3d4b68c,2,20,9,100000.0
6804ad43a628d87a352cd5d9,676541cdbf85ec5de3d4b68c,2,20,4,100000.0
6804ad43a628d87a352cd5d9,676541cdbf85ec5de3d4b68c,2,21,11,100000.0
6804ad43a628d87a352cd5d9,676541cdbf85ec5de3d4b68c,2,21,12,100000.0
6804ad43a628d87a352cd5d9,676541cdbf85ec5de3d4b68c,2,21,11,100000.0
6804ad43a628d87a352cd5d9,676541cdbf85ec5de3d4b68c,2,21,12,100000.0
6804ad43a628d87a352cd5d9,676541cdbf85ec5de3d4b68c,2,21,12,100000.0
6804ad43a628d87a352cd5d9,676541cdbf85ec5de3d4b68c,2,21,12,100000.0
6804ad43a628d87a352cd5d9,676541cdbf85ec5de3d4b68c,2,21,10,100000.0
6804ad43a628d87a352cd5d9,676541cdbf85ec5de3d4b68c,2,21,11,100000.0
6804ad43a628d87a352cd5d9,676541cdbf85ec5de3d4b68c,2,21,11,100000.0
6804ad43a628d87a352cd5d9,676541cdbf85ec5de3d4b68c,2,21,10,100000.0
6804ad43a628d87a352cd5d9,676541cdbf85ec5de3d4b68c,2,21,10,100000.0
6804ad43a628d87a352cd5d9,676541cdbf85ec5de3d4b68c,2,21,10,100000.0
6804ad43a628d87a352cd5d9,676541cdbf85ec5de3d4b68c,2,21,2,100000.0
6804ad43a628d87a352cd5d9,676541cdbf85ec5de3d4b68c,2,21,2,100000.0
6804ad43a628d87a352cd5d9,676541cdbf85ec5de3d4b68c,2,21,2,100000.0
6804ad43a628d87a352cd5d9,676541cdbf85ec5de3d4b68c,2,21,3,100000.0
6804ad43a628d87a352cd5d9,676541cdbf85ec5de3d4b68c,2,21,3,100000.0
6804ad43a628d87a352cd5d9,676541cdbf85ec5de3d4b68c,2,21,3,100000.0
6804ad43a628d87a352cd5d9,676541cdbf85ec5de3d4b68c,2,21,1,100000.0
6804ad43a628d87a352cd5d9,676541cdbf85ec5de3d4b68c,2,21,2,100000.0
6804ad43a628d87a352cd5d9,676541cdbf85ec5de3d4b68c,2,21,1,100000.0
6804ad43a628d87a352cd5d9,676541cdbf85ec5de3d4b68c,2,21,1,100000.0
6804ad43a628d87a352cd5d9,676541cdbf85ec5de3d4b68c,2,21,1,100000.0
6804ad43a628d87a352cd5d9,676541cdbf85ec5de3d4b68c,2,21,12,100000.0
6804ad43a628d87a352cd5d9,676541cdbf85ec5de3d4b68c,2,21,8,100000.0
6804ad43a628d87a352cd5d9,676541cdbf85ec5de3d4b68c,2,21,8,100000.0
6804ad43a628d87a352cd5d9,676541cdbf85ec5de3d4b68c,2,21,8,100000.0
6804ad43a628d87a352cd5d9,676541cdbf85ec5de3d4b68c,2,21,7,100000.0
6804ad43a628d87a352cd5d9,676541cdbf85ec5de3d4b68c,2,21,7,100000.0
6804ad43a628d87a352cd5d9,676541cdbf85ec5de3d4b68c,2,21,7,100000.0
6804ad43a628d87a352cd5d9,676541cdbf85ec5de3d4b68c,2,21,6,100000.0
6804ad43a628d87a352cd5d9,676541cdbf85ec5de3d4b68c,2,21,9,100000.0
6804ad43a628d87a352cd5d9,676541cdbf85ec5de3d4b68c,2,21,6,100000.0
6804ad43a628d87a352cd5d9,676541cdbf85ec5de3d4b68c,2,21,6,100000.0
6804ad43a628d87a352cd5d9,676541cdbf85ec5de3d4b68c,2,21,7,100000.0
6804ad43a628d87a352cd5d9,676541cdbf85ec5de3d4b68c,2,21,7,100000.0
6804ad43a628d87a352cd5d9,676541cdbf85ec5de3d4b68c,2,21,9,100000.0
6804ad43a628d87a352cd5d9,676541cdbf85ec5de3d4b68c,2,21,9,100000.0
6804ad43a628d87a352cd5d9,676541cdbf85ec5de3d4b68c,2,21,6,100000.0
6804ad43a628d87a352cd5d9,676541cdbf85ec5de3d4b68c,2,21,9,100000.0
6804ad43a628d87a352cd5d9,676541cdbf85ec5de3d4b68c,2,21,8,100000.0
6804ad43a628d87a352cd5d9,676541cdbf85ec5de3d4b68c,2,21,9,100000.0
6804ad43a628d87a352cd5d9,676541cdbf85ec5de3d4b68c,2,21,5,100000.0
6804ad43a628d87a352cd5d9,676541cdbf85ec5de3d4b68c,2,21,5,100000.0
6804ad43a628d87a352cd5d9,676541cdbf85ec5de3d4b68c,2,21,4,100000.0
6804ad43a628d87a352cd5d9,676541cdbf85ec5de3d4b68c,2,21,4,100000.0
6804ad43a628d87a352cd5d9,676541cdbf85ec5de3d4b68c,2,21,5,100000.0
6804ad43a628d87a352cd5d9,676541cdbf85ec5de3d4b68c,2,21,5,100000.0
6804ad43a628d87a352cd5d9,676541cdbf85ec5de3d4b68c,3,19,11,100000.0
6804ad43a628d87a352cd5d9,676541cdbf85ec5de3d4b68c,3,19,12,100000.0
6804ad43a628d87a352cd5d9,676541cdbf85ec5de3d4b68c,3,19,11,100000.0
6804ad43a628d87a352cd5d9,676541cdbf85ec5de3d4b68c,3,19,12,100000.0
6804ad43a628d87a352cd5d9,676541cdbf85ec5de3d4b68c,3,19,12,100000.0
6804ad43a628d87a352cd5d9,676541cdbf85ec5de3d4b68c,3,19,12,100000.0
6804ad43a628d87a352cd5d9,676541cdbf85ec5de3d4b68c,3,19,10,100000.0
6804ad43a628d87a352cd5d9,676541cdbf85ec5de3d4b68c,3,19,11,100000.0
6804ad43a628d87a352cd5d9,676541cdbf85ec5de3d4b68c,3,19,8,100000.0
6804ad43a628d87a352cd5d9,676541cdbf85ec5de3d4b68c,3,19,11,100000.0
6804ad43a628d87a352cd5d9,676541cdbf85ec5de3d4b68c,3,19,10,100000.0
6804ad43a628d87a352cd5d9,676541cdbf85ec5de3d4b68c,3,19,10,100000.0
6804ad43a628d87a352cd5d9,676541cdbf85ec5de3d4b68c,3,19,10,100000.0
6804ad43a628d87a352cd5d9,676541cdbf85ec5de3d4b68c,3,19,8,100000.0
6804ad43a628d87a352cd5d9,676541cdbf85ec5de3d4b68c,3,19,8,100000.0
6804ad43a628d87a352cd5d9,676541cdbf85ec5de3d4b68c,3,19,7,100000.0
6804ad43a628d87a352cd5d9,676541cdbf85ec5de3d4b68c,3,19,2,100000.0
6804ad43a628d87a352cd5d9,676541cdbf85ec5de3d4b68c,3,19,2,100000.0
6804ad43a628d87a352cd5d9,676541cdbf85ec5de3d4b68c,3,19,7,100000.0
6804ad43a628d87a352cd5d9,676541cdbf85ec5de3d4b68c,3,19,7,100000.0
6804ad43a628d87a352cd5d9,676541cdbf85ec5de3d4b68c,3,19,2,100000.0
6804ad43a628d87a352cd5d9,676541cdbf85ec5de3d4b68c,3,19,3,100000.0
6804ad43a628d87a352cd5d9,676541cdbf85ec5de3d4b68c,3,19,9,100000.0
6804ad43a628d87a352cd5d9,676541cdbf85ec5de3d4b68c,3,19,3,100000.0
6804ad43a628d87a352cd5d9,676541cdbf85ec5de3d4b68c,3,19,10,100000.0
6804ad43a628d87a352cd5d9,676541cdbf85ec5de3d4b68c,3,19,3,100000.0
6804ad43a628d87a352cd5d9,676541cdbf85ec5de3d4b68c,3,19,9,100000.0
6804ad43a628d87a352cd5d9,676541cdbf85ec5de3d4b68c,3,19,1,100000.0
6804ad43a628d87a352cd5d9,676541cdbf85ec5de3d4b68c,3,19,2,100000.0
6804ad43a628d87a352cd5d9,676541cdbf85ec5de3d4b68c,3,19,9,100000.0
6804ad43a628d87a352cd5d9,676541cdbf85ec5de3d4b68c,3,19,1,100000.0
6804ad43a628d87a352cd5d9,676541cdbf85ec5de3d4b68c,3,19,1,100000.0
6804ad43a628d87a352cd5d9,676541cdbf85ec5de3d4b68c,3,19,1,100000.0
6804ad43a628d87a352cd5d9,676541cdbf85ec5de3d4b68c,3,19,12,100000.0
6804ad43a628d87a352cd5d9,676541cdbf85ec5de3d4b68c,3,19,5,100000.0
6804ad43a628d87a352cd5d9,676541cdbf85ec5de3d4b68c,3,19,5,100000.0
6804ad43a628d87a352cd5d9,676541cdbf85ec5de3d4b68c,3,19,5,100000.0
6804ad43a628d87a352cd5d9,676541cdbf85ec5de3d4b68c,3,19,6,100000.0
6804ad43a628d87a352cd5d9,676541cdbf85ec5de3d4b68c,3,19,4,100000.0
6804ad43a628d87a352cd5d9,676541cdbf85ec5de3d4b68c,3,19,6,100000.0
6804ad43a628d87a352cd5d9,676541cdbf85ec5de3d4b68c,3,19,5,100000.0
6804ad43a628d87a352cd5d9,676541cdbf85ec5de3d4b68c,3,19,8,100000.0
6804ad43a628d87a352cd5d9,676541cdbf85ec5de3d4b68c,3,19,9,100000.0
6804ad43a628d87a352cd5d9,676541cdbf85ec5de3d4b68c,3,19,6,100000.0
6804ad43a628d87a352cd5d9,676541cdbf85ec5de3d4b68c,3,19,6,100000.0
6804ad43a628d87a352cd5d9,676541cdbf85ec5de3d4b68c,3,19,7,100000.0
6804ad43a628d87a352cd5d9,676541cdbf85ec5de3d4b68c,3,19,4,100000.0
6804ad43a628d87a352cd5d9,676541cdbf85ec5de3d4b68c,3,19,7,100000.0
6804ad43a628d87a352cd5d9,676541cdbf85ec5de3d4b68c,3,18,11,100000.0
6804ad43a628d87a352cd5d9,676541cdbf85ec5de3d4b68c,3,18,12,100000.0
6804ad43a628d87a352cd5d9,676541cdbf85ec5de3d4b68c,3,18,11,100000.0
6804ad43a628d87a352cd5d9,676541cdbf85ec5de3d4b68c,3,18,12,100000.0
6804ad43a628d87a352cd5d9,676541cdbf85ec5de3d4b68c,3,18,12,100000.0
6804ad43a628d87a352cd5d9,676541cdbf85ec5de3d4b68c,3,18,12,100000.0
6804ad43a628d87a352cd5d9,676541cdbf85ec5de3d4b68c,3,18,10,100000.0
6804ad43a628d87a352cd5d9,676541cdbf85ec5de3d4b68c,3,18,11,100000.0
6804ad43a628d87a352cd5d9,676541cdbf85ec5de3d4b68c,3,18,11,100000.0
6804ad43a628d87a352cd5d9,676541cdbf85ec5de3d4b68c,3,18,10,100000.0
6804ad43a628d87a352cd5d9,676541cdbf85ec5de3d4b68c,3,18,10,100000.0
6804ad43a628d87a352cd5d9,676541cdbf85ec5de3d4b68c,3,18,10,100000.0
6804ad43a628d87a352cd5d9,676541cdbf85ec5de3d4b68c,3,18,2,100000.0
6804ad43a628d87a352cd5d9,676541cdbf85ec5de3d4b68c,3,18,2,100000.0
6804ad43a628d87a352cd5d9,676541cdbf85ec5de3d4b68c,3,18,2,100000.0
6804ad43a628d87a352cd5d9,676541cdbf85ec5de3d4b68c,3,18,3,100000.0
6804ad43a628d87a352cd5d9,676541cdbf85ec5de3d4b68c,3,18,3,100000.0
6804ad43a628d87a352cd5d9,676541cdbf85ec5de3d4b68c,3,18,3,100000.0
6804ad43a628d87a352cd5d9,676541cdbf85ec5de3d4b68c,3,18,1,100000.0
6804ad43a628d87a352cd5d9,676541cdbf85ec5de3d4b68c,3,18,2,100000.0
6804ad43a628d87a352cd5d9,676541cdbf85ec5de3d4b68c,3,18,1,100000.0
6804ad43a628d87a352cd5d9,676541cdbf85ec5de3d4b68c,3,18,1,100000.0
6804ad43a628d87a352cd5d9,676541cdbf85ec5de3d4b68c,3,18,1,100000.0
6804ad43a628d87a352cd5d9,676541cdbf85ec5de3d4b68c,3,18,12,100000.0
6804ad43a628d87a352cd5d9,676541cdbf85ec5de3d4b68c,3,18,8,100000.0
6804ad43a628d87a352cd5d9,676541cdbf85ec5de3d4b68c,3,18,8,100000.0
6804ad43a628d87a352cd5d9,676541cdbf85ec5de3d4b68c,3,18,8,100000.0
6804ad43a628d87a352cd5d9,676541cdbf85ec5de3d4b68c,3,18,7,100000.0
6804ad43a628d87a352cd5d9,676541cdbf85ec5de3d4b68c,3,18,7,100000.0
6804ad43a628d87a352cd5d9,676541cdbf85ec5de3d4b68c,3,18,7,100000.0
6804ad43a628d87a352cd5d9,676541cdbf85ec5de3d4b68c,3,18,9,100000.0
6804ad43a628d87a352cd5d9,676541cdbf85ec5de3d4b68c,3,18,10,100000.0
6804ad43a628d87a352cd5d9,676541cdbf85ec5de3d4b68c,3,18,9,100000.0
6804ad43a628d87a352cd5d9,676541cdbf85ec5de3d4b68c,3,18,9,100000.0
6804ad43a628d87a352cd5d9,676541cdbf85ec5de3d4b68c,3,18,9,100000.0
6804ad43a628d87a352cd5d9,676541cdbf85ec5de3d4b68c,3,18,8,100000.0
6804ad43a628d87a352cd5d9,676541cdbf85ec5de3d4b68c,3,18,5,100000.0
6804ad43a628d87a352cd5d9,676541cdbf85ec5de3d4b68c,3,18,5,100000.0
6804ad43a628d87a352cd5d9,676541cdbf85ec5de3d4b68c,3,18,5,100000.0
6804ad43a628d87a352cd5d9,676541cdbf85ec5de3d4b68c,3,18,4,100000.0
6804ad43a628d87a352cd5d9,676541cdbf85ec5de3d4b68c,3,18,7,100000.0
6804ad43a628d87a352cd5d9,676541cdbf85ec5de3d4b68c,3,18,5,100000.0
6804ad43a628d87a352cd5d9,676541cdbf85ec5de3d4b68c,3,18,7,100000.0
6804ad43a628d87a352cd5d9,676541cdbf85ec5de3d4b68c,3,18,4,100000.0
6804ad43a628d87a352cd5d9,676541cdbf85ec5de3d4b68c,3,18,6,100000.0
6804ad43a628d87a352cd5d9,676541cdbf85ec5de3d4b68c,3,18,6,100000.0
6804ad43a628d87a352cd5d9,676541cdbf85ec5de3d4b68c,3,18,6,100000.0
6804ad43a628d87a352cd5d9,676541cdbf85ec5de3d4b68c,3,18,6,100000.0
6804ad43a628d87a352cd5d9,676541cdbf85ec5de3d4b68c,3,6,11,100000.0
6804ad43a628d87a352cd5d9,676541cdbf85ec5de3d4b68c,3,6,12,100000.0
6804ad43a628d87a352cd5d9,676541cdbf85ec5de3d4b68c,3,6,11,100000.0
6804ad43a628d87a352cd5d9,676541cdbf85ec5de3d4b68c,3,6,12,100000.0
6804ad43a628d87a352cd5d9,676541cdbf85ec5de3d4b68c,3,6,12,100000.0
6804ad43a628d87a352cd5d9,676541cdbf85ec5de3d4b68c,3,6,12,100000.0
6804ad43a628d87a352cd5d9,676541cdbf85ec5de3d4b68c,3,6,10,100000.0
6804ad43a628d87a352cd5d9,676541cdbf85ec5de3d4b68c,3,6,11,100000.0
6804ad43a628d87a352cd5d9,676541cdbf85ec5de3d4b68c,3,6,11,100000.0
6804ad43a628d87a352cd5d9,676541cdbf85ec5de3d4b68c,3,6,10,100000.0
6804ad43a628d87a352cd5d9,676541cdbf85ec5de3d4b68c,3,6,10,100000.0
6804ad43a628d87a352cd5d9,676541cdbf85ec5de3d4b68c,3,6,8,100000.0
6804ad43a628d87a352cd5d9,676541cdbf85ec5de3d4b68c,3,6,10,100000.0
6804ad43a628d87a352cd5d9,676541cdbf85ec5de3d4b68c,3,6,8,100000.0
6804ad43a628d87a352cd5d9,676541cdbf85ec5de3d4b68c,3,6,8,100000.0
6804ad43a628d87a352cd5d9,676541cdbf85ec5de3d4b68c,3,6,7,100000.0
6804ad43a628d87a352cd5d9,676541cdbf85ec5de3d4b68c,3,6,2,100000.0
6804ad43a628d87a352cd5d9,676541cdbf85ec5de3d4b68c,3,6,2,100000.0
6804ad43a628d87a352cd5d9,676541cdbf85ec5de3d4b68c,3,6,7,100000.0
6804ad43a628d87a352cd5d9,676541cdbf85ec5de3d4b68c,3,6,7,100000.0
6804ad43a628d87a352cd5d9,676541cdbf85ec5de3d4b68c,3,6,2,100000.0
6804ad43a628d87a352cd5d9,676541cdbf85ec5de3d4b68c,3,6,9,100000.0
6804ad43a628d87a352cd5d9,676541cdbf85ec5de3d4b68c,3,6,3,100000.0
6804ad43a628d87a352cd5d9,676541cdbf85ec5de3d4b68c,3,6,3,100000.0
6804ad43a628d87a352cd5d9,676541cdbf85ec5de3d4b68c,3,6,10,100000.0
6804ad43a628d87a352cd5d9,676541cdbf85ec5de3d4b68c,3,6,3,100000.0
6804ad43a628d87a352cd5d9,676541cdbf85ec5de3d4b68c,3,6,9,100000.0
6804ad43a628d87a352cd5d9,676541cdbf85ec5de3d4b68c,3,6,9,100000.0
6804ad43a628d87a352cd5d9,676541cdbf85ec5de3d4b68c,3,6,9,100000.0
6804ad43a628d87a352cd5d9,676541cdbf85ec5de3d4b68c,3,6,8,100000.0
6804ad43a628d87a352cd5d9,676541cdbf85ec5de3d4b68c,3,6,1,100000.0
6804ad43a628d87a352cd5d9,676541cdbf85ec5de3d4b68c,3,6,2,100000.0
6804ad43a628d87a352cd5d9,676541cdbf85ec5de3d4b68c,3,6,1,100000.0
6804ad43a628d87a352cd5d9,676541cdbf85ec5de3d4b68c,3,6,6,100000.0
6804ad43a628d87a352cd5d9,676541cdbf85ec5de3d4b68c,3,6,6,100000.0
6804ad43a628d87a352cd5d9,676541cdbf85ec5de3d4b68c,3,6,6,100000.0
6804ad43a628d87a352cd5d9,676541cdbf85ec5de3d4b68c,3,6,1,100000.0
6804ad43a628d87a352cd5d9,676541cdbf85ec5de3d4b68c,3,6,7,100000.0
6804ad43a628d87a352cd5d9,676541cdbf85ec5de3d4b68c,3,6,1,100000.0
6804ad43a628d87a352cd5d9,676541cdbf85ec5de3d4b68c,3,6,12,100000.0
6804ad43a628d87a352cd5d9,676541cdbf85ec5de3d4b68c,3,6,7,100000.0
6804ad43a628d87a352cd5d9,676541cdbf85ec5de3d4b68c,3,6,5,100000.0
6804ad43a628d87a352cd5d9,676541cdbf85ec5de3d4b68c,3,6,4,100000.0
6804ad43a628d87a352cd5d9,676541cdbf85ec5de3d4b68c,3,6,5,100000.0
6804ad43a628d87a352cd5d9,676541cdbf85ec5de3d4b68c,3,6,5,100000.0
6804ad43a628d87a352cd5d9,676541cdbf85ec5de3d4b68c,3,6,6,100000.0
6804ad43a628d87a352cd5d9,676541cdbf85ec5de3d4b68c,3,6,5,100000.0
6804ad43a628d87a352cd5d9,676541cdbf85ec5de3d4b68c,3,6,4,100000.0
6804ad43a628d87a352cd5d9,676541cdbf85ec5de3d4b68c,4,5,11,100000.0
6804ad43a628d87a352cd5d9,676541cdbf85ec5de3d4b68c,4,5,12,100000.0
6804ad43a628d87a352cd5d9,676541cdbf85ec5de3d4b68c,4,5,11,100000.0
6804ad43a628d87a352cd5d9,676541cdbf85ec5de3d4b68c,4,5,12,100000.0
6804ad43a628d87a352cd5d9,676541cdbf85ec5de3d4b68c,4,5,12,100000.0
6804ad43a628d87a352cd5d9,676541cdbf85ec5de3d4b68c,4,5,12,100000.0
6804ad43a628d87a352cd5d9,676541cdbf85ec5de3d4b68c,4,5,10,100000.0
6804ad43a628d87a352cd5d9,676541cdbf85ec5de3d4b68c,4,5,11,100000.0
6804ad43a628d87a352cd5d9,676541cdbf85ec5de3d4b68c,4,5,11,100000.0
6804ad43a628d87a352cd5d9,676541cdbf85ec5de3d4b68c,4,5,10,100000.0
6804ad43a628d87a352cd5d9,676541cdbf85ec5de3d4b68c,4,5,10,100000.0
6804ad43a628d87a352cd5d9,676541cdbf85ec5de3d4b68c,4,5,10,100000.0
6804ad43a628d87a352cd5d9,676541cdbf85ec5de3d4b68c,4,5,2,100000.0
6804ad43a628d87a352cd5d9,676541cdbf85ec5de3d4b68c,4,5,2,100000.0
6804ad43a628d87a352cd5d9,676541cdbf85ec5de3d4b68c,4,5,2,100000.0
6804ad43a628d87a352cd5d9,676541cdbf85ec5de3d4b68c,4,5,3,100000.0
6804ad43a628d87a352cd5d9,676541cdbf85ec5de3d4b68c,4,5,3,100000.0
6804ad43a628d87a352cd5d9,676541cdbf85ec5de3d4b68c,4,5,3,100000.0
6804ad43a628d87a352cd5d9,676541cdbf85ec5de3d4b68c,4,5,8,100000.0
6804ad43a628d87a352cd5d9,676541cdbf85ec5de3d4b68c,4,5,8,100000.0
6804ad43a628d87a352cd5d9,676541cdbf85ec5de3d4b68c,4,5,8,100000.0
6804ad43a628d87a352cd5d9,676541cdbf85ec5de3d4b68c,4,5,7,100000.0
6804ad43a628d87a352cd5d9,676541cdbf85ec5de3d4b68c,4,5,1,100000.0
6804ad43a628d87a352cd5d9,676541cdbf85ec5de3d4b68c,4,5,7,100000.0
6804ad43a628d87a352cd5d9,676541cdbf85ec5de3d4b68c,4,5,2,100000.0
6804ad43a628d87a352cd5d9,676541cdbf85ec5de3d4b68c,4,5,7,100000.0
6804ad43a628d87a352cd5d9,676541cdbf85ec5de3d4b68c,4,5,1,100000.0
6804ad43a628d87a352cd5d9,676541cdbf85ec5de3d4b68c,4,5,1,100000.0
6804ad43a628d87a352cd5d9,676541cdbf85ec5de3d4b68c,4,5,9,100000.0
6804ad43a628d87a352cd5d9,676541cdbf85ec5de3d4b68c,4,5,1,100000.0
6804ad43a628d87a352cd5d9,676541cdbf85ec5de3d4b68c,4,5,10,100000.0
6804ad43a628d87a352cd5d9,676541cdbf85ec5de3d4b68c,4,5,1,100000.0
6804ad43a628d87a352cd5d9,676541cdbf85ec5de3d4b68c,4,5,9,100000.0
6804ad43a628d87a352cd5d9,676541cdbf85ec5de3d4b68c,4,5,9,100000.0
6804ad43a628d87a352cd5d9,676541cdbf85ec5de3d4b68c,4,5,5,100000.0
6804ad43a628d87a352cd5d9,676541cdbf85ec5de3d4b68c,4,5,9,100000.0
6804ad43a628d87a352cd5d9,676541cdbf85ec5de3d4b68c,4,5,5,100000.0
6804ad43a628d87a352cd5d9,676541cdbf85ec5de3d4b68c,4,5,8,100000.0
6804ad43a628d87a352cd5d9,676541cdbf85ec5de3d4b68c,4,5,6,100000.0
6804ad43a628d87a352cd5d9,676541cdbf85ec5de3d4b68c,4,5,5,100000.0
6804ad43a628d87a352cd5d9,676541cdbf85ec5de3d4b68c,4,5,5,100000.0
6804ad43a628d87a352cd5d9,676541cdbf85ec5de3d4b68c,4,5,6,100000.0
6804ad43a628d87a352cd5d9,676541cdbf85ec5de3d4b68c,4,5,7,100000.0
6804ad43a628d87a352cd5d9,676541cdbf85ec5de3d4b68c,4,5,6,100000.0
6804ad43a628d87a352cd5d9,676541cdbf85ec5de3d4b68c,4,5,7,100000.0
6804ad43a628d87a352cd5d9,676541cdbf85ec5de3d4b68c,4,5,5,100000.0
6804ad43a628d87a352cd5d9,676541cdbf85ec5de3d4b68c,4,5,4,100000.0
6804ad43a628d87a352cd5d9,676541cdbf85ec5de3d4b68c,4,5,6,100000.0
6804ad43a628d87a352cd5d9,676541cdbf85ec5de3d4b68c,4,19,11,100000.0
6804ad43a628d87a352cd5d9,676541cdbf85ec5de3d4b68c,4,19,12,100000.0
6804ad43a628d87a352cd5d9,676541cdbf85ec5de3d4b68c,4,19,11,100000.0
6804ad43a628d87a352cd5d9,676541cdbf85ec5de3d4b68c,4,19,12,100000.0
6804ad43a628d87a352cd5d9,676541cdbf85ec5de3d4b68c,4,19,12,100000.0
6804ad43a628d87a352cd5d9,676541cdbf85ec5de3d4b68c,4,19,12,100000.0
6804ad43a628d87a352cd5d9,676541cdbf85ec5de3d4b68c,4,19,10,100000.0
6804ad43a628d87a352cd5d9,676541cdbf85ec5de3d4b68c,4,19,11,100000.0
6804ad43a628d87a352cd5d9,676541cdbf85ec5de3d4b68c,4,19,11,100000.0
6804ad43a628d87a352cd5d9,676541cdbf85ec5de3d4b68c,4,19,10,100000.0
6804ad43a628d87a352cd5d9,676541cdbf85ec5de3d4b68c,4,19,10,100000.0
6804ad43a628d87a352cd5d9,676541cdbf85ec5de3d4b68c,4,19,10,100000.0
6804ad43a628d87a352cd5d9,676541cdbf85ec5de3d4b68c,4,19,2,100000.0
6804ad43a628d87a352cd5d9,676541cdbf85ec5de3d4b68c,4,19,6,100000.0
6804ad43a628d87a352cd5d9,676541cdbf85ec5de3d4b68c,4,19,2,100000.0
6804ad43a628d87a352cd5d9,676541cdbf85ec5de3d4b68c,4,19,2,100000.0
6804ad43a628d87a352cd5d9,676541cdbf85ec5de3d4b68c,4,19,6,100000.0
6804ad43a628d87a352cd5d9,676541cdbf85ec5de3d4b68c,4,19,8,100000.0
6804ad43a628d87a352cd5d9,676541cdbf85ec5de3d4b68c,4,19,3,100000.0
6804ad43a628d87a352cd5d9,676541cdbf85ec5de3d4b68c,4,19,6,100000.0
6804ad43a628d87a352cd5d9,676541cdbf85ec5de3d4b68c,4,19,3,100000.0
6804ad43a628d87a352cd5d9,676541cdbf85ec5de3d4b68c,4,19,7,100000.0
6804ad43a628d87a352cd5d9,676541cdbf85ec5de3d4b68c,4,19,3,100000.0
6804ad43a628d87a352cd5d9,676541cdbf85ec5de3d4b68c,4,19,8,100000.0
6804ad43a628d87a352cd5d9,676541cdbf85ec5de3d4b68c,4,19,1,100000.0
6804ad43a628d87a352cd5d9,676541cdbf85ec5de3d4b68c,4,19,8,100000.0
6804ad43a628d87a352cd5d9,676541cdbf85ec5de3d4b68c,4,19,7,100000.0
6804ad43a628d87a352cd5d9,676541cdbf85ec5de3d4b68c,4,19,2,100000.0
6804ad43a628d87a352cd5d9,676541cdbf85ec5de3d4b68c,4,19,5,100000.0
6804ad43a628d87a352cd5d9,676541cdbf85ec5de3d4b68c,4,19,7,100000.0
6804ad43a628d87a352cd5d9,676541cdbf85ec5de3d4b68c,4,19,6,100000.0
6804ad43a628d87a352cd5d9,676541cdbf85ec5de3d4b68c,4,19,1,100000.0
6804ad43a628d87a352cd5d9,676541cdbf85ec5de3d4b68c,4,19,7,100000.0
6804ad43a628d87a352cd5d9,676541cdbf85ec5de3d4b68c,4,19,9,100000.0
6804ad43a628d87a352cd5d9,676541cdbf85ec5de3d4b68c,4,19,5,100000.0
6804ad43a628d87a352cd5d9,676541cdbf85ec5de3d4b68c,4,19,5,100000.0
6804ad43a628d87a352cd5d9,676541cdbf85ec5de3d4b68c,4,19,5,100000.0
6804ad43a628d87a352cd5d9,676541cdbf85ec5de3d4b68c,4,19,1,100000.0
6804ad43a628d87a352cd5d9,676541cdbf85ec5de3d4b68c,4,19,7,100000.0
6804ad43a628d87a352cd5d9,676541cdbf85ec5de3d4b68c,4,19,1,100000.0
6804ad43a628d87a352cd5d9,676541cdbf85ec5de3d4b68c,4,19,10,100000.0
6804ad43a628d87a352cd5d9,676541cdbf85ec5de3d4b68c,4,19,1,100000.0
6804ad43a628d87a352cd5d9,676541cdbf85ec5de3d4b68c,4,19,5,100000.0
6804ad43a628d87a352cd5d9,676541cdbf85ec5de3d4b68c,4,19,9,100000.0
6804ad43a628d87a352cd5d9,676541cdbf85ec5de3d4b68c,4,19,9,100000.0
6804ad43a628d87a352cd5d9,676541cdbf85ec5de3d4b68c,4,19,8,100000.0
6804ad43a628d87a352cd5d9,676541cdbf85ec5de3d4b68c,4,19,4,100000.0
6804ad43a628d87a352cd5d9,676541cdbf85ec5de3d4b68c,4,19,9,100000.0
6804ad43a628d87a352cd5d9,676541cdbf85ec5de3d4b68c,4,20,11,100000.0
6804ad43a628d87a352cd5d9,676541cdbf85ec5de3d4b68c,4,20,12,100000.0
6804ad43a628d87a352cd5d9,676541cdbf85ec5de3d4b68c,4,20,11,100000.0
6804ad43a628d87a352cd5d9,676541cdbf85ec5de3d4b68c,4,20,12,100000.0
6804ad43a628d87a352cd5d9,676541cdbf85ec5de3d4b68c,4,20,12,100000.0
6804ad43a628d87a352cd5d9,676541cdbf85ec5de3d4b68c,4,20,12,100000.0
6804ad43a628d87a352cd5d9,676541cdbf85ec5de3d4b68c,4,20,10,100000.0
6804ad43a628d87a352cd5d9,676541cdbf85ec5de3d4b68c,4,20,11,100000.0
6804ad43a628d87a352cd5d9,676541cdbf85ec5de3d4b68c,4,20,11,100000.0
6804ad43a628d87a352cd5d9,676541cdbf85ec5de3d4b68c,4,20,10,100000.0
6804ad43a628d87a352cd5d9,676541cdbf85ec5de3d4b68c,4,20,10,100000.0
6804ad43a628d87a352cd5d9,676541cdbf85ec5de3d4b68c,4,20,10,100000.0
6804ad43a628d87a352cd5d9,676541cdbf85ec5de3d4b68c,4,20,8,100000.0
6804ad43a628d87a352cd5d9,676541cdbf85ec5de3d4b68c,4,20,8,100000.0
6804ad43a628d87a352cd5d9,676541cdbf85ec5de3d4b68c,4,20,8,100000.0
6804ad43a628d87a352cd5d9,676541cdbf85ec5de3d4b68c,4,20,7,100000.0
6804ad43a628d87a352cd5d9,676541cdbf85ec5de3d4b68c,4,20,2,100000.0
6804ad43a628d87a352cd5d9,676541cdbf85ec5de3d4b68c,4,20,7,100000.0
6804ad43a628d87a352cd5d9,676541cdbf85ec5de3d4b68c,4,20,7,100000.0
6804ad43a628d87a352cd5d9,676541cdbf85ec5de3d4b68c,4,20,2,100000.0
6804ad43a628d87a352cd5d9,676541cdbf85ec5de3d4b68c,4,20,9,100000.0
6804ad43a628d87a352cd5d9,676541cdbf85ec5de3d4b68c,4,20,10,100000.0
6804ad43a628d87a352cd5d9,676541cdbf85ec5de3d4b68c,4,20,2,100000.0
6804ad43a628d87a352cd5d9,676541cdbf85ec5de3d4b68c,4,20,9,100000.0
6804ad43a628d87a352cd5d9,676541cdbf85ec5de3d4b68c,4,20,9,100000.0
6804ad43a628d87a352cd5d9,676541cdbf85ec5de3d4b68c,4,20,9,100000.0
6804ad43a628d87a352cd5d9,676541cdbf85ec5de3d4b68c,4,20,8,100000.0
6804ad43a628d87a352cd5d9,676541cdbf85ec5de3d4b68c,4,20,6,100000.0
6804ad43a628d87a352cd5d9,676541cdbf85ec5de3d4b68c,4,20,1,100000.0
6804ad43a628d87a352cd5d9,676541cdbf85ec5de3d4b68c,4,20,3,100000.0
6804ad43a628d87a352cd5d9,676541cdbf85ec5de3d4b68c,4,20,6,100000.0
6804ad43a628d87a352cd5d9,676541cdbf85ec5de3d4b68c,4,20,3,100000.0
6804ad43a628d87a352cd5d9,676541cdbf85ec5de3d4b68c,4,20,6,100000.0
6804ad43a628d87a352cd5d9,676541cdbf85ec5de3d4b68c,4,20,2,100000.0
6804ad43a628d87a352cd5d9,676541cdbf85ec5de3d4b68c,4,20,1,100000.0
6804ad43a628d87a352cd5d9,676541cdbf85ec5de3d4b68c,4,20,1,100000.0
6804ad43a628d87a352cd5d9,676541cdbf85ec5de3d4b68c,4,20,3,100000.0
6804ad43a628d87a352cd5d9,676541cdbf85ec5de3d4b68c,4,20,1,100000.0
6804ad43a628d87a352cd5d9,676541cdbf85ec5de3d4b68c,4,20,5,100000.0
6804ad43a628d87a352cd5d9,676541cdbf85ec5de3d4b68c,4,20,1,100000.0
6804ad43a628d87a352cd5d9,676541cdbf85ec5de3d4b68c,4,20,5,100000.0
6804ad43a628d87a352cd5d9,676541cdbf85ec5de3d4b68c,4,20,4,100000.0
6804ad43a628d87a352cd5d9,676541cdbf85ec5de3d4b68c,4,20,7,100000.0
6804ad43a628d87a352cd5d9,676541cdbf85ec5de3d4b68c,4,20,6,100000.0
6804ad43a628d87a352cd5d9,676541cdbf85ec5de3d4b68c,4,20,5,100000.0
6804ad43a628d87a352cd5d9,676541cdbf85ec5de3d4b68c,4,20,5,100000.0
6804ad43a628d87a352cd5d9,676541cdbf85ec5de3d4b68c,4,20,5,100000.0
6804ad43a628d87a352cd5d9,676541cdbf85ec5de3d4b68c,4,20,7,100000.0
6804ad43a628d87a352cd5d9,676541cdbf85ec5de3d4b68c,4,9,11,100000.0
6804ad43a628d87a352cd5d9,676541cdbf85ec5de3d4b68c,4,9,12,100000.0
6804ad43a628d87a352cd5d9,676541cdbf85ec5de3d4b68c,4,9,11,100000.0
6804ad43a628d87a352cd5d9,676541cdbf85ec5de3d4b68c,4,9,12,100000.0
6804ad43a628d87a352cd5d9,676541cdbf85ec5de3d4b68c,4,9,12,100000.0
6804ad43a628d87a352cd5d9,676541cdbf85ec5de3d4b68c,4,9,12,100000.0
6804ad43a628d87a352cd5d9,676541cdbf85ec5de3d4b68c,4,9,10,100000.0
6804ad43a628d87a352cd5d9,676541cdbf85ec5de3d4b68c,4,9,8,100000.0
6804ad43a628d87a352cd5d9,676541cdbf85ec5de3d4b68c,4,9,11,100000.0
6804ad43a628d87a352cd5d9,676541cdbf85ec5de3d4b68c,4,9,11,100000.0
6804ad43a628d87a352cd5d9,676541cdbf85ec5de3d4b68c,4,9,8,100000.0
6804ad43a628d87a352cd5d9,676541cdbf85ec5de3d4b68c,4,9,10,100000.0
6804ad43a628d87a352cd5d9,676541cdbf85ec5de3d4b68c,4,9,8,100000.0
6804ad43a628d87a352cd5d9,676541cdbf85ec5de3d4b68c,4,9,10,100000.0
6804ad43a628d87a352cd5d9,676541cdbf85ec5de3d4b68c,4,9,7,100000.0
6804ad43a628d87a352cd5d9,676541cdbf85ec5de3d4b68c,4,9,10,100000.0
6804ad43a628d87a352cd5d9,676541cdbf85ec5de3d4b68c,4,9,7,100000.0
6804ad43a628d87a352cd5d9,676541cdbf85ec5de3d4b68c,4,9,7,100000.0
6804ad43a628d87a352cd5d9,676541cdbf85ec5de3d4b68c,4,9,9,100000.0
6804ad43a628d87a352cd5d9,676541cdbf85ec5de3d4b68c,4,9,6,100000.0
6804ad43a628d87a352cd5d9,676541cdbf85ec5de3d4b68c,4,9,10,100000.0
6804ad43a628d87a352cd5d9,676541cdbf85ec5de3d4b68c,4,9,9,100000.0
6804ad43a628d87a352cd5d9,676541cdbf85ec5de3d4b68c,4,9,6,100000.0
6804ad43a628d87a352cd5d9,676541cdbf85ec5de3d4b68c,4,9,9,100000.0
6804ad43a628d87a352cd5d9,676541cdbf85ec5de3d4b68c,4,9,1,100000.0
6804ad43a628d87a352cd5d9,676541cdbf85ec5de3d4b68c,4,9,9,100000.0
6804ad43a628d87a352cd5d9,676541cdbf85ec5de3d4b68c,4,9,6,100000.0
6804ad43a628d87a352cd5d9,676541cdbf85ec5de3d4b68c,4,9,5,100000.0
6804ad43a628d87a352cd5d9,676541cdbf85ec5de3d4b68c,4,9,2,100000.0
6804ad43a628d87a352cd5d9,676541cdbf85ec5de3d4b68c,4,9,2,100000.0
6804ad43a628d87a352cd5d9,676541cdbf85ec5de3d4b68c,4,9,1,100000.0
6804ad43a628d87a352cd5d9,676541cdbf85ec5de3d4b68c,4,9,8,100000.0
6804ad43a628d87a352cd5d9,676541cdbf85ec5de3d4b68c,4,9,2,100000.0
6804ad43a628d87a352cd5d9,676541cdbf85ec5de3d4b68c,4,9,5,100000.0
6804ad43a628d87a352cd5d9,676541cdbf85ec5de3d4b68c,4,9,1,100000.0
6804ad43a628d87a352cd5d9,676541cdbf85ec5de3d4b68c,4,9,7,100000.0
6804ad43a628d87a352cd5d9,676541cdbf85ec5de3d4b68c,4,9,3,100000.0
6804ad43a628d87a352cd5d9,676541cdbf85ec5de3d4b68c,4,9,2,100000.0
6804ad43a628d87a352cd5d9,676541cdbf85ec5de3d4b68c,4,9,5,100000.0
6804ad43a628d87a352cd5d9,676541cdbf85ec5de3d4b68c,4,9,1,100000.0
6804ad43a628d87a352cd5d9,676541cdbf85ec5de3d4b68c,4,9,1,100000.0
6804ad43a628d87a352cd5d9,676541cdbf85ec5de3d4b68c,4,9,3,100000.0
6804ad43a628d87a352cd5d9,676541cdbf85ec5de3d4b68c,4,9,7,100000.0
6804ad43a628d87a352cd5d9,676541cdbf85ec5de3d4b68c,4,9,5,100000.0
6804ad43a628d87a352cd5d9,676541cdbf85ec5de3d4b68c,4,9,4,100000.0
6804ad43a628d87a352cd5d9,676541cdbf85ec5de3d4b68c,4,9,3,100000.0
6804ad43a628d87a352cd5d9,676541cdbf85ec5de3d4b68c,4,9,5,100000.0
6804ad43a628d87a352cd5d9,676541cdbf85ec5de3d4b68c,4,9,6,100000.0
6804ad43a628d87a352cd5d9,676541cdbf85ec5de3d4b68c,5,20,11,100000.0
6804ad43a628d87a352cd5d9,676541cdbf85ec5de3d4b68c,5,20,12,100000.0
6804ad43a628d87a352cd5d9,676541cdbf85ec5de3d4b68c,5,20,11,100000.0
6804ad43a628d87a352cd5d9,676541cdbf85ec5de3d4b68c,5,20,12,100000.0
6804ad43a628d87a352cd5d9,676541cdbf85ec5de3d4b68c,5,20,12,100000.0
6804ad43a628d87a352cd5d9,676541cdbf85ec5de3d4b68c,5,20,12,100000.0
6804ad43a628d87a352cd5d9,676541cdbf85ec5de3d4b68c,5,20,10,100000.0
6804ad43a628d87a352cd5d9,676541cdbf85ec5de3d4b68c,5,20,11,100000.0
6804ad43a628d87a352cd5d9,676541cdbf85ec5de3d4b68c,5,20,11,100000.0
6804ad43a628d87a352cd5d9,676541cdbf85ec5de3d4b68c,5,20,10,100000.0
6804ad43a628d87a352cd5d9,676541cdbf85ec5de3d4b68c,5,20,10,100000.0
6804ad43a628d87a352cd5d9,676541cdbf85ec5de3d4b68c,5,20,10,100000.0
6804ad43a628d87a352cd5d9,676541cdbf85ec5de3d4b68c,5,20,2,100000.0
6804ad43a628d87a352cd5d9,676541cdbf85ec5de3d4b68c,5,20,2,100000.0
6804ad43a628d87a352cd5d9,676541cdbf85ec5de3d4b68c,5,20,2,100000.0
6804ad43a628d87a352cd5d9,676541cdbf85ec5de3d4b68c,5,20,3,100000.0
6804ad43a628d87a352cd5d9,676541cdbf85ec5de3d4b68c,5,20,3,100000.0
6804ad43a628d87a352cd5d9,676541cdbf85ec5de3d4b68c,5,20,3,100000.0
6804ad43a628d87a352cd5d9,676541cdbf85ec5de3d4b68c,5,20,1,100000.0
6804ad43a628d87a352cd5d9,676541cdbf85ec5de3d4b68c,5,20,2,100000.0
6804ad43a628d87a352cd5d9,676541cdbf85ec5de3d4b68c,5,20,1,100000.0
6804ad43a628d87a352cd5d9,676541cdbf85ec5de3d4b68c,5,20,1,100000.0
6804ad43a628d87a352cd5d9,676541cdbf85ec5de3d4b68c,5,20,1,100000.0
6804ad43a628d87a352cd5d9,676541cdbf85ec5de3d4b68c,5,20,1,100000.0
6804ad43a628d87a352cd5d9,676541cdbf85ec5de3d4b68c,5,20,8,100000.0
6804ad43a628d87a352cd5d9,676541cdbf85ec5de3d4b68c,5,20,8,100000.0
6804ad43a628d87a352cd5d9,676541cdbf85ec5de3d4b68c,5,20,8,100000.0
6804ad43a628d87a352cd5d9,676541cdbf85ec5de3d4b68c,5,20,7,100000.0
6804ad43a628d87a352cd5d9,676541cdbf85ec5de3d4b68c,5,20,8,100000.0
6804ad43a628d87a352cd5d9,676541cdbf85ec5de3d4b68c,5,20,7,100000.0
6804ad43a628d87a352cd5d9,676541cdbf85ec5de3d4b68c,5,20,9,100000.0
6804ad43a628d87a352cd5d9,676541cdbf85ec5de3d4b68c,5,20,10,100000.0
6804ad43a628d87a352cd5d9,676541cdbf85ec5de3d4b68c,5,20,9,100000.0
6804ad43a628d87a352cd5d9,676541cdbf85ec5de3d4b68c,5,20,9,100000.0
6804ad43a628d87a352cd5d9,676541cdbf85ec5de3d4b68c,5,20,9,100000.0
6804ad43a628d87a352cd5d9,676541cdbf85ec5de3d4b68c,5,20,8,100000.0
6804ad43a628d87a352cd5d9,676541cdbf85ec5de3d4b68c,5,20,6,100000.0
6804ad43a628d87a352cd5d9,676541cdbf85ec5de3d4b68c,5,20,6,100000.0
6804ad43a628d87a352cd5d9,676541cdbf85ec5de3d4b68c,5,20,6,100000.0
6804ad43a628d87a352cd5d9,676541cdbf85ec5de3d4b68c,5,20,7,100000.0
6804ad43a628d87a352cd5d9,676541cdbf85ec5de3d4b68c,5,20,7,100000.0
6804ad43a628d87a352cd5d9,676541cdbf85ec5de3d4b68c,5,20,6,100000.0
6804ad43a628d87a352cd5d9,676541cdbf85ec5de3d4b68c,5,20,5,100000.0
6804ad43a628d87a352cd5d9,676541cdbf85ec5de3d4b68c,5,20,5,100000.0
6804ad43a628d87a352cd5d9,676541cdbf85ec5de3d4b68c,5,20,5,100000.0
6804ad43a628d87a352cd5d9,676541cdbf85ec5de3d4b68c,5,20,4,100000.0
6804ad43a628d87a352cd5d9,676541cdbf85ec5de3d4b68c,5,20,5,100000.0
6804ad43a628d87a352cd5d9,676541cdbf85ec5de3d4b68c,5,20,5,100000.0
6804ad43a628d87a352cd5d9,676541cdbf85ec5de3d4b68c,6,19,11,149999.0
6804ad43a628d87a352cd5d9,676541cdbf85ec5de3d4b68c,6,19,12,149999.0
6804ad43a628d87a352cd5d9,676541cdbf85ec5de3d4b68c,6,19,11,149999.0
6804ad43a628d87a352cd5d9,676541cdbf85ec5de3d4b68c,6,19,12,149999.0
6804ad43a628d87a352cd5d9,676541cdbf85ec5de3d4b68c,6,19,12,149999.0
6804ad43a628d87a352cd5d9,676541cdbf85ec5de3d4b68c,6,19,12,149999.0
6804ad43a628d87a352cd5d9,676541cdbf85ec5de3d4b68c,6,19,11,149999.0
6804ad43a628d87a352cd5d9,676541cdbf85ec5de3d4b68c,6,19,11,149999.0
6804ad43a628d87a352cd5d9,676541cdbf85ec5de3d4b68c,6,19,11,149999.0
6804ad43a628d87a352cd5d9,676541cdbf85ec5de3d4b68c,6,19,10,149999.0
6804ad43a628d87a352cd5d9,676541cdbf85ec5de3d4b68c,6,19,10,149999.0
6804ad43a628d87a352cd5d9,676541cdbf85ec5de3d4b68c,6,19,10,149999.0
6804ad43a628d87a352cd5d9,676541cdbf85ec5de3d4b68c,6,19,2,149999.0
6804ad43a628d87a352cd5d9,676541cdbf85ec5de3d4b68c,6,19,2,149999.0
6804ad43a628d87a352cd5d9,676541cdbf85ec5de3d4b68c,6,19,2,149999.0
6804ad43a628d87a352cd5d9,676541cdbf85ec5de3d4b68c,6,19,3,149999.0
6804ad43a628d87a352cd5d9,676541cdbf85ec5de3d4b68c,6,19,3,149999.0
6804ad43a628d87a352cd5d9,676541cdbf85ec5de3d4b68c,6,19,3,149999.0
6804ad43a628d87a352cd5d9,676541cdbf85ec5de3d4b68c,6,19,1,149999.0
6804ad43a628d87a352cd5d9,676541cdbf85ec5de3d4b68c,6,19,2,149999.0
6804ad43a628d87a352cd5d9,676541cdbf85ec5de3d4b68c,6,19,1,149999.0
6804ad43a628d87a352cd5d9,676541cdbf85ec5de3d4b68c,6,19,1,149999.0
6804ad43a628d87a352cd5d9,676541cdbf85ec5de3d4b68c,6,19,1,149999.0
6804ad43a628d87a352cd5d9,676541cdbf85ec5de3d4b68c,6,19,1,149999.0
6804ad43a628d87a352cd5d9,676541cdbf85ec5de3d4b68c,6,19,8,149999.0
6804ad43a628d87a352cd5d9,676541cdbf85ec5de3d4b68c,6,19,8,149999.0
6804ad43a628d87a352cd5d9,676541cdbf85ec5de3d4b68c,6,19,8,149999.0
6804ad43a628d87a352cd5d9,676541cdbf85ec5de3d4b68c,6,19,7,149999.0
6804ad43a628d87a352cd5d9,676541cdbf85ec5de3d4b68c,6,19,8,149999.0
6804ad43a628d87a352cd5d9,676541cdbf85ec5de3d4b68c,6,19,7,149999.0
6804ad43a628d87a352cd5d9,676541cdbf85ec5de3d4b68c,6,19,9,149999.0
6804ad43a628d87a352cd5d9,676541cdbf85ec5de3d4b68c,6,19,10,149999.0
6804ad43a628d87a352cd5d9,676541cdbf85ec5de3d4b68c,6,19,9,149999.0
6804ad43a628d87a352cd5d9,676541cdbf85ec5de3d4b68c,6,19,9,149999.0
6804ad43a628d87a352cd5d9,676541cdbf85ec5de3d4b68c,6,19,9,149999.0
6804ad43a628d87a352cd5d9,676541cdbf85ec5de3d4b68c,6,19,8,149999.0
6804ad43a628d87a352cd5d9,676541cdbf85ec5de3d4b68c,6,19,5,149999.0
6804ad43a628d87a352cd5d9,676541cdbf85ec5de3d4b68c,6,19,5,149999.0
6804ad43a628d87a352cd5d9,676541cdbf85ec5de3d4b68c,6,19,5,149999.0
6804ad43a628d87a352cd5d9,676541cdbf85ec5de3d4b68c,6,19,6,149999.0
6804ad43a628d87a352cd5d9,676541cdbf85ec5de3d4b68c,6,19,5,149999.0
6804ad43a628d87a352cd5d9,676541cdbf85ec5de3d4b68c,6,19,5,149999.0
6804ad43a628d87a352cd5d9,676541cdbf85ec5de3d4b68c,6,19,6,149999.0
6804ad43a628d87a352cd5d9,676541cdbf85ec5de3d4b68c,6,19,4,149999.0
6804ad43a628d87a352cd5d9,676541cdbf85ec5de3d4b68c,6,19,7,149999.0
6804ad43a628d87a352cd5d9,676541cdbf85ec5de3d4b68c,6,19,6,149999.0
6804ad43a628d87a352cd5d9,676541cdbf85ec5de3d4b68c,6,19,6,149999.0
6804ad43a628d87a352cd5d9,676541cdbf85ec5de3d4b68c,6,19,7,149999.0
6804ad43a628d87a352cd5d9,676541cdbf85ec5de3d4b68c,6,18,11,149999.0
6804ad43a628d87a352cd5d9,676541cdbf85ec5de3d4b68c,6,18,12,149999.0
6804ad43a628d87a352cd5d9,676541cdbf85ec5de3d4b68c,6,18,11,149999.0
6804ad43a628d87a352cd5d9,676541cdbf85ec5de3d4b68c,6,18,12,149999.0
6804ad43a628d87a352cd5d9,676541cdbf85ec5de3d4b68c,6,18,12,149999.0
6804ad43a628d87a352cd5d9,676541cdbf85ec5de3d4b68c,6,18,12,149999.0
6804ad43a628d87a352cd5d9,676541cdbf85ec5de3d4b68c,6,18,11,149999.0
6804ad43a628d87a352cd5d9,676541cdbf85ec5de3d4b68c,6,18,11,149999.0
6804ad43a628d87a352cd5d9,676541cdbf85ec5de3d4b68c,6,18,11,149999.0
6804ad43a628d87a352cd5d9,676541cdbf85ec5de3d4b68c,6,18,10,149999.0
6804ad43a628d87a352cd5d9,676541cdbf85ec5de3d4b68c,6,18,10,149999.0
6804ad43a628d87a352cd5d9,676541cdbf85ec5de3d4b68c,6,18,10,149999.0
6804ad43a628d87a352cd5d9,676541cdbf85ec5de3d4b68c,6,18,2,149999.0
6804ad43a628d87a352cd5d9,676541cdbf85ec5de3d4b68c,6,18,2,149999.0
6804ad43a628d87a352cd5d9,676541cdbf85ec5de3d4b68c,6,18,2,149999.0
6804ad43a628d87a352cd5d9,676541cdbf85ec5de3d4b68c,6,18,3,149999.0
6804ad43a628d87a352cd5d9,676541cdbf85ec5de3d4b68c,6,18,8,149999.0
6804ad43a628d87a352cd5d9,676541cdbf85ec5de3d4b68c,6,18,3,149999.0
6804ad43a628d87a352cd5d9,676541cdbf85ec5de3d4b68c,6,18,3,149999.0
6804ad43a628d87a352cd5d9,676541cdbf85ec5de3d4b68c,6,18,8,149999.0
6804ad43a628d87a352cd5d9,676541cdbf85ec5de3d4b68c,6,18,1,149999.0
6804ad43a628d87a352cd5d9,676541cdbf85ec5de3d4b68c,6,18,2,149999.0
6804ad43a628d87a352cd5d9,676541cdbf85ec5de3d4b68c,6,18,8,149999.0
6804ad43a628d87a352cd5d9,676541cdbf85ec5de3d4b68c,6,18,1,149999.0
6804ad43a628d87a352cd5d9,676541cdbf85ec5de3d4b68c,6,18,7,149999.0
6804ad43a628d87a352cd5d9,676541cdbf85ec5de3d4b68c,6,18,5,149999.0
6804ad43a628d87a352cd5d9,676541cdbf85ec5de3d4b68c,6,18,1,149999.0
6804ad43a628d87a352cd5d9,676541cdbf85ec5de3d4b68c,6,18,5,149999.0
6804ad43a628d87a352cd5d9,676541cdbf85ec5de3d4b68c,6,18,6,149999.0
6804ad43a628d87a352cd5d9,676541cdbf85ec5de3d4b68c,6,18,1,149999.0
6804ad43a628d87a352cd5d9,676541cdbf85ec5de3d4b68c,6,18,9,149999.0
6804ad43a628d87a352cd5d9,676541cdbf85ec5de3d4b68c,6,18,1,149999.0
6804ad43a628d87a352cd5d9,676541cdbf85ec5de3d4b68c,6,18,5,149999.0
6804ad43a628d87a352cd5d9,676541cdbf85ec5de3d4b68c,6,18,6,149999.0
6804ad43a628d87a352cd5d9,676541cdbf85ec5de3d4b68c,6,18,10,149999.0
6804ad43a628d87a352cd5d9,676541cdbf85ec5de3d4b68c,6,18,8,149999.0
6804ad43a628d87a352cd5d9,676541cdbf85ec5de3d4b68c,6,18,7,149999.0
6804ad43a628d87a352cd5d9,676541cdbf85ec5de3d4b68c,6,18,9,149999.0
6804ad43a628d87a352cd5d9,676541cdbf85ec5de3d4b68c,6,18,6,149999.0
6804ad43a628d87a352cd5d9,676541cdbf85ec5de3d4b68c,6,18,7,149999.0
6804ad43a628d87a352cd5d9,676541cdbf85ec5de3d4b68c,6,18,7,149999.0
6804ad43a628d87a352cd5d9,676541cdbf85ec5de3d4b68c,6,18,5,149999.0
6804ad43a628d87a352cd5d9,676541cdbf85ec5de3d4b68c,6,18,9,149999.0
6804ad43a628d87a352cd5d9,676541cdbf85ec5de3d4b68c,6,18,6,149999.0
6804ad43a628d87a352cd5d9,676541cdbf85ec5de3d4b68c,6,18,9,149999.0
6804ad43a628d87a352cd5d9,676541cdbf85ec5de3d4b68c,6,18,5,149999.0
6804ad43a628d87a352cd5d9,676541cdbf85ec5de3d4b68c,6,18,4,149999.0
6804ad43a628d87a352cd5d9,676541cdbf85ec5de3d4b68c,6,18,8,149999.0
6804ad43a628d87a352cd5d9,676541cdbf85ec5de3d4b68c,6,20,11,149999.0
6804ad43a628d87a352cd5d9,676541cdbf85ec5de3d4b68c,6,20,12,149999.0
6804ad43a628d87a352cd5d9,676541cdbf85ec5de3d4b68c,6,20,11,149999.0
6804ad43a628d87a352cd5d9,676541cdbf85ec5de3d4b68c,6,20,12,149999.0
6804ad43a628d87a352cd5d9,676541cdbf85ec5de3d4b68c,6,20,12,149999.0
6804ad43a628d87a352cd5d9,676541cdbf85ec5de3d4b68c,6,20,12,149999.0
6804ad43a628d87a352cd5d9,676541cdbf85ec5de3d4b68c,6,20,11,149999.0
6804ad43a628d87a352cd5d9,676541cdbf85ec5de3d4b68c,6,20,11,149999.0
6804ad43a628d87a352cd5d9,676541cdbf85ec5de3d4b68c,6,20,11,149999.0
6804ad43a628d87a352cd5d9,676541cdbf85ec5de3d4b68c,6,20,8,149999.0
6804ad43a628d87a352cd5d9,676541cdbf85ec5de3d4b68c,6,20,10,149999.0
6804ad43a628d87a352cd5d9,676541cdbf85ec5de3d4b68c,6,20,8,149999.0
6804ad43a628d87a352cd5d9,676541cdbf85ec5de3d4b68c,6,20,10,149999.0
6804ad43a628d87a352cd5d9,676541cdbf85ec5de3d4b68c,6,20,8,149999.0
6804ad43a628d87a352cd5d9,676541cdbf85ec5de3d4b68c,6,20,10,149999.0
6804ad43a628d87a352cd5d9,676541cdbf85ec5de3d4b68c,6,20,7,149999.0
6804ad43a628d87a352cd5d9,676541cdbf85ec5de3d4b68c,6,20,8,149999.0
6804ad43a628d87a352cd5d9,676541cdbf85ec5de3d4b68c,6,20,7,149999.0
6804ad43a628d87a352cd5d9,676541cdbf85ec5de3d4b68c,6,20,2,149999.0
6804ad43a628d87a352cd5d9,676541cdbf85ec5de3d4b68c,6,20,2,149999.0
6804ad43a628d87a352cd5d9,676541cdbf85ec5de3d4b68c,6,20,9,149999.0
6804ad43a628d87a352cd5d9,676541cdbf85ec5de3d4b68c,6,20,2,149999.0
6804ad43a628d87a352cd5d9,676541cdbf85ec5de3d4b68c,6,20,10,149999.0
6804ad43a628d87a352cd5d9,676541cdbf85ec5de3d4b68c,6,20,9,149999.0
6804ad43a628d87a352cd5d9,676541cdbf85ec5de3d4b68c,6,20,3,149999.0
6804ad43a628d87a352cd5d9,676541cdbf85ec5de3d4b68c,6,20,3,149999.0
6804ad43a628d87a352cd5d9,676541cdbf85ec5de3d4b68c,6,20,9,149999.0
6804ad43a628d87a352cd5d9,676541cdbf85ec5de3d4b68c,6,20,9,149999.0
6804ad43a628d87a352cd5d9,676541cdbf85ec5de3d4b68c,6,20,8,149999.0
6804ad43a628d87a352cd5d9,676541cdbf85ec5de3d4b68c,6,20,5,149999.0
6804ad43a628d87a352cd5d9,676541cdbf85ec5de3d4b68c,6,20,6,149999.0
6804ad43a628d87a352cd5d9,676541cdbf85ec5de3d4b68c,6,20,6,149999.0
6804ad43a628d87a352cd5d9,676541cdbf85ec5de3d4b68c,6,20,6,149999.0
6804ad43a628d87a352cd5d9,676541cdbf85ec5de3d4b68c,6,20,7,149999.0
6804ad43a628d87a352cd5d9,676541cdbf85ec5de3d4b68c,6,20,7,149999.0
6804ad43a628d87a352cd5d9,676541cdbf85ec5de3d4b68c,6,20,6,149999.0
6804ad43a628d87a352cd5d9,676541cdbf85ec5de3d4b68c,6,20,1,149999.0
6804ad43a628d87a352cd5d9,676541cdbf85ec5de3d4b68c,6,20,5,149999.0
6804ad43a628d87a352cd5d9,676541cdbf85ec5de3d4b68c,6,20,5,149999.0
6804ad43a628d87a352cd5d9,676541cdbf85ec5de3d4b68c,6,20,1,149999.0
6804ad43a628d87a352cd5d9,676541cdbf85ec5de3d4b68c,6,20,2,149999.0
6804ad43a628d87a352cd5d9,676541cdbf85ec5de3d4b68c,6,20,4,149999.0
6804ad43a628d87a352cd5d9,676541cdbf85ec5de3d4b68c,6,20,1,149999.0
6804ad43a628d87a352cd5d9,676541cdbf85ec5de3d4b68c,6,20,5,149999.0
6804ad43a628d87a352cd5d9,676541cdbf85ec5de3d4b68c,6,20,1,149999.0
6804ad43a628d87a352cd5d9,676541cdbf85ec5de3d4b68c,6,20,1,149999.0
6804ad43a628d87a352cd5d9,676541cdbf85ec5de3d4b68c,6,20,3,149999.0
6804ad43a628d87a352cd5d9,676541cdbf85ec5de3d4b68c,6,20,5,149999.0
6804ad43a628d87a352cd5d9,676541cdbf85ec5de3d4b68c,6,21,11,149999.0
6804ad43a628d87a352cd5d9,676541cdbf85ec5de3d4b68c,6,21,12,149999.0
6804ad43a628d87a352cd5d9,676541cdbf85ec5de3d4b68c,6,21,11,149999.0
6804ad43a628d87a352cd5d9,676541cdbf85ec5de3d4b68c,6,21,12,149999.0
6804ad43a628d87a352cd5d9,676541cdbf85ec5de3d4b68c,6,21,12,149999.0
6804ad43a628d87a352cd5d9,676541cdbf85ec5de3d4b68c,6,21,12,149999.0
6804ad43a628d87a352cd5d9,676541cdbf85ec5de3d4b68c,6,21,11,149999.0
6804ad43a628d87a352cd5d9,676541cdbf85ec5de3d4b68c,6,21,11,149999.0
6804ad43a628d87a352cd5d9,676541cdbf85ec5de3d4b68c,6,21,11,149999.0
6804ad43a628d87a352cd5d9,676541cdbf85ec5de3d4b68c,6,21,10,149999.0
6804ad43a628d87a352cd5d9,676541cdbf85ec5de3d4b68c,6,21,10,149999.0
6804ad43a628d87a352cd5d9,676541cdbf85ec5de3d4b68c,6,21,10,149999.0
6804ad43a628d87a352cd5d9,676541cdbf85ec5de3d4b68c,6,21,8,149999.0
6804ad43a628d87a352cd5d9,676541cdbf85ec5de3d4b68c,6,21,8,149999.0
6804ad43a628d87a352cd5d9,676541cdbf85ec5de3d4b68c,6,21,2,149999.0
6804ad43a628d87a352cd5d9,676541cdbf85ec5de3d4b68c,6,21,2,149999.0
6804ad43a628d87a352cd5d9,676541cdbf85ec5de3d4b68c,6,21,8,149999.0
6804ad43a628d87a352cd5d9,676541cdbf85ec5de3d4b68c,6,21,2,149999.0
6804ad43a628d87a352cd5d9,676541cdbf85ec5de3d4b68c,6,21,7,149999.0
6804ad43a628d87a352cd5d9,676541cdbf85ec5de3d4b68c,6,21,3,149999.0
6804ad43a628d87a352cd5d9,676541cdbf85ec5de3d4b68c,6,21,8,149999.0
6804ad43a628d87a352cd5d9,676541cdbf85ec5de3d4b68c,6,21,3,149999.0
6804ad43a628d87a352cd5d9,676541cdbf85ec5de3d4b68c,6,21,7,149999.0
6804ad43a628d87a352cd5d9,676541cdbf85ec5de3d4b68c,6,21,3,149999.0
6804ad43a628d87a352cd5d9,676541cdbf85ec5de3d4b68c,6,21,1,149999.0
6804ad43a628d87a352cd5d9,676541cdbf85ec5de3d4b68c,6,21,9,149999.0
6804ad43a628d87a352cd5d9,676541cdbf85ec5de3d4b68c,6,21,2,149999.0
6804ad43a628d87a352cd5d9,676541cdbf85ec5de3d4b68c,6,21,1,149999.0
6804ad43a628d87a352cd5d9,676541cdbf85ec5de3d4b68c,6,21,10,149999.0
6804ad43a628d87a352cd5d9,676541cdbf85ec5de3d4b68c,6,21,9,149999.0
6804ad43a628d87a352cd5d9,676541cdbf85ec5de3d4b68c,6,21,1,149999.0
6804ad43a628d87a352cd5d9,676541cdbf85ec5de3d4b68c,6,21,1,149999.0
6804ad43a628d87a352cd5d9,676541cdbf85ec5de3d4b68c,6,21,9,149999.0
6804ad43a628d87a352cd5d9,676541cdbf85ec5de3d4b68c,6,21,1,149999.0
6804ad43a628d87a352cd5d9,676541cdbf85ec5de3d4b68c,6,21,9,149999.0
6804ad43a628d87a352cd5d9,676541cdbf85ec5de3d4b68c,6,21,8,149999.0
6804ad43a628d87a352cd5d9,676541cdbf85ec5de3d4b68c,6,21,5,149999.0
6804ad43a628d87a352cd5d9,676541cdbf85ec5de3d4b68c,6,21,6,149999.0
6804ad43a628d87a352cd5d9,676541cdbf85ec5de3d4b68c,6,21,6,149999.0
6804ad43a628d87a352cd5d9,676541cdbf85ec5de3d4b68c,6,21,5,149999.0
6804ad43a628d87a352cd5d9,676541cdbf85ec5de3d4b68c,6,21,5,149999.0
6804ad43a628d87a352cd5d9,676541cdbf85ec5de3d4b68c,6,21,4,149999.0
6804ad43a628d87a352cd5d9,676541cdbf85ec5de3d4b68c,6,21,5,149999.0
6804ad43a628d87a352cd5d9,676541cdbf85ec5de3d4b68c,6,21,5,149999.0
6804ad43a628d87a352cd5d9,676541cdbf85ec5de3d4b68c,6,21,6,149999.0
6804ad43a628d87a352cd5d9,676541cdbf85ec5de3d4b68c,6,21,7,149999.0
6804ad43a628d87a352cd5d9,676541cdbf85ec5de3d4b68c,6,21,6,149999.0
6804ad43a628d87a352cd5d9,676541cdbf85ec5de3d4b68c,6,21,7,149999.0
6804ac28a628d87a352cd5d5,676541a9bf85ec5de3d4b68b,1,6,11,180000.0
6804ac28a628d87a352cd5d5,676541a9bf85ec5de3d4b68b,1,6,12,180000.0
6804ac28a628d87a352cd5d5,676541a9bf85ec5de3d4b68b,1,6,11,180000.0
6804ac28a628d87a352cd5d5,676541a9bf85ec5de3d4b68b,1,6,12,180000.0
6804ac28a628d87a352cd5d5,676541a9bf85ec5de3d4b68b,1,6,12,180000.0
6804ac28a628d87a352cd5d5,676541a9bf85ec5de3d4b68b,1,6,12,180000.0
6804ac28a628d87a352cd5d5,676541a9bf85ec5de3d4b68b,1,6,10,180000.0
6804ac28a628d87a352cd5d5,676541a9bf85ec5de3d4b68b,1,6,11,180000.0
6804ac28a628d87a352cd5d5,676541a9bf85ec5de3d4b68b,1,6,11,180000.0
6804ac28a628d87a352cd5d5,676541a9bf85ec5de3d4b68b,1,6,10,180000.0
6804ac28a628d87a352cd5d5,676541a9bf85ec5de3d4b68b,1,6,10,180000.0
6804ac28a628d87a352cd5d5,676541a9bf85ec5de3d4b68b,1,6,10,180000.0
6804ac28a628d87a352cd5d5,676541a9bf85ec5de3d4b68b,1,6,2,180000.0
6804ac28a628d87a352cd5d5,676541a9bf85ec5de3d4b68b,1,6,2,180000.0
6804ac28a628d87a352cd5d5,676541a9bf85ec5de3d4b68b,1,6,2,180000.0
6804ac28a628d87a352cd5d5,676541a9bf85ec5de3d4b68b,1,6,3,180000.0
6804ac28a628d87a352cd5d5,676541a9bf85ec5de3d4b68b,1,6,3,180000.0
6804ac28a628d87a352cd5d5,676541a9bf85ec5de3d4b68b,1,6,3,180000.0
6804ac28a628d87a352cd5d5,676541a9bf85ec5de3d4b68b,1,6,1,180000.0
6804ac28a628d87a352cd5d5,676541a9bf85ec5de3d4b68b,1,6,2,180000.0
6804ac28a628d87a352cd5d5,676541a9bf85ec5de3d4b68b,1,6,1,180000.0
6804ac28a628d87a352cd5d5,676541a9bf85ec5de3d4b68b,1,6,1,180000.0
6804ac28a628d87a352cd5d5,676541a9bf85ec5de3d4b68b,1,6,1,180000.0
6804ac28a628d87a352cd5d5,676541a9bf85ec5de3d4b68b,1,6,12,180000.0
6804ac28a628d87a352cd5d5,676541a9bf85ec5de3d4b68b,1,6,8,180000.0
6804ac28a628d87a352cd5d5,676541a9bf85ec5de3d4b68b,1,6,8,180000.0
6804ac28a628d87a352cd5d5,676541a9bf85ec5de3d4b68b,1,6,8,180000.0
6804ac28a628d87a352cd5d5,676541a9bf85ec5de3d4b68b,1,6,7,180000.0
6804ac28a628d87a352cd5d5,676541a9bf85ec5de3d4b68b,1,6,7,180000.0
6804ac28a628d87a352cd5d5,676541a9bf85ec5de3d4b68b,1,6,7,180000.0
6804ac28a628d87a352cd5d5,676541a9bf85ec5de3d4b68b,1,6,9,180000.0
6804ac28a628d87a352cd5d5,676541a9bf85ec5de3d4b68b,1,6,9,180000.0
6804ac28a628d87a352cd5d5,676541a9bf85ec5de3d4b68b,1,6,9,180000.0
6804ac28a628d87a352cd5d5,676541a9bf85ec5de3d4b68b,1,6,9,180000.0
6804ac28a628d87a352cd5d5,676541a9bf85ec5de3d4b68b,1,6,9,180000.0
6804ac28a628d87a352cd5d5,676541a9bf85ec5de3d4b68b,1,6,8,180000.0
6804ac28a628d87a352cd5d5,676541a9bf85ec5de3d4b68b,1,6,6,180000.0
6804ac28a628d87a352cd5d5,676541a9bf85ec5de3d4b68b,1,6,6,180000.0
6804ac28a628d87a352cd5d5,676541a9bf85ec5de3d4b68b,1,6,6,180000.0
6804ac28a628d87a352cd5d5,676541a9bf85ec5de3d4b68b,1,6,6,180000.0
6804ac28a628d87a352cd5d5,676541a9bf85ec5de3d4b68b,1,6,7,180000.0
6804ac28a628d87a352cd5d5,676541a9bf85ec5de3d4b68b,1,6,6,180000.0
6804ac28a628d87a352cd5d5,676541a9bf85ec5de3d4b68b,1,6,5,180000.0
6804ac28a628d87a352cd5d5,676541a9bf85ec5de3d4b68b,1,6,4,180000.0
6804ac28a628d87a352cd5d5,676541a9bf85ec5de3d4b68b,1,6,5,180000.0
6804ac28a628d87a352cd5d5,676541a9bf85ec5de3d4b68b,1,6,4,180000.0
6804ac28a628d87a352cd5d5,676541a9bf85ec5de3d4b68b,1,6,5,180000.0
6804ac28a628d87a352cd5d5,676541a9bf85ec5de3d4b68b,1,6,5,180000.0
6804ac28a628d87a352cd5d5,676541a9bf85ec5de3d4b68b,1,17,11,180000.0
6804ac28a628d87a352cd5d5,676541a9bf85ec5de3d4b68b,1,17,12,180000.0
6804ac28a628d87a352cd5d5,676541a9bf85ec5de3d4b68b,1,17,11,180000.0
6804ac28a628d87a352cd5d5,676541a9bf85ec5de3d4b68b,1,17,12,180000.0
6804ac28a628d87a352cd5d5,676541a9bf85ec5de3d4b68b,1,17,12,180000.0
6804ac28a628d87a352cd5d5,676541a9bf85ec5de3d4b68b,1,17,12,180000.0
6804ac28a628d87a352cd5d5,676541a9bf85ec5de3d4b68b,1,17,10,180000.0
6804ac28a628d87a352cd5d5,676541a9bf85ec5de3d4b68b,1,17,11,180000.0
6804ac28a628d87a352cd5d5,676541a9bf85ec5de3d4b68b,1,17,11,180000.0
6804ac28a628d87a352cd5d5,676541a9bf85ec5de3d4b68b,1,17,10,180000.0
6804ac28a628d87a352cd5d5,676541a9bf85ec5de3d4b68b,1,17,10,180000.0
6804ac28a628d87a352cd5d5,676541a9bf85ec5de3d4b68b,1,17,10,180000.0
6804ac28a628d87a352cd5d5,676541a9bf85ec5de3d4b68b,1,17,2,180000.0
6804ac28a628d87a352cd5d5,676541a9bf85ec5de3d4b68b,1,17,2,180000.0
6804ac28a628d87a352cd5d5,676541a9bf85ec5de3d4b68b,1,17,2,180000.0
6804ac28a628d87a352cd5d5,676541a9bf85ec5de3d4b68b,1,17,3,180000.0
6804ac28a628d87a352cd5d5,676541a9bf85ec5de3d4b68b,1,17,3,180000.0
6804ac28a628d87a352cd5d5,676541a9bf85ec5de3d4b68b,1,17,3,180000.0
6804ac28a628d87a352cd5d5,676541a9bf85ec5de3d4b68b,1,17,1,180000.0
6804ac28a628d87a352cd5d5,676541a9bf85ec5de3d4b68b,1,17,2,180000.0
6804ac28a628d87a352cd5d5,676541a9bf85ec5de3d4b68b,1,17,1,180000.0
6804ac28a628d87a352cd5d5,676541a9bf85ec5de3d4b68b,1,17,1,180000.0
6804ac28a628d87a352cd5d5,676541a9bf85ec5de3d4b68b,1,17,1,180000.0
6804ac28a628d87a352cd5d5,676541a9bf85ec5de3d4b68b,1,17,12,180000.0
6804ac28a628d87a352cd5d5,676541a9bf85ec5de3d4b68b,1,17,8,180000.0
6804ac28a628d87a352cd5d5,676541a9bf85ec5de3d4b68b,1,17,8,180000.0
6804ac28a628d87a352cd5d5,676541a9bf85ec5de3d4b68b,1,17,8,180000.0
6804ac28a628d87a352cd5d5,676541a9bf85ec5de3d4b68b,1,17,7,180000.0
6804ac28a628d87a352cd5d5,676541a9bf85ec5de3d4b68b,1,17,7,180000.0
6804ac28a628d87a352cd5d5,676541a9bf85ec5de3d4b68b,1,17,7,180000.0
6804ac28a628d87a352cd5d5,676541a9bf85ec5de3d4b68b,1,17,9,180000.0
6804ac28a628d87a352cd5d5,676541a9bf85ec5de3d4b68b,1,17,9,180000.0
6804ac28a628d87a352cd5d5,676541a9bf85ec5de3d4b68b,1,17,9,180000.0
6804ac28a628d87a352cd5d5,676541a9bf85ec5de3d4b68b,1,17,9,180000.0
6804ac28a628d87a352cd5d5,676541a9bf85ec5de3d4b68b,1,17,9,180000.0
6804ac28a628d87a352cd5d5,676541a9bf85ec5de3d4b68b,1,17,8,180000.0
6804ac28a628d87a352cd5d5,676541a9bf85ec5de3d4b68b,1,17,6,180000.0
6804ac28a628d87a352cd5d5,676541a9bf85ec5de3d4b68b,1,17,7,180000.0
6804ac28a628d87a352cd5d5,676541a9bf85ec5de3d4b68b,1,17,6,180000.0
6804ac28a628d87a352cd5d5,676541a9bf85ec5de3d4b68b,1,17,6,180000.0
6804ac28a628d87a352cd5d5,676541a9bf85ec5de3d4b68b,1,17,6,180000.0
6804ac28a628d87a352cd5d5,676541a9bf85ec5de3d4b68b,1,17,6,180000.0
6804ac28a628d87a352cd5d5,676541a9bf85ec5de3d4b68b,1,17,5,180000.0
6804ac28a628d87a352cd5d5,676541a9bf85ec5de3d4b68b,1,17,4,180000.0
6804ac28a628d87a352cd5d5,676541a9bf85ec5de3d4b68b,1,17,5,180000.0
6804ac28a628d87a352cd5d5,676541a9bf85ec5de3d4b68b,1,17,4,180000.0
6804ac28a628d87a352cd5d5,676541a9bf85ec5de3d4b68b,1,17,5,180000.0
6804ac28a628d87a352cd5d5,676541a9bf85ec5de3d4b68b,1,17,5,180000.0
6804ac28a628d87a352cd5d5,676541a9bf85ec5de3d4b68b,1,18,11,180000.0
6804ac28a628d87a352cd5d5,676541a9bf85ec5de3d4b68b,1,18,12,180000.0
6804ac28a628d87a352cd5d5,676541a9bf85ec5de3d4b68b,1,18,11,180000.0
6804ac28a628d87a352cd5d5,676541a9bf85ec5de3d4b68b,1,18,12,180000.0
6804ac28a628d87a352cd5d5,676541a9bf85ec5de3d4b68b,1,18,12,180000.0
6804ac28a628d87a352cd5d5,676541a9bf85ec5de3d4b68b,1,18,12,180000.0
6804ac28a628d87a352cd5d5,676541a9bf85ec5de3d4b68b,1,18,10,180000.0
6804ac28a628d87a352cd5d5,676541a9bf85ec5de3d4b68b,1,18,11,180000.0
6804ac28a628d87a352cd5d5,676541a9bf85ec5de3d4b68b,1,18,11,180000.0
6804ac28a628d87a352cd5d5,676541a9bf85ec5de3d4b68b,1,18,10,180000.0
6804ac28a628d87a352cd5d5,676541a9bf85ec5de3d4b68b,1,18,10,180000.0
6804ac28a628d87a352cd5d5,676541a9bf85ec5de3d4b68b,1,18,10,180000.0
6804ac28a628d87a352cd5d5,676541a9bf85ec5de3d4b68b,1,18,2,180000.0
6804ac28a628d87a352cd5d5,676541a9bf85ec5de3d4b68b,1,18,2,180000.0
6804ac28a628d87a352cd5d5,676541a9bf85ec5de3d4b68b,1,18,2,180000.0
6804ac28a628d87a352cd5d5,676541a9bf85ec5de3d4b68b,1,18,3,180000.0
6804ac28a628d87a352cd5d5,676541a9bf85ec5de3d4b68b,1,18,3,180000.0
6804ac28a628d87a352cd5d5,676541a9bf85ec5de3d4b68b,1,18,3,180000.0
6804ac28a628d87a352cd5d5,676541a9bf85ec5de3d4b68b,1,18,1,180000.0
6804ac28a628d87a352cd5d5,676541a9bf85ec5de3d4b68b,1,18,2,180000.0
6804ac28a628d87a352cd5d5,676541a9bf85ec5de3d4b68b,1,18,1,180000.0
6804ac28a628d87a352cd5d5,676541a9bf85ec5de3d4b68b,1,18,1,180000.0
6804ac28a628d87a352cd5d5,676541a9bf85ec5de3d4b68b,1,18,1,180000.0
6804ac28a628d87a352cd5d5,676541a9bf85ec5de3d4b68b,1,18,12,180000.0
6804ac28a628d87a352cd5d5,676541a9bf85ec5de3d4b68b,1,18,8,180000.0
6804ac28a628d87a352cd5d5,676541a9bf85ec5de3d4b68b,1,18,8,180000.0
6804ac28a628d87a352cd5d5,676541a9bf85ec5de3d4b68b,1,18,8,180000.0
6804ac28a628d87a352cd5d5,676541a9bf85ec5de3d4b68b,1,18,7,180000.0
6804ac28a628d87a352cd5d5,676541a9bf85ec5de3d4b68b,1,18,7,180000.0
6804ac28a628d87a352cd5d5,676541a9bf85ec5de3d4b68b,1,18,7,180000.0
6804ac28a628d87a352cd5d5,676541a9bf85ec5de3d4b68b,1,18,9,180000.0
6804ac28a628d87a352cd5d5,676541a9bf85ec5de3d4b68b,1,18,9,180000.0
6804ac28a628d87a352cd5d5,676541a9bf85ec5de3d4b68b,1,18,9,180000.0
6804ac28a628d87a352cd5d5,676541a9bf85ec5de3d4b68b,1,18,9,180000.0
6804ac28a628d87a352cd5d5,676541a9bf85ec5de3d4b68b,1,18,9,180000.0
6804ac28a628d87a352cd5d5,676541a9bf85ec5de3d4b68b,1,18,8,180000.0
6804ac28a628d87a352cd5d5,676541a9bf85ec5de3d4b68b,1,18,6,180000.0
6804ac28a628d87a352cd5d5,676541a9bf85ec5de3d4b68b,1,18,6,180000.0
6804ac28a628d87a352cd5d5,676541a9bf85ec5de3d4b68b,1,18,6,180000.0
6804ac28a628d87a352cd5d5,676541a9bf85ec5de3d4b68b,1,18,6,180000.0
6804ac28a628d87a352cd5d5,676541a9bf85ec5de3d4b68b,1,18,7,180000.0
6804ac28a628d87a352cd5d5,676541a9bf85ec5de3d4b68b,1,18,6,180000.0
6804ac28a628d87a352cd5d5,676541a9bf85ec5de3d4b68b,1,18,5,180000.0
6804ac28a628d87a352cd5d5,676541a9bf85ec5de3d4b68b,1,18,5,180000.0
6804ac28a628d87a352cd5d5,676541a9bf85ec5de3d4b68b,1,18,5,180000.0
6804ac28a628d87a352cd5d5,676541a9bf85ec5de3d4b68b,1,18,4,180000.0
6804ac28a628d87a352cd5d5,676541a9bf85ec5de3d4b68b,1,18,5,180000.0
6804ac28a628d87a352cd5d5,676541a9bf85ec5de3d4b68b,1,18,4,180000.0
6804ac28a628d87a352cd5d5,676541a9bf85ec5de3d4b68b,1,19,11,180000.0
6804ac28a628d87a352cd5d5,676541a9bf85ec5de3d4b68b,1,19,12,180000.0
6804ac28a628d87a352cd5d5,676541a9bf85ec5de3d4b68b,1,19,11,180000.0
6804ac28a628d87a352cd5d5,676541a9bf85ec5de3d4b68b,1,19,12,180000.0
6804ac28a628d87a352cd5d5,676541a9bf85ec5de3d4b68b,1,19,12,180000.0
6804ac28a628d87a352cd5d5,676541a9bf85ec5de3d4b68b,1,19,12,180000.0
6804ac28a628d87a352cd5d5,676541a9bf85ec5de3d4b68b,1,19,10,180000.0
6804ac28a628d87a352cd5d5,676541a9bf85ec5de3d4b68b,1,19,11,180000.0
6804ac28a628d87a352cd5d5,676541a9bf85ec5de3d4b68b,1,19,11,180000.0
6804ac28a628d87a352cd5d5,676541a9bf85ec5de3d4b68b,1,19,10,180000.0
6804ac28a628d87a352cd5d5,676541a9bf85ec5de3d4b68b,1,19,10,180000.0
6804ac28a628d87a352cd5d5,676541a9bf85ec5de3d4b68b,1,19,10,180000.0
6804ac28a628d87a352cd5d5,676541a9bf85ec5de3d4b68b,1,19,2,180000.0
6804ac28a628d87a352cd5d5,676541a9bf85ec5de3d4b68b,1,19,2,180000.0
6804ac28a628d87a352cd5d5,676541a9bf85ec5de3d4b68b,1,19,2,180000.0
6804ac28a628d87a352cd5d5,676541a9bf85ec5de3d4b68b,1,19,3,180000.0
6804ac28a628d87a352cd5d5,676541a9bf85ec5de3d4b68b,1,19,3,180000.0
6804ac28a628d87a352cd5d5,676541a9bf85ec5de3d4b68b,1,19,8,180000.0
6804ac28a628d87a352cd5d5,676541a9bf85ec5de3d4b68b,1,19,3,180000.0
6804ac28a628d87a352cd5d5,676541a9bf85ec5de3d4b68b,1,19,8,180000.0
6804ac28a628d87a352cd5d5,676541a9bf85ec5de3d4b68b,1,19,8,180000.0
6804ac28a628d87a352cd5d5,676541a9bf85ec5de3d4b68b,1,19,7,180000.0
6804ac28a628d87a352cd5d5,676541a9bf85ec5de3d4b68b,1,19,1,180000.0
6804ac28a628d87a352cd5d5,676541a9bf85ec5de3d4b68b,1,19,7,180000.0
6804ac28a628d87a352cd5d5,676541a9bf85ec5de3d4b68b,1,19,2,180000.0
6804ac28a628d87a352cd5d5,676541a9bf85ec5de3d4b68b,1,19,7,180000.0
6804ac28a628d87a352cd5d5,676541a9bf85ec5de3d4b68b,1,19,1,180000.0
6804ac28a628d87a352cd5d5,676541a9bf85ec5de3d4b68b,1,19,9,180000.0
6804ac28a628d87a352cd5d5,676541a9bf85ec5de3d4b68b,1,19,9,180000.0
6804ac28a628d87a352cd5d5,676541a9bf85ec5de3d4b68b,1,19,9,180000.0
6804ac28a628d87a352cd5d5,676541a9bf85ec5de3d4b68b,1,19,1,180000.0
6804ac28a628d87a352cd5d5,676541a9bf85ec5de3d4b68b,1,19,9,180000.0
6804ac28a628d87a352cd5d5,676541a9bf85ec5de3d4b68b,1,19,1,180000.0
6804ac28a628d87a352cd5d5,676541a9bf85ec5de3d4b68b,1,19,9,180000.0
6804ac28a628d87a352cd5d5,676541a9bf85ec5de3d4b68b,1,19,8,180000.0
6804ac28a628d87a352cd5d5,676541a9bf85ec5de3d4b68b,1,19,12,180000.0
6804ac28a628d87a352cd5d5,676541a9bf85ec5de3d4b68b,1,19,6,180000.0
6804ac28a628d87a352cd5d5,676541a9bf85ec5de3d4b68b,1,19,6,180000.0
6804ac28a628d87a352cd5d5,676541a9bf85ec5de3d4b68b,1,19,5,180000.0
6804ac28a628d87a352cd5d5,676541a9bf85ec5de3d4b68b,1,19,6,180000.0
6804ac28a628d87a352cd5d5,676541a9bf85ec5de3d4b68b,1,19,5,180000.0
6804ac28a628d87a352cd5d5,676541a9bf85ec5de3d4b68b,1,19,4,180000.0
6804ac28a628d87a352cd5d5,676541a9bf85ec5de3d4b68b,1,19,5,180000.0
6804ac28a628d87a352cd5d5,676541a9bf85ec5de3d4b68b,1,19,5,180000.0
6804ac28a628d87a352cd5d5,676541a9bf85ec5de3d4b68b,1,19,6,180000.0
6804ac28a628d87a352cd5d5,676541a9bf85ec5de3d4b68b,1,19,7,180000.0
6804ac28a628d87a352cd5d5,676541a9bf85ec5de3d4b68b,1,19,4,180000.0
6804ac28a628d87a352cd5d5,676541a9bf85ec5de3d4b68b,1,19,6,180000.0
6804ac28a628d87a352cd5d5,676541a9bf85ec5de3d4b68b,2,8,11,180000.0
6804ac28a628d87a352cd5d5,676541a9bf85ec5de3d4b68b,2,8,12,180000.0
6804ac28a628d87a352cd5d5,676541a9bf85ec5de3d4b68b,2,8,11,180000.0
6804ac28a628d87a352cd5d5,676541a9bf85ec5de3d4b68b,2,8,12,180000.0
6804ac28a628d87a352cd5d5,676541a9bf85ec5de3d4b68b,2,8,12,180000.0
6804ac28a628d87a352cd5d5,676541a9bf85ec5de3d4b68b,2,8,12,180000.0
6804ac28a628d87a352cd5d5,676541a9bf85ec5de3d4b68b,2,8,10,180000.0
6804ac28a628d87a352cd5d5,676541a9bf85ec5de3d4b68b,2,8,11,180000.0
6804ac28a628d87a352cd5d5,676541a9bf85ec5de3d4b68b,2,8,11,180000.0
6804ac28a628d87a352cd5d5,676541a9bf85ec5de3d4b68b,2,8,10,180000.0
6804ac28a628d87a352cd5d5,676541a9bf85ec5de3d4b68b,2,8,10,180000.0
6804ac28a628d87a352cd5d5,676541a9bf85ec5de3d4b68b,2,8,10,180000.0
6804ac28a628d87a352cd5d5,676541a9bf85ec5de3d4b68b,2,8,2,180000.0
6804ac28a628d87a352cd5d5,676541a9bf85ec5de3d4b68b,2,8,2,180000.0
6804ac28a628d87a352cd5d5,676541a9bf85ec5de3d4b68b,2,8,2,180000.0
6804ac28a628d87a352cd5d5,676541a9bf85ec5de3d4b68b,2,8,3,180000.0
6804ac28a628d87a352cd5d5,676541a9bf85ec5de3d4b68b,2,8,3,180000.0
6804ac28a628d87a352cd5d5,676541a9bf85ec5de3d4b68b,2,8,3,180000.0
6804ac28a628d87a352cd5d5,676541a9bf85ec5de3d4b68b,2,8,8,180000.0
6804ac28a628d87a352cd5d5,676541a9bf85ec5de3d4b68b,2,8,8,180000.0
6804ac28a628d87a352cd5d5,676541a9bf85ec5de3d4b68b,2,8,8,180000.0
6804ac28a628d87a352cd5d5,676541a9bf85ec5de3d4b68b,2,8,7,180000.0
6804ac28a628d87a352cd5d5,676541a9bf85ec5de3d4b68b,2,8,1,180000.0
6804ac28a628d87a352cd5d5,676541a9bf85ec5de3d4b68b,2,8,7,180000.0
6804ac28a628d87a352cd5d5,676541a9bf85ec5de3d4b68b,2,8,2,180000.0
6804ac28a628d87a352cd5d5,676541a9bf85ec5de3d4b68b,2,8,7,180000.0
6804ac28a628d87a352cd5d5,676541a9bf85ec5de3d4b68b,2,8,9,180000.0
6804ac28a628d87a352cd5d5,676541a9bf85ec5de3d4b68b,2,8,9,180000.0
6804ac28a628d87a352cd5d5,676541a9bf85ec5de3d4b68b,2,8,9,180000.0
6804ac28a628d87a352cd5d5,676541a9bf85ec5de3d4b68b,2,8,1,180000.0
6804ac28a628d87a352cd5d5,676541a9bf85ec5de3d4b68b,2,8,9,180000.0
6804ac28a628d87a352cd5d5,676541a9bf85ec5de3d4b68b,2,8,1,180000.0
6804ac28a628d87a352cd5d5,676541a9bf85ec5de3d4b68b,2,8,1,180000.0
6804ac28a628d87a352cd5d5,676541a9bf85ec5de3d4b68b,2,8,9,180000.0
6804ac28a628d87a352cd5d5,676541a9bf85ec5de3d4b68b,2,8,8,180000.0
6804ac28a628d87a352cd5d5,676541a9bf85ec5de3d4b68b,2,8,5,180000.0
6804ac28a628d87a352cd5d5,676541a9bf85ec5de3d4b68b,2,8,6,180000.0
6804ac28a628d87a352cd5d5,676541a9bf85ec5de3d4b68b,2,8,5,180000.0
6804ac28a628d87a352cd5d5,676541a9bf85ec5de3d4b68b,2,8,12,180000.0
6804ac28a628d87a352cd5d5,676541a9bf85ec5de3d4b68b,2,8,6,180000.0
6804ac28a628d87a352cd5d5,676541a9bf85ec5de3d4b68b,2,8,5,180000.0
6804ac28a628d87a352cd5d5,676541a9bf85ec5de3d4b68b,2,8,4,180000.0
6804ac28a628d87a352cd5d5,676541a9bf85ec5de3d4b68b,2,8,6,180000.0
6804ac28a628d87a352cd5d5,676541a9bf85ec5de3d4b68b,2,8,7,180000.0
6804ac28a628d87a352cd5d5,676541a9bf85ec5de3d4b68b,2,8,7,180000.0
6804ac28a628d87a352cd5d5,676541a9bf85ec5de3d4b68b,2,8,5,180000.0
6804ac28a628d87a352cd5d5,676541a9bf85ec5de3d4b68b,2,8,6,180000.0
6804ac28a628d87a352cd5d5,676541a9bf85ec5de3d4b68b,2,8,4,180000.0
6804ac28a628d87a352cd5d5,676541a9bf85ec5de3d4b68b,2,19,11,180000.0
6804ac28a628d87a352cd5d5,676541a9bf85ec5de3d4b68b,2,19,12,180000.0
6804ac28a628d87a352cd5d5,676541a9bf85ec5de3d4b68b,2,19,11,180000.0
6804ac28a628d87a352cd5d5,676541a9bf85ec5de3d4b68b,2,19,12,180000.0
6804ac28a628d87a352cd5d5,676541a9bf85ec5de3d4b68b,2,19,12,180000.0
6804ac28a628d87a352cd5d5,676541a9bf85ec5de3d4b68b,2,19,12,180000.0
6804ac28a628d87a352cd5d5,676541a9bf85ec5de3d4b68b,2,19,10,180000.0
6804ac28a628d87a352cd5d5,676541a9bf85ec5de3d4b68b,2,19,11,180000.0
6804ac28a628d87a352cd5d5,676541a9bf85ec5de3d4b68b,2,19,11,180000.0
6804ac28a628d87a352cd5d5,676541a9bf85ec5de3d4b68b,2,19,10,180000.0
6804ac28a628d87a352cd5d5,676541a9bf85ec5de3d4b68b,2,19,8,180000.0
6804ac28a628d87a352cd5d5,676541a9bf85ec5de3d4b68b,2,19,10,180000.0
6804ac28a628d87a352cd5d5,676541a9bf85ec5de3d4b68b,2,19,10,180000.0
6804ac28a628d87a352cd5d5,676541a9bf85ec5de3d4b68b,2,19,8,180000.0
6804ac28a628d87a352cd5d5,676541a9bf85ec5de3d4b68b,2,19,8,180000.0
6804ac28a628d87a352cd5d5,676541a9bf85ec5de3d4b68b,2,19,7,180000.0
6804ac28a628d87a352cd5d5,676541a9bf85ec5de3d4b68b,2,19,2,180000.0
6804ac28a628d87a352cd5d5,676541a9bf85ec5de3d4b68b,2,19,7,180000.0
6804ac28a628d87a352cd5d5,676541a9bf85ec5de3d4b68b,2,19,2,180000.0
6804ac28a628d87a352cd5d5,676541a9bf85ec5de3d4b68b,2,19,7,180000.0
6804ac28a628d87a352cd5d5,676541a9bf85ec5de3d4b68b,2,19,2,180000.0
6804ac28a628d87a352cd5d5,676541a9bf85ec5de3d4b68b,2,19,9,180000.0
6804ac28a628d87a352cd5d5,676541a9bf85ec5de3d4b68b,2,19,3,180000.0
6804ac28a628d87a352cd5d5,676541a9bf85ec5de3d4b68b,2,19,9,180000.0
6804ac28a628d87a352cd5d5,676541a9bf85ec5de3d4b68b,2,19,9,180000.0
6804ac28a628d87a352cd5d5,676541a9bf85ec5de3d4b68b,2,19,3,180000.0
6804ac28a628d87a352cd5d5,676541a9bf85ec5de3d4b68b,2,19,3,180000.0
6804ac28a628d87a352cd5d5,676541a9bf85ec5de3d4b68b,2,19,9,180000.0
6804ac28a628d87a352cd5d5,676541a9bf85ec5de3d4b68b,2,19,9,180000.0
6804ac28a628d87a352cd5d5,676541a9bf85ec5de3d4b68b,2,19,8,180000.0
6804ac28a628d87a352cd5d5,676541a9bf85ec5de3d4b68b,2,19,1,180000.0
6804ac28a628d87a352cd5d5,676541a9bf85ec5de3d4b68b,2,19,2,180000.0
6804ac28a628d87a352cd5d5,676541a9bf85ec5de3d4b68b,2,19,1,180000.0
6804ac28a628d87a352cd5d5,676541a9bf85ec5de3d4b68b,2,19,6,180000.0
6804ac28a628d87a352cd5d5,676541a9bf85ec5de3d4b68b,2,19,6,180000.0
6804ac28a628d87a352cd5d5,676541a9bf85ec5de3d4b68b,2,19,6,180000.0
6804ac28a628d87a352cd5d5,676541a9bf85ec5de3d4b68b,2,19,1,180000.0
6804ac28a628d87a352cd5d5,676541a9bf85ec5de3d4b68b,2,19,7,180000.0
6804ac28a628d87a352cd5d5,676541a9bf85ec5de3d4b68b,2,19,1,180000.0
6804ac28a628d87a352cd5d5,676541a9bf85ec5de3d4b68b,2,19,7,180000.0
6804ac28a628d87a352cd5d5,676541a9bf85ec5de3d4b68b,2,19,6,180000.0
6804ac28a628d87a352cd5d5,676541a9bf85ec5de3d4b68b,2,19,5,180000.0
6804ac28a628d87a352cd5d5,676541a9bf85ec5de3d4b68b,2,19,4,180000.0
6804ac28a628d87a352cd5d5,676541a9bf85ec5de3d4b68b,2,19,5,180000.0
6804ac28a628d87a352cd5d5,676541a9bf85ec5de3d4b68b,2,19,5,180000.0
6804ac28a628d87a352cd5d5,676541a9bf85ec5de3d4b68b,2,19,4,180000.0
6804ac28a628d87a352cd5d5,676541a9bf85ec5de3d4b68b,2,19,12,180000.0
6804ac28a628d87a352cd5d5,676541a9bf85ec5de3d4b68b,2,19,5,180000.0
6804ac28a628d87a352cd5d5,676541a9bf85ec5de3d4b68b,3,19,11,180000.0
6804ac28a628d87a352cd5d5,676541a9bf85ec5de3d4b68b,3,19,12,180000.0
6804ac28a628d87a352cd5d5,676541a9bf85ec5de3d4b68b,3,19,11,180000.0
6804ac28a628d87a352cd5d5,676541a9bf85ec5de3d4b68b,3,19,12,180000.0
6804ac28a628d87a352cd5d5,676541a9bf85ec5de3d4b68b,3,19,12,180000.0
6804ac28a628d87a352cd5d5,676541a9bf85ec5de3d4b68b,3,19,12,180000.0
6804ac28a628d87a352cd5d5,676541a9bf85ec5de3d4b68b,3,19,10,180000.0
6804ac28a628d87a352cd5d5,676541a9bf85ec5de3d4b68b,3,19,11,180000.0
6804ac28a628d87a352cd5d5,676541a9bf85ec5de3d4b68b,3,19,11,180000.0
6804ac28a628d87a352cd5d5,676541a9bf85ec5de3d4b68b,3,19,10,180000.0
6804ac28a628d87a352cd5d5,676541a9bf85ec5de3d4b68b,3,19,10,180000.0
6804ac28a628d87a352cd5d5,676541a9bf85ec5de3d4b68b,3,19,10,180000.0
6804ac28a628d87a352cd5d5,676541a9bf85ec5de3d4b68b,3,19,2,180000.0
6804ac28a628d87a352cd5d5,676541a9bf85ec5de3d4b68b,3,19,2,180000.0
6804ac28a628d87a352cd5d5,676541a9bf85ec5de3d4b68b,3,19,2,180000.0
6804ac28a628d87a352cd5d5,676541a9bf85ec5de3d4b68b,3,19,8,180000.0
6804ac28a628d87a352cd5d5,676541a9bf85ec5de3d4b68b,3,19,3,180000.0
6804ac28a628d87a352cd5d5,676541a9bf85ec5de3d4b68b,3,19,3,180000.0
6804ac28a628d87a352cd5d5,676541a9bf85ec5de3d4b68b,3,19,3,180000.0
6804ac28a628d87a352cd5d5,676541a9bf85ec5de3d4b68b,3,19,8,180000.0
6804ac28a628d87a352cd5d5,676541a9bf85ec5de3d4b68b,3,19,8,180000.0
6804ac28a628d87a352cd5d5,676541a9bf85ec5de3d4b68b,3,19,7,180000.0
6804ac28a628d87a352cd5d5,676541a9bf85ec5de3d4b68b,3,19,1,180000.0
6804ac28a628d87a352cd5d5,676541a9bf85ec5de3d4b68b,3,19,7,180000.0
6804ac28a628d87a352cd5d5,676541a9bf85ec5de3d4b68b,3,19,2,180000.0
6804ac28a628d87a352cd5d5,676541a9bf85ec5de3d4b68b,3,19,1,180000.0
6804ac28a628d87a352cd5d5,676541a9bf85ec5de3d4b68b,3,19,7,180000.0
6804ac28a628d87a352cd5d5,676541a9bf85ec5de3d4b68b,3,19,9,180000.0
6804ac28a628d87a352cd5d5,676541a9bf85ec5de3d4b68b,3,19,10,180000.0
6804ac28a628d87a352cd5d5,676541a9bf85ec5de3d4b68b,3,19,1,180000.0
6804ac28a628d87a352cd5d5,676541a9bf85ec5de3d4b68b,3,19,9,180000.0
6804ac28a628d87a352cd5d5,676541a9bf85ec5de3d4b68b,3,19,1,180000.0
6804ac28a628d87a352cd5d5,676541a9bf85ec5de3d4b68b,3,19,9,180000.0
6804ac28a628d87a352cd5d5,676541a9bf85ec5de3d4b68b,3,19,12,180000.0
6804ac28a628d87a352cd5d5,676541a9bf85ec5de3d4b68b,3,19,9,180000.0
6804ac28a628d87a352cd5d5,676541a9bf85ec5de3d4b68b,3,19,8,180000.0
6804ac28a628d87a352cd5d5,676541a9bf85ec5de3d4b68b,3,19,6,180000.0
6804ac28a628d87a352cd5d5,676541a9bf85ec5de3d4b68b,3,19,5,180000.0
6804ac28a628d87a352cd5d5,676541a9bf85ec5de3d4b68b,3,19,6,180000.0
6804ac28a628d87a352cd5d5,676541a9bf85ec5de3d4b68b,3,19,7,180000.0
6804ac28a628d87a352cd5d5,676541a9bf85ec5de3d4b68b,3,19,6,180000.0
6804ac28a628d87a352cd5d5,676541a9bf85ec5de3d4b68b,3,19,7,180000.0
6804ac28a628d87a352cd5d5,676541a9bf85ec5de3d4b68b,3,19,6,180000.0
6804ac28a628d87a352cd5d5,676541a9bf85ec5de3d4b68b,3,19,5,180000.0
6804ac28a628d87a352cd5d5,676541a9bf85ec5de3d4b68b,3,19,5,180000.0
6804ac28a628d87a352cd5d5,676541a9bf85ec5de3d4b68b,3,19,4,180000.0
6804ac28a628d87a352cd5d5,676541a9bf85ec5de3d4b68b,3,19,5,180000.0
6804ac28a628d87a352cd5d5,676541a9bf85ec5de3d4b68b,3,19,4,180000.0
6804ac28a628d87a352cd5d5,676541a9bf85ec5de3d4b68b,3,6,11,180000.0
6804ac28a628d87a352cd5d5,676541a9bf85ec5de3d4b68b,3,6,12,180000.0
6804ac28a628d87a352cd5d5,676541a9bf85ec5de3d4b68b,3,6,11,180000.0
6804ac28a628d87a352cd5d5,676541a9bf85ec5de3d4b68b,3,6,12,180000.0
6804ac28a628d87a352cd5d5,676541a9bf85ec5de3d4b68b,3,6,12,180000.0
6804ac28a628d87a352cd5d5,676541a9bf85ec5de3d4b68b,3,6,12,180000.0
6804ac28a628d87a352cd5d5,676541a9bf85ec5de3d4b68b,3,6,10,180000.0
6804ac28a628d87a352cd5d5,676541a9bf85ec5de3d4b68b,3,6,11,180000.0
6804ac28a628d87a352cd5d5,676541a9bf85ec5de3d4b68b,3,6,11,180000.0
6804ac28a628d87a352cd5d5,676541a9bf85ec5de3d4b68b,3,6,8,180000.0
6804ac28a628d87a352cd5d5,676541a9bf85ec5de3d4b68b,3,6,10,180000.0
6804ac28a628d87a352cd5d5,676541a9bf85ec5de3d4b68b,3,6,8,180000.0
6804ac28a628d87a352cd5d5,676541a9bf85ec5de3d4b68b,3,6,10,180000.0
6804ac28a628d87a352cd5d5,676541a9bf85ec5de3d4b68b,3,6,10,180000.0
6804ac28a628d87a352cd5d5,676541a9bf85ec5de3d4b68b,3,6,8,180000.0
6804ac28a628d87a352cd5d5,676541a9bf85ec5de3d4b68b,3,6,7,180000.0
6804ac28a628d87a352cd5d5,676541a9bf85ec5de3d4b68b,3,6,7,180000.0
6804ac28a628d87a352cd5d5,676541a9bf85ec5de3d4b68b,3,6,7,180000.0
6804ac28a628d87a352cd5d5,676541a9bf85ec5de3d4b68b,3,6,2,180000.0
6804ac28a628d87a352cd5d5,676541a9bf85ec5de3d4b68b,3,6,9,180000.0
6804ac28a628d87a352cd5d5,676541a9bf85ec5de3d4b68b,3,6,2,180000.0
6804ac28a628d87a352cd5d5,676541a9bf85ec5de3d4b68b,3,6,2,180000.0
6804ac28a628d87a352cd5d5,676541a9bf85ec5de3d4b68b,3,6,10,180000.0
6804ac28a628d87a352cd5d5,676541a9bf85ec5de3d4b68b,3,6,9,180000.0
6804ac28a628d87a352cd5d5,676541a9bf85ec5de3d4b68b,3,6,3,180000.0
6804ac28a628d87a352cd5d5,676541a9bf85ec5de3d4b68b,3,6,3,180000.0
6804ac28a628d87a352cd5d5,676541a9bf85ec5de3d4b68b,3,6,9,180000.0
6804ac28a628d87a352cd5d5,676541a9bf85ec5de3d4b68b,3,6,3,180000.0
6804ac28a628d87a352cd5d5,676541a9bf85ec5de3d4b68b,3,6,9,180000.0
6804ac28a628d87a352cd5d5,676541a9bf85ec5de3d4b68b,3,6,8,180000.0
6804ac28a628d87a352cd5d5,676541a9bf85ec5de3d4b68b,3,6,1,180000.0
6804ac28a628d87a352cd5d5,676541a9bf85ec5de3d4b68b,3,6,2,180000.0
6804ac28a628d87a352cd5d5,676541a9bf85ec5de3d4b68b,3,6,6,180000.0
6804ac28a628d87a352cd5d5,676541a9bf85ec5de3d4b68b,3,6,1,180000.0
6804ac28a628d87a352cd5d5,676541a9bf85ec5de3d4b68b,3,6,6,180000.0
6804ac28a628d87a352cd5d5,676541a9bf85ec5de3d4b68b,3,6,6,180000.0
6804ac28a628d87a352cd5d5,676541a9bf85ec5de3d4b68b,3,6,12,180000.0
6804ac28a628d87a352cd5d5,676541a9bf85ec5de3d4b68b,3,6,7,180000.0
6804ac28a628d87a352cd5d5,676541a9bf85ec5de3d4b68b,3,6,7,180000.0
6804ac28a628d87a352cd5d5,676541a9bf85ec5de3d4b68b,3,6,1,180000.0
6804ac28a628d87a352cd5d5,676541a9bf85ec5de3d4b68b,3,6,6,180000.0
6804ac28a628d87a352cd5d5,676541a9bf85ec5de3d4b68b,3,6,4,180000.0
6804ac28a628d87a352cd5d5,676541a9bf85ec5de3d4b68b,3,6,1,180000.0
6804ac28a628d87a352cd5d5,676541a9bf85ec5de3d4b68b,3,6,5,180000.0
6804ac28a628d87a352cd5d5,676541a9bf85ec5de3d4b68b,3,6,5,180000.0
6804ac28a628d87a352cd5d5,676541a9bf85ec5de3d4b68b,3,6,5,180000.0
6804ac28a628d87a352cd5d5,676541a9bf85ec5de3d4b68b,3,6,4,180000.0
6804ac28a628d87a352cd5d5,676541a9bf85ec5de3d4b68b,3,6,5,180000.0
6804ac28a628d87a352cd5d5,676541a9bf85ec5de3d4b68b,4,18,11,180000.0
6804ac28a628d87a352cd5d5,676541a9bf85ec5de3d4b68b,4,18,12,180000.0
6804ac28a628d87a352cd5d5,676541a9bf85ec5de3d4b68b,4,18,11,180000.0
6804ac28a628d87a352cd5d5,676541a9bf85ec5de3d4b68b,4,18,12,180000.0
6804ac28a628d87a352cd5d5,676541a9bf85ec5de3d4b68b,4,18,12,180000.0
6804ac28a628d87a352cd5d5,676541a9bf85ec5de3d4b68b,4,18,12,180000.0
6804ac28a628d87a352cd5d5,676541a9bf85ec5de3d4b68b,4,18,10,180000.0
6804ac28a628d87a352cd5d5,676541a9bf85ec5de3d4b68b,4,18,11,180000.0
6804ac28a628d87a352cd5d5,676541a9bf85ec5de3d4b68b,4,18,11,180000.0
6804ac28a628d87a352cd5d5,676541a9bf85ec5de3d4b68b,4,18,10,180000.0
6804ac28a628d87a352cd5d5,676541a9bf85ec5de3d4b68b,4,18,10,180000.0
6804ac28a628d87a352cd5d5,676541a9bf85ec5de3d4b68b,4,18,10,180000.0
6804ac28a628d87a352cd5d5,676541a9bf85ec5de3d4b68b,4,18,2,180000.0
6804ac28a628d87a352cd5d5,676541a9bf85ec5de3d4b68b,4,18,2,180000.0
6804ac28a628d87a352cd5d5,676541a9bf85ec5de3d4b68b,4,18,2,180000.0
6804ac28a628d87a352cd5d5,676541a9bf85ec5de3d4b68b,4,18,3,180000.0
6804ac28a628d87a352cd5d5,676541a9bf85ec5de3d4b68b,4,18,3,180000.0
6804ac28a628d87a352cd5d5,676541a9bf85ec5de3d4b68b,4,18,3,180000.0
6804ac28a628d87a352cd5d5,676541a9bf85ec5de3d4b68b,4,18,1,180000.0
6804ac28a628d87a352cd5d5,676541a9bf85ec5de3d4b68b,4,18,2,180000.0
6804ac28a628d87a352cd5d5,676541a9bf85ec5de3d4b68b,4,18,1,180000.0
6804ac28a628d87a352cd5d5,676541a9bf85ec5de3d4b68b,4,18,1,180000.0
6804ac28a628d87a352cd5d5,676541a9bf85ec5de3d4b68b,4,18,1,180000.0
6804ac28a628d87a352cd5d5,676541a9bf85ec5de3d4b68b,4,18,1,180000.0
6804ac28a628d87a352cd5d5,676541a9bf85ec5de3d4b68b,4,18,8,180000.0
6804ac28a628d87a352cd5d5,676541a9bf85ec5de3d4b68b,4,18,6,180000.0
6804ac28a628d87a352cd5d5,676541a9bf85ec5de3d4b68b,4,18,8,180000.0
6804ac28a628d87a352cd5d5,676541a9bf85ec5de3d4b68b,4,18,6,180000.0
6804ac28a628d87a352cd5d5,676541a9bf85ec5de3d4b68b,4,18,9,180000.0
6804ac28a628d87a352cd5d5,676541a9bf85ec5de3d4b68b,4,18,8,180000.0
6804ac28a628d87a352cd5d5,676541a9bf85ec5de3d4b68b,4,18,7,180000.0
6804ac28a628d87a352cd5d5,676541a9bf85ec5de3d4b68b,4,18,6,180000.0
6804ac28a628d87a352cd5d5,676541a9bf85ec5de3d4b68b,4,18,5,180000.0
6804ac28a628d87a352cd5d5,676541a9bf85ec5de3d4b68b,4,18,7,180000.0
6804ac28a628d87a352cd5d5,676541a9bf85ec5de3d4b68b,4,18,10,180000.0
6804ac28a628d87a352cd5d5,676541a9bf85ec5de3d4b68b,4,18,5,180000.0
6804ac28a628d87a352cd5d5,676541a9bf85ec5de3d4b68b,4,18,6,180000.0
6804ac28a628d87a352cd5d5,676541a9bf85ec5de3d4b68b,4,18,9,180000.0
6804ac28a628d87a352cd5d5,676541a9bf85ec5de3d4b68b,4,18,9,180000.0
6804ac28a628d87a352cd5d5,676541a9bf85ec5de3d4b68b,4,18,5,180000.0
6804ac28a628d87a352cd5d5,676541a9bf85ec5de3d4b68b,4,18,5,180000.0
6804ac28a628d87a352cd5d5,676541a9bf85ec5de3d4b68b,4,18,8,180000.0
6804ac28a628d87a352cd5d5,676541a9bf85ec5de3d4b68b,4,18,9,180000.0
6804ac28a628d87a352cd5d5,676541a9bf85ec5de3d4b68b,4,18,7,180000.0
6804ac28a628d87a352cd5d5,676541a9bf85ec5de3d4b68b,4,18,7,180000.0
6804ac28a628d87a352cd5d5,676541a9bf85ec5de3d4b68b,4,18,7,180000.0
6804ac28a628d87a352cd5d5,676541a9bf85ec5de3d4b68b,4,18,4,180000.0
6804ac28a628d87a352cd5d5,676541a9bf85ec5de3d4b68b,4,18,5,180000.0
6804ac28a628d87a352cd5d5,676541a9bf85ec5de3d4b68b,4,19,11,180000.0
6804ac28a628d87a352cd5d5,676541a9bf85ec5de3d4b68b,4,19,12,180000.0
6804ac28a628d87a352cd5d5,676541a9bf85ec5de3d4b68b,4,19,11,180000.0
6804ac28a628d87a352cd5d5,676541a9bf85ec5de3d4b68b,4,19,12,180000.0
6804ac28a628d87a352cd5d5,676541a9bf85ec5de3d4b68b,4,19,8,180000.0
6804ac28a628d87a352cd5d5,676541a9bf85ec5de3d4b68b,4,19,8,180000.0
6804ac28a628d87a352cd5d5,676541a9bf85ec5de3d4b68b,4,19,8,180000.0
6804ac28a628d87a352cd5d5,676541a9bf85ec5de3d4b68b,4,19,7,180000.0
6804ac28a628d87a352cd5d5,676541a9bf85ec5de3d4b68b,4,19,5,180000.0
6804ac28a628d87a352cd5d5,676541a9bf85ec5de3d4b68b,4,19,7,180000.0
6804ac28a628d87a352cd5d5,676541a9bf85ec5de3d4b68b,4,19,5,180000.0
6804ac28a628d87a352cd5d5,676541a9bf85ec5de3d4b68b,4,19,5,180000.0
6804ac28a628d87a352cd5d5,676541a9bf85ec5de3d4b68b,4,19,7,180000.0
6804ac28a628d87a352cd5d5,676541a9bf85ec5de3d4b68b,4,19,5,180000.0
6804ac28a628d87a352cd5d5,676541a9bf85ec5de3d4b68b,4,19,9,180000.0
6804ac28a628d87a352cd5d5,676541a9bf85ec5de3d4b68b,4,19,4,180000.0
6804ac28a628d87a352cd5d5,676541a9bf85ec5de3d4b68b,4,19,5,180000.0
6804ac28a628d87a352cd5d5,676541a9bf85ec5de3d4b68b,4,19,6,180000.0
6804ac28a628d87a352cd5d5,676541a9bf85ec5de3d4b68b,4,19,6,180000.0
6804ac28a628d87a352cd5d5,676541a9bf85ec5de3d4b68b,4,19,10,180000.0
6804ac28a628d87a352cd5d5,676541a9bf85ec5de3d4b68b,4,19,9,180000.0
6804ac28a628d87a352cd5d5,676541a9bf85ec5de3d4b68b,4,19,6,180000.0
6804ac28a628d87a352cd5d5,676541a9bf85ec5de3d4b68b,4,19,6,180000.0
6804ac28a628d87a352cd5d5,676541a9bf85ec5de3d4b68b,4,19,7,180000.0
6804ac28a628d87a352cd5d5,676541a9bf85ec5de3d4b68b,4,19,7,180000.0
6804ac28a628d87a352cd5d5,676541a9bf85ec5de3d4b68b,4,19,9,180000.0
6804ac28a628d87a352cd5d5,676541a9bf85ec5de3d4b68b,4,19,9,180000.0
6804ac28a628d87a352cd5d5,676541a9bf85ec5de3d4b68b,4,19,12,180000.0
6804ac28a628d87a352cd5d5,676541a9bf85ec5de3d4b68b,4,19,8,180000.0
6804ac28a628d87a352cd5d5,676541a9bf85ec5de3d4b68b,4,19,2,180000.0
6804ac28a628d87a352cd5d5,676541a9bf85ec5de3d4b68b,4,19,12,180000.0
6804ac28a628d87a352cd5d5,676541a9bf85ec5de3d4b68b,4,19,1,180000.0
6804ac28a628d87a352cd5d5,676541a9bf85ec5de3d4b68b,4,19,1,180000.0
6804ac28a628d87a352cd5d5,676541a9bf85ec5de3d4b68b,4,19,10,180000.0
6804ac28a628d87a352cd5d5,676541a9bf85ec5de3d4b68b,4,19,1,180000.0
6804ac28a628d87a352cd5d5,676541a9bf85ec5de3d4b68b,4,19,2,180000.0
6804ac28a628d87a352cd5d5,676541a9bf85ec5de3d4b68b,4,19,3,180000.0
6804ac28a628d87a352cd5d5,676541a9bf85ec5de3d4b68b,4,19,2,180000.0
6804ac28a628d87a352cd5d5,676541a9bf85ec5de3d4b68b,4,19,1,180000.0
6804ac28a628d87a352cd5d5,676541a9bf85ec5de3d4b68b,4,19,11,180000.0
6804ac28a628d87a352cd5d5,676541a9bf85ec5de3d4b68b,4,19,2,180000.0
6804ac28a628d87a352cd5d5,676541a9bf85ec5de3d4b68b,4,19,3,180000.0
6804ac28a628d87a352cd5d5,676541a9bf85ec5de3d4b68b,4,19,10,180000.0
6804ac28a628d87a352cd5d5,676541a9bf85ec5de3d4b68b,4,19,1,180000.0
6804ac28a628d87a352cd5d5,676541a9bf85ec5de3d4b68b,4,19,11,180000.0
6804ac28a628d87a352cd5d5,676541a9bf85ec5de3d4b68b,4,19,10,180000.0
6804ac28a628d87a352cd5d5,676541a9bf85ec5de3d4b68b,4,19,10,180000.0
6804ac28a628d87a352cd5d5,676541a9bf85ec5de3d4b68b,4,19,3,180000.0
6804ac28a628d87a352cd5d5,676541a9bf85ec5de3d4b68b,5,6,8,180000.0
6804ac28a628d87a352cd5d5,676541a9bf85ec5de3d4b68b,5,6,8,180000.0
6804ac28a628d87a352cd5d5,676541a9bf85ec5de3d4b68b,5,6,7,180000.0
6804ac28a628d87a352cd5d5,676541a9bf85ec5de3d4b68b,5,6,9,180000.0
6804ac28a628d87a352cd5d5,676541a9bf85ec5de3d4b68b,5,6,9,180000.0
6804ac28a628d87a352cd5d5,676541a9bf85ec5de3d4b68b,5,6,8,180000.0
6804ac28a628d87a352cd5d5,676541a9bf85ec5de3d4b68b,5,6,5,180000.0
6804ac28a628d87a352cd5d5,676541a9bf85ec5de3d4b68b,5,6,5,180000.0
6804ac28a628d87a352cd5d5,676541a9bf85ec5de3d4b68b,5,6,4,180000.0
6804ac28a628d87a352cd5d5,676541a9bf85ec5de3d4b68b,5,6,6,180000.0
6804ac28a628d87a352cd5d5,676541a9bf85ec5de3d4b68b,5,6,6,180000.0
6804ac28a628d87a352cd5d5,676541a9bf85ec5de3d4b68b,5,6,7,180000.0
6804ac28a628d87a352cd5d5,676541a9bf85ec5de3d4b68b,5,19,8,180000.0
6804ac28a628d87a352cd5d5,676541a9bf85ec5de3d4b68b,5,19,8,180000.0
6804ac28a628d87a352cd5d5,676541a9bf85ec5de3d4b68b,5,19,8,180000.0
6804ac28a628d87a352cd5d5,676541a9bf85ec5de3d4b68b,5,19,7,180000.0
6804ac28a628d87a352cd5d5,676541a9bf85ec5de3d4b68b,5,19,8,180000.0
6804ac28a628d87a352cd5d5,676541a9bf85ec5de3d4b68b,5,19,7,180000.0
6804ac28a628d87a352cd5d5,676541a9bf85ec5de3d4b68b,5,19,9,180000.0
6804ac28a628d87a352cd5d5,676541a9bf85ec5de3d4b68b,5,19,10,180000.0
6804ac28a628d87a352cd5d5,676541a9bf85ec5de3d4b68b,5,19,9,180000.0
6804ac28a628d87a352cd5d5,676541a9bf85ec5de3d4b68b,5,19,9,180000.0
6804ac28a628d87a352cd5d5,676541a9bf85ec5de3d4b68b,5,19,9,180000.0
6804ac28a628d87a352cd5d5,676541a9bf85ec5de3d4b68b,5,19,8,180000.0
6804ac28a628d87a352cd5d5,676541a9bf85ec5de3d4b68b,5,19,6,180000.0
6804ac28a628d87a352cd5d5,676541a9bf85ec5de3d4b68b,5,19,6,180000.0
6804ac28a628d87a352cd5d5,676541a9bf85ec5de3d4b68b,5,19,6,180000.0
6804ac28a628d87a352cd5d5,676541a9bf85ec5de3d4b68b,5,19,7,180000.0
6804ac28a628d87a352cd5d5,676541a9bf85ec5de3d4b68b,5,19,7,180000.0
6804ac28a628d87a352cd5d5,676541a9bf85ec5de3d4b68b,5,19,6,180000.0
6804ac28a628d87a352cd5d5,676541a9bf85ec5de3d4b68b,5,19,5,180000.0
6804ac28a628d87a352cd5d5,676541a9bf85ec5de3d4b68b,5,19,5,180000.0
6804ac28a628d87a352cd5d5,676541a9bf85ec5de3d4b68b,5,19,5,180000.0
6804ac28a628d87a352cd5d5,676541a9bf85ec5de3d4b68b,5,19,5,180000.0
6804ac28a628d87a352cd5d5,676541a9bf85ec5de3d4b68b,5,19,5,180000.0
6804ac28a628d87a352cd5d5,676541a9bf85ec5de3d4b68b,5,19,4,180000.0
6804ac28a628d87a352cd5d5,676541a9bf85ec5de3d4b68b,5,20,8,180000.0
6804ac28a628d87a352cd5d5,676541a9bf85ec5de3d4b68b,5,20,8,180000.0
6804ac28a628d87a352cd5d5,676541a9bf85ec5de3d4b68b,5,20,8,180000.0
6804ac28a628d87a352cd5d5,676541a9bf85ec5de3d4b68b,5,20,7,180000.0
6804ac28a628d87a352cd5d5,676541a9bf85ec5de3d4b68b,5,20,8,180000.0
6804ac28a628d87a352cd5d5,676541a9bf85ec5de3d4b68b,5,20,7,180000.0
6804ac28a628d87a352cd5d5,676541a9bf85ec5de3d4b68b,5,20,9,180000.0
6804ac28a628d87a352cd5d5,676541a9bf85ec5de3d4b68b,5,20,6,180000.0
6804ac28a628d87a352cd5d5,676541a9bf85ec5de3d4b68b,5,20,10,180000.0
6804ac28a628d87a352cd5d5,676541a9bf85ec5de3d4b68b,5,20,9,180000.0
6804ac28a628d87a352cd5d5,676541a9bf85ec5de3d4b68b,5,20,6,180000.0
6804ac28a628d87a352cd5d5,676541a9bf85ec5de3d4b68b,5,20,6,180000.0
6804ac28a628d87a352cd5d5,676541a9bf85ec5de3d4b68b,5,20,7,180000.0
6804ac28a628d87a352cd5d5,676541a9bf85ec5de3d4b68b,5,20,9,180000.0
6804ac28a628d87a352cd5d5,676541a9bf85ec5de3d4b68b,5,20,7,180000.0
6804ac28a628d87a352cd5d5,676541a9bf85ec5de3d4b68b,5,20,9,180000.0
6804ac28a628d87a352cd5d5,676541a9bf85ec5de3d4b68b,5,20,5,180000.0
6804ac28a628d87a352cd5d5,676541a9bf85ec5de3d4b68b,5,20,5,180000.0
6804ac28a628d87a352cd5d5,676541a9bf85ec5de3d4b68b,5,20,8,180000.0
6804ac28a628d87a352cd5d5,676541a9bf85ec5de3d4b68b,5,20,6,180000.0
6804ac28a628d87a352cd5d5,676541a9bf85ec5de3d4b68b,5,20,5,180000.0
6804ac28a628d87a352cd5d5,676541a9bf85ec5de3d4b68b,5,20,4,180000.0
6804ac28a628d87a352cd5d5,676541a9bf85ec5de3d4b68b,5,20,5,180000.0
6804ac28a628d87a352cd5d5,676541a9bf85ec5de3d4b68b,5,20,5,180000.0
6804ac28a628d87a352cd5d5,676541a9bf85ec5de3d4b68b,7,20,8,200000.0
6804ac28a628d87a352cd5d5,676541a9bf85ec5de3d4b68b,7,20,8,200000.0
6804ac28a628d87a352cd5d5,676541a9bf85ec5de3d4b68b,7,20,8,200000.0
6804ac28a628d87a352cd5d5,676541a9bf85ec5de3d4b68b,7,20,7,200000.0
6804ac28a628d87a352cd5d5,676541a9bf85ec5de3d4b68b,7,20,8,200000.0
6804ac28a628d87a352cd5d5,676541a9bf85ec5de3d4b68b,7,20,7,200000.0
6804ac28a628d87a352cd5d5,676541a9bf85ec5de3d4b68b,7,20,9,200000.0
6804ac28a628d87a352cd5d5,676541a9bf85ec5de3d4b68b,7,20,10,200000.0
6804ac28a628d87a352cd5d5,676541a9bf85ec5de3d4b68b,7,20,9,200000.0
6804ac28a628d87a352cd5d5,676541a9bf85ec5de3d4b68b,7,20,9,200000.0
6804ac28a628d87a352cd5d5,676541a9bf85ec5de3d4b68b,7,20,9,200000.0
6804ac28a628d87a352cd5d5,676541a9bf85ec5de3d4b68b,7,20,8,200000.0
6804ac28a628d87a352cd5d5,676541a9bf85ec5de3d4b68b,7,20,5,200000.0
6804ac28a628d87a352cd5d5,676541a9bf85ec5de3d4b68b,7,20,6,200000.0
6804ac28a628d87a352cd5d5,676541a9bf85ec5de3d4b68b,7,20,6,200000.0
6804ac28a628d87a352cd5d5,676541a9bf85ec5de3d4b68b,7,20,5,200000.0
6804ac28a628d87a352cd5d5,676541a9bf85ec5de3d4b68b,7,20,6,200000.0
6804ac28a628d87a352cd5d5,676541a9bf85ec5de3d4b68b,7,20,6,200000.0
6804ac28a628d87a352cd5d5,676541a9bf85ec5de3d4b68b,7,20,5,200000.0
6804ac28a628d87a352cd5d5,676541a9bf85ec5de3d4b68b,7,20,5,200000.0
6804ac28a628d87a352cd5d5,676541a9bf85ec5de3d4b68b,7,20,7,200000.0
6804ac28a628d87a352cd5d5,676541a9bf85ec5de3d4b68b,7,20,7,200000.0
6804ac28a628d87a352cd5d5,676541a9bf85ec5de3d4b68b,7,20,6,200000.0
6804ac28a628d87a352cd5d5,676541a9bf85ec5de3d4b68b,7,20,4,200000.0
6804ac28a628d87a352cd5d5,676541a9bf85ec5de3d4b68b,7,7,8,200000.0
6804ac28a628d87a352cd5d5,676541a9bf85ec5de3d4b68b,7,7,8,200000.0
6804ac28a628d87a352cd5d5,676541a9bf85ec5de3d4b68b,7,7,8,200000.0
6804ac28a628d87a352cd5d5,676541a9bf85ec5de3d4b68b,7,7,7,200000.0
6804ac28a628d87a352cd5d5,676541a9bf85ec5de3d4b68b,7,7,8,200000.0
6804ac28a628d87a352cd5d5,676541a9bf85ec5de3d4b68b,7,7,7,200000.0
6804ac28a628d87a352cd5d5,676541a9bf85ec5de3d4b68b,7,7,6,200000.0
6804ac28a628d87a352cd5d5,676541a9bf85ec5de3d4b68b,7,7,6,200000.0
6804ac28a628d87a352cd5d5,676541a9bf85ec5de3d4b68b,7,7,6,200000.0
6804ac28a628d87a352cd5d5,676541a9bf85ec5de3d4b68b,7,7,9,200000.0
6804ac28a628d87a352cd5d5,676541a9bf85ec5de3d4b68b,7,7,7,200000.0
6804ac28a628d87a352cd5d5,676541a9bf85ec5de3d4b68b,7,7,7,200000.0
6804ac28a628d87a352cd5d5,676541a9bf85ec5de3d4b68b,7,7,6,200000.0
6804ac28a628d87a352cd5d5,676541a9bf85ec5de3d4b68b,7,7,10,200000.0
6804ac28a628d87a352cd5d5,676541a9bf85ec5de3d4b68b,7,7,8,200000.0
6804ac28a628d87a352cd5d5,676541a9bf85ec5de3d4b68b,7,7,9,200000.0
6804ac28a628d87a352cd5d5,676541a9bf85ec5de3d4b68b,7,7,9,200000.0
6804ac28a628d87a352cd5d5,676541a9bf85ec5de3d4b68b,7,7,5,200000.0
6804ac28a628d87a352cd5d5,676541a9bf85ec5de3d4b68b,7,7,6,200000.0
6804ac28a628d87a352cd5d5,676541a9bf85ec5de3d4b68b,7,7,5,200000.0
6804ac28a628d87a352cd5d5,676541a9bf85ec5de3d4b68b,7,7,9,200000.0
6804ac28a628d87a352cd5d5,676541a9bf85ec5de3d4b68b,7,7,4,200000.0
6804ac28a628d87a352cd5d5,676541a9bf85ec5de3d4b68b,7,7,5,200000.0
6804ac28a628d87a352cd5d5,676541a9bf85ec5de3d4b68b,7,7,5,200000.0
6804ac28a628d87a352cd5d5,676541a9bf85ec5de3d4b68b,7,8,8,200000.0
6804ac28a628d87a352cd5d5,676541a9bf85ec5de3d4b68b,7,8,8,200000.0
6804ac28a628d87a352cd5d5,676541a9bf85ec5de3d4b68b,7,8,8,200000.0
6804ac28a628d87a352cd5d5,676541a9bf85ec5de3d4b68b,7,8,7,200000.0
6804ac28a628d87a352cd5d5,676541a9bf85ec5de3d4b68b,7,8,8,200000.0
6804ac28a628d87a352cd5d5,676541a9bf85ec5de3d4b68b,7,8,7,200000.0
6804ac28a628d87a352cd5d5,676541a9bf85ec5de3d4b68b,7,8,9,200000.0
6804ac28a628d87a352cd5d5,676541a9bf85ec5de3d4b68b,7,8,10,200000.0
6804ac28a628d87a352cd5d5,676541a9bf85ec5de3d4b68b,7,8,9,200000.0
6804ac28a628d87a352cd5d5,676541a9bf85ec5de3d4b68b,7,8,9,200000.0
6804ac28a628d87a352cd5d5,676541a9bf85ec5de3d4b68b,7,8,9,200000.0
6804ac28a628d87a352cd5d5,676541a9bf85ec5de3d4b68b,7,8,8,200000.0
6804ac28a628d87a352cd5d5,676541a9bf85ec5de3d4b68b,7,8,6,200000.0
6804ac28a628d87a352cd5d5,676541a9bf85ec5de3d4b68b,7,8,6,200000.0
6804ac28a628d87a352cd5d5,676541a9bf85ec5de3d4b68b,7,8,6,200000.0
6804ac28a628d87a352cd5d5,676541a9bf85ec5de3d4b68b,7,8,7,200000.0
6804ac28a628d87a352cd5d5,676541a9bf85ec5de3d4b68b,7,8,7,200000.0
6804ac28a628d87a352cd5d5,676541a9bf85ec5de3d4b68b,7,8,6,200000.0
6804ac28a628d87a352cd5d5,676541a9bf85ec5de3d4b68b,7,8,5,200000.0
6804ac28a628d87a352cd5d5,676541a9bf85ec5de3d4b68b,7,8,6,200000.0
6804ac28a628d87a352cd5d5,676541a9bf85ec5de3d4b68b,7,8,5,200000.0
6804ac28a628d87a352cd5d5,676541a9bf85ec5de3d4b68b,7,8,4,200000.0
6804ac28a628d87a352cd5d5,676541a9bf85ec5de3d4b68b,7,8,5,200000.0
6804ac28a628d87a352cd5d5,676541a9bf85ec5de3d4b68b,7,8,5,200000.0
6804ac28a628d87a352cd5d5,676541a9bf85ec5de3d4b68b,7,19,8,200000.0
6804ac28a628d87a352cd5d5,676541a9bf85ec5de3d4b68b,7,19,8,200000.0
6804ac28a628d87a352cd5d5,676541a9bf85ec5de3d4b68b,7,19,8,200000.0
6804ac28a628d87a352cd5d5,676541a9bf85ec5de3d4b68b,7,19,7,200000.0
6804ac28a628d87a352cd5d5,676541a9bf85ec5de3d4b68b,7,19,8,200000.0
6804ac28a628d87a352cd5d5,676541a9bf85ec5de3d4b68b,7,19,7,200000.0
6804ac28a628d87a352cd5d5,676541a9bf85ec5de3d4b68b,7,19,6,200000.0
6804ac28a628d87a352cd5d5,676541a9bf85ec5de3d4b68b,7,19,9,200000.0
6804ac28a628d87a352cd5d5,676541a9bf85ec5de3d4b68b,7,19,6,200000.0
6804ac28a628d87a352cd5d5,676541a9bf85ec5de3d4b68b,7,19,6,200000.0
6804ac28a628d87a352cd5d5,676541a9bf85ec5de3d4b68b,7,19,7,200000.0
6804ac28a628d87a352cd5d5,676541a9bf85ec5de3d4b68b,7,19,10,200000.0
6804ac28a628d87a352cd5d5,676541a9bf85ec5de3d4b68b,7,19,7,200000.0
6804ac28a628d87a352cd5d5,676541a9bf85ec5de3d4b68b,7,19,9,200000.0
6804ac28a628d87a352cd5d5,676541a9bf85ec5de3d4b68b,7,19,6,200000.0
6804ac28a628d87a352cd5d5,676541a9bf85ec5de3d4b68b,7,19,5,200000.0
6804ac28a628d87a352cd5d5,676541a9bf85ec5de3d4b68b,7,19,6,200000.0
6804ac28a628d87a352cd5d5,676541a9bf85ec5de3d4b68b,7,19,5,200000.0
6804ac28a628d87a352cd5d5,676541a9bf85ec5de3d4b68b,7,19,5,200000.0
6804ac28a628d87a352cd5d5,676541a9bf85ec5de3d4b68b,7,19,5,200000.0
6804ac28a628d87a352cd5d5,676541a9bf85ec5de3d4b68b,7,19,9,200000.0
6804ac28a628d87a352cd5d5,676541a9bf85ec5de3d4b68b,7,19,8,200000.0
6804ac28a628d87a352cd5d5,676541a9bf85ec5de3d4b68b,7,19,9,200000.0
6804ac28a628d87a352cd5d5,676541a9bf85ec5de3d4b68b,7,19,4,200000.0
6804b000a628d87a352cd5e3,67654209bf85ec5de3d4b68e,2,19,7,50000.0
6804b000a628d87a352cd5e3,67654209bf85ec5de3d4b68e,2,19,8,50000.0
6804b000a628d87a352cd5e3,67654209bf85ec5de3d4b68e,2,19,7,50000.0
6804b000a628d87a352cd5e3,67654209bf85ec5de3d4b68e,2,19,9,50000.0
6804b000a628d87a352cd5e3,67654209bf85ec5de3d4b68e,2,19,9,50000.0
6804b000a628d87a352cd5e3,67654209bf85ec5de3d4b68e,2,19,8,50000.0
6804b000a628d87a352cd5e3,67654209bf85ec5de3d4b68e,2,19,6,50000.0
6804b000a628d87a352cd5e3,67654209bf85ec5de3d4b68e,2,19,7,50000.0
6804b000a628d87a352cd5e3,67654209bf85ec5de3d4b68e,2,19,6,50000.0
6804b000a628d87a352cd5e3,67654209bf85ec5de3d4b68e,2,19,5,50000.0
6804b000a628d87a352cd5e3,67654209bf85ec5de3d4b68e,2,19,5,50000.0
6804b000a628d87a352cd5e3,67654209bf85ec5de3d4b68e,2,19,4,50000.0
6804b000a628d87a352cd5e3,67654209bf85ec5de3d4b68e,2,10,7,50000.0
6804b000a628d87a352cd5e3,67654209bf85ec5de3d4b68e,2,10,8,50000.0
6804b000a628d87a352cd5e3,67654209bf85ec5de3d4b68e,2,10,7,50000.0
6804b000a628d87a352cd5e3,67654209bf85ec5de3d4b68e,2,10,9,50000.0
6804b000a628d87a352cd5e3,67654209bf85ec5de3d4b68e,2,10,9,50000.0
6804b000a628d87a352cd5e3,67654209bf85ec5de3d4b68e,2,10,8,50000.0
6804b000a628d87a352cd5e3,67654209bf85ec5de3d4b68e,2,10,6,50000.0
6804b000a628d87a352cd5e3,67654209bf85ec5de3d4b68e,2,10,7,50000.0
6804b000a628d87a352cd5e3,67654209bf85ec5de3d4b68e,2,10,6,50000.0
6804b000a628d87a352cd5e3,67654209bf85ec5de3d4b68e,2,10,5,50000.0
6804b000a628d87a352cd5e3,67654209bf85ec5de3d4b68e,2,10,5,50000.0
6804b000a628d87a352cd5e3,67654209bf85ec5de3d4b68e,2,10,4,50000.0
6804b000a628d87a352cd5e3,67654209bf85ec5de3d4b68e,2,14,7,50000.0
6804b000a628d87a352cd5e3,67654209bf85ec5de3d4b68e,2,14,8,50000.0
6804b000a628d87a352cd5e3,67654209bf85ec5de3d4b68e,2,14,7,50000.0
6804b000a628d87a352cd5e3,67654209bf85ec5de3d4b68e,2,14,9,50000.0
6804b000a628d87a352cd5e3,67654209bf85ec5de3d4b68e,2,14,9,50000.0
6804b000a628d87a352cd5e3,67654209bf85ec5de3d4b68e,2,14,8,50000.0
6804b000a628d87a352cd5e3,67654209bf85ec5de3d4b68e,2,14,6,50000.0
6804b000a628d87a352cd5e3,67654209bf85ec5de3d4b68e,2,14,6,50000.0
6804b000a628d87a352cd5e3,67654209bf85ec5de3d4b68e,2,14,7,50000.0
6804b000a628d87a352cd5e3,67654209bf85ec5de3d4b68e,2,14,4,50000.0
6804b000a628d87a352cd5e3,67654209bf85ec5de3d4b68e,2,14,5,50000.0
6804b000a628d87a352cd5e3,67654209bf85ec5de3d4b68e,2,14,5,50000.0
6804b000a628d87a352cd5e3,67654209bf85ec5de3d4b68e,1,9,11,50000.0
6804b000a628d87a352cd5e3,67654209bf85ec5de3d4b68e,1,9,12,50000.0
6804b000a628d87a352cd5e3,67654209bf85ec5de3d4b68e,1,9,11,50000.0
6804b000a628d87a352cd5e3,67654209bf85ec5de3d4b68e,1,9,12,50000.0
6804b000a628d87a352cd5e3,67654209bf85ec5de3d4b68e,1,9,12,50000.0
6804b000a628d87a352cd5e3,67654209bf85ec5de3d4b68e,1,9,12,50000.0
6804b000a628d87a352cd5e3,67654209bf85ec5de3d4b68e,1,9,10,50000.0
6804b000a628d87a352cd5e3,67654209bf85ec5de3d4b68e,1,9,11,50000.0
6804b000a628d87a352cd5e3,67654209bf85ec5de3d4b68e,1,9,11,50000.0
6804b000a628d87a352cd5e3,67654209bf85ec5de3d4b68e,1,9,10,50000.0
6804b000a628d87a352cd5e3,67654209bf85ec5de3d4b68e,1,9,10,50000.0
6804b000a628d87a352cd5e3,67654209bf85ec5de3d4b68e,1,9,10,50000.0
6804b000a628d87a352cd5e3,67654209bf85ec5de3d4b68e,1,9,2,50000.0
6804b000a628d87a352cd5e3,67654209bf85ec5de3d4b68e,1,9,2,50000.0
6804b000a628d87a352cd5e3,67654209bf85ec5de3d4b68e,1,9,2,50000.0
6804b000a628d87a352cd5e3,67654209bf85ec5de3d4b68e,1,9,3,50000.0
6804b000a628d87a352cd5e3,67654209bf85ec5de3d4b68e,1,9,3,50000.0
6804b000a628d87a352cd5e3,67654209bf85ec5de3d4b68e,1,9,3,50000.0
6804b000a628d87a352cd5e3,67654209bf85ec5de3d4b68e,1,9,1,50000.0
6804b000a628d87a352cd5e3,67654209bf85ec5de3d4b68e,1,9,2,50000.0
6804b000a628d87a352cd5e3,67654209bf85ec5de3d4b68e,1,9,1,50000.0
6804b000a628d87a352cd5e3,67654209bf85ec5de3d4b68e,1,9,1,50000.0
6804b000a628d87a352cd5e3,67654209bf85ec5de3d4b68e,1,9,1,50000.0
6804b000a628d87a352cd5e3,67654209bf85ec5de3d4b68e,1,9,12,50000.0
6804b000a628d87a352cd5e3,67654209bf85ec5de3d4b68e,1,9,8,50000.0
6804b000a628d87a352cd5e3,67654209bf85ec5de3d4b68e,1,9,8,50000.0
6804b000a628d87a352cd5e3,67654209bf85ec5de3d4b68e,1,9,8,50000.0
6804b000a628d87a352cd5e3,67654209bf85ec5de3d4b68e,1,9,7,50000.0
6804b000a628d87a352cd5e3,67654209bf85ec5de3d4b68e,1,9,7,50000.0
6804b000a628d87a352cd5e3,67654209bf85ec5de3d4b68e,1,9,7,50000.0
6804b000a628d87a352cd5e3,67654209bf85ec5de3d4b68e,1,9,9,50000.0
6804b000a628d87a352cd5e3,67654209bf85ec5de3d4b68e,1,9,9,50000.0
6804b000a628d87a352cd5e3,67654209bf85ec5de3d4b68e,1,9,9,50000.0
6804b000a628d87a352cd5e3,67654209bf85ec5de3d4b68e,1,9,9,50000.0
6804b000a628d87a352cd5e3,67654209bf85ec5de3d4b68e,1,9,9,50000.0
6804b000a628d87a352cd5e3,67654209bf85ec5de3d4b68e,1,9,8,50000.0
6804b000a628d87a352cd5e3,67654209bf85ec5de3d4b68e,1,9,6,50000.0
6804b000a628d87a352cd5e3,67654209bf85ec5de3d4b68e,1,9,6,50000.0
6804b000a628d87a352cd5e3,67654209bf85ec5de3d4b68e,1,9,6,50000.0
6804b000a628d87a352cd5e3,67654209bf85ec5de3d4b68e,1,9,6,50000.0
6804b000a628d87a352cd5e3,67654209bf85ec5de3d4b68e,1,9,7,50000.0
6804b000a628d87a352cd5e3,67654209bf85ec5de3d4b68e,1,9,6,50000.0
6804b000a628d87a352cd5e3,67654209bf85ec5de3d4b68e,1,9,5,50000.0
6804b000a628d87a352cd5e3,67654209bf85ec5de3d4b68e,1,9,5,50000.0
6804b000a628d87a352cd5e3,67654209bf85ec5de3d4b68e,1,9,5,50000.0
6804b000a628d87a352cd5e3,67654209bf85ec5de3d4b68e,1,9,4,50000.0
6804b000a628d87a352cd5e3,67654209bf85ec5de3d4b68e,1,9,5,50000.0
6804b000a628d87a352cd5e3,67654209bf85ec5de3d4b68e,1,9,4,50000.0
6804b000a628d87a352cd5e3,67654209bf85ec5de3d4b68e,3,9,11,50000.0
6804b000a628d87a352cd5e3,67654209bf85ec5de3d4b68e,3,9,12,50000.0
6804b000a628d87a352cd5e3,67654209bf85ec5de3d4b68e,3,9,11,50000.0
6804b000a628d87a352cd5e3,67654209bf85ec5de3d4b68e,3,9,12,50000.0
6804b000a628d87a352cd5e3,67654209bf85ec5de3d4b68e,3,9,12,50000.0
6804b000a628d87a352cd5e3,67654209bf85ec5de3d4b68e,3,9,12,50000.0
6804b000a628d87a352cd5e3,67654209bf85ec5de3d4b68e,3,9,10,50000.0
6804b000a628d87a352cd5e3,67654209bf85ec5de3d4b68e,3,9,11,50000.0
6804b000a628d87a352cd5e3,67654209bf85ec5de3d4b68e,3,9,11,50000.0
6804b000a628d87a352cd5e3,67654209bf85ec5de3d4b68e,3,9,10,50000.0
6804b000a628d87a352cd5e3,67654209bf85ec5de3d4b68e,3,9,10,50000.0
6804b000a628d87a352cd5e3,67654209bf85ec5de3d4b68e,3,9,10,50000.0
6804b000a628d87a352cd5e3,67654209bf85ec5de3d4b68e,3,9,2,50000.0
6804b000a628d87a352cd5e3,67654209bf85ec5de3d4b68e,3,9,2,50000.0
6804b000a628d87a352cd5e3,67654209bf85ec5de3d4b68e,3,9,2,50000.0
6804b000a628d87a352cd5e3,67654209bf85ec5de3d4b68e,3,9,3,50000.0
6804b000a628d87a352cd5e3,67654209bf85ec5de3d4b68e,3,9,3,50000.0
6804b000a628d87a352cd5e3,67654209bf85ec5de3d4b68e,3,9,8,50000.0
6804b000a628d87a352cd5e3,67654209bf85ec5de3d4b68e,3,9,3,50000.0
6804b000a628d87a352cd5e3,67654209bf85ec5de3d4b68e,3,9,8,50000.0
6804b000a628d87a352cd5e3,67654209bf85ec5de3d4b68e,3,9,6,50000.0
6804b000a628d87a352cd5e3,67654209bf85ec5de3d4b68e,3,9,1,50000.0
6804b000a628d87a352cd5e3,67654209bf85ec5de3d4b68e,3,9,6,50000.0
6804b000a628d87a352cd5e3,67654209bf85ec5de3d4b68e,3,9,8,50000.0
6804b000a628d87a352cd5e3,67654209bf85ec5de3d4b68e,3,9,2,50000.0
6804b000a628d87a352cd5e3,67654209bf85ec5de3d4b68e,3,9,5,50000.0
6804b000a628d87a352cd5e3,67654209bf85ec5de3d4b68e,3,9,6,50000.0
6804b000a628d87a352cd5e3,67654209bf85ec5de3d4b68e,3,9,7,50000.0
6804b000a628d87a352cd5e3,67654209bf85ec5de3d4b68e,3,9,5,50000.0
6804b000a628d87a352cd5e3,67654209bf85ec5de3d4b68e,3,9,1,50000.0
6804b000a628d87a352cd5e3,67654209bf85ec5de3d4b68e,3,9,7,50000.0
6804b000a628d87a352cd5e3,67654209bf85ec5de3d4b68e,3,9,7,50000.0
6804b000a628d87a352cd5e3,67654209bf85ec5de3d4b68e,3,9,5,50000.0
6804b000a628d87a352cd5e3,67654209bf85ec5de3d4b68e,3,9,7,50000.0
6804b000a628d87a352cd5e3,67654209bf85ec5de3d4b68e,3,9,7,50000.0
6804b000a628d87a352cd5e3,67654209bf85ec5de3d4b68e,3,9,4,50000.0
6804b000a628d87a352cd5e3,67654209bf85ec5de3d4b68e,3,9,6,50000.0
6804b000a628d87a352cd5e3,67654209bf85ec5de3d4b68e,3,9,9,50000.0
6804b000a628d87a352cd5e3,67654209bf85ec5de3d4b68e,3,9,5,50000.0
6804b000a628d87a352cd5e3,67654209bf85ec5de3d4b68e,3,9,1,50000.0
6804b000a628d87a352cd5e3,67654209bf85ec5de3d4b68e,3,9,4,50000.0
6804b000a628d87a352cd5e3,67654209bf85ec5de3d4b68e,3,9,10,50000.0
6804b000a628d87a352cd5e3,67654209bf85ec5de3d4b68e,3,9,9,50000.0
6804b000a628d87a352cd5e3,67654209bf85ec5de3d4b68e,3,9,1,50000.0
6804b000a628d87a352cd5e3,67654209bf85ec5de3d4b68e,3,9,9,50000.0
6804b000a628d87a352cd5e3,67654209bf85ec5de3d4b68e,3,9,8,50000.0
6804b000a628d87a352cd5e3,67654209bf85ec5de3d4b68e,3,9,9,50000.0
6804b000a628d87a352cd5e3,67654209bf85ec5de3d4b68e,3,9,12,50000.0
6804b000a628d87a352cd5e3,67654209bf85ec5de3d4b68e,3,20,11,50000.0
6804b000a628d87a352cd5e3,67654209bf85ec5de3d4b68e,3,20,12,50000.0
6804b000a628d87a352cd5e3,67654209bf85ec5de3d4b68e,3,20,11,50000.0
6804b000a628d87a352cd5e3,67654209bf85ec5de3d4b68e,3,20,12,50000.0
6804b000a628d87a352cd5e3,67654209bf85ec5de3d4b68e,3,20,12,50000.0
6804b000a628d87a352cd5e3,67654209bf85ec5de3d4b68e,3,20,12,50000.0
6804b000a628d87a352cd5e3,67654209bf85ec5de3d4b68e,3,20,10,50000.0
6804b000a628d87a352cd5e3,67654209bf85ec5de3d4b68e,3,20,11,50000.0
6804b000a628d87a352cd5e3,67654209bf85ec5de3d4b68e,3,20,11,50000.0
6804b000a628d87a352cd5e3,67654209bf85ec5de3d4b68e,3,20,10,50000.0
6804b000a628d87a352cd5e3,67654209bf85ec5de3d4b68e,3,20,10,50000.0
6804b000a628d87a352cd5e3,67654209bf85ec5de3d4b68e,3,20,10,50000.0
6804b000a628d87a352cd5e3,67654209bf85ec5de3d4b68e,3,20,2,50000.0
6804b000a628d87a352cd5e3,67654209bf85ec5de3d4b68e,3,20,2,50000.0
6804b000a628d87a352cd5e3,67654209bf85ec5de3d4b68e,3,20,2,50000.0
6804b000a628d87a352cd5e3,67654209bf85ec5de3d4b68e,3,20,3,50000.0
6804b000a628d87a352cd5e3,67654209bf85ec5de3d4b68e,3,20,3,50000.0
6804b000a628d87a352cd5e3,67654209bf85ec5de3d4b68e,3,20,3,50000.0
6804b000a628d87a352cd5e3,67654209bf85ec5de3d4b68e,3,20,1,50000.0
6804b000a628d87a352cd5e3,67654209bf85ec5de3d4b68e,3,20,2,50000.0
6804b000a628d87a352cd5e3,67654209bf85ec5de3d4b68e,3,20,1,50000.0
6804b000a628d87a352cd5e3,67654209bf85ec5de3d4b68e,3,20,1,50000.0
6804b000a628d87a352cd5e3,67654209bf85ec5de3d4b68e,3,20,1,50000.0
6804b000a628d87a352cd5e3,67654209bf85ec5de3d4b68e,3,20,12,50000.0
6804b000a628d87a352cd5e3,67654209bf85ec5de3d4b68e,3,20,8,50000.0
6804b000a628d87a352cd5e3,67654209bf85ec5de3d4b68e,3,20,8,50000.0
6804b000a628d87a352cd5e3,67654209bf85ec5de3d4b68e,3,20,8,50000.0
6804b000a628d87a352cd5e3,67654209bf85ec5de3d4b68e,3,20,7,50000.0
6804b000a628d87a352cd5e3,67654209bf85ec5de3d4b68e,3,20,7,50000.0
6804b000a628d87a352cd5e3,67654209bf85ec5de3d4b68e,3,20,7,50000.0
6804b000a628d87a352cd5e3,67654209bf85ec5de3d4b68e,3,20,7,50000.0
6804b000a628d87a352cd5e3,67654209bf85ec5de3d4b68e,3,20,6,50000.0
6804b000a628d87a352cd5e3,67654209bf85ec5de3d4b68e,3,20,7,50000.0
6804b000a628d87a352cd5e3,67654209bf85ec5de3d4b68e,3,20,6,50000.0
6804b000a628d87a352cd5e3,67654209bf85ec5de3d4b68e,3,20,6,50000.0
6804b000a628d87a352cd5e3,67654209bf85ec5de3d4b68e,3,20,9,50000.0
6804b000a628d87a352cd5e3,67654209bf85ec5de3d4b68e,3,20,6,50000.0
6804b000a628d87a352cd5e3,67654209bf85ec5de3d4b68e,3,20,4,50000.0
6804b000a628d87a352cd5e3,67654209bf85ec5de3d4b68e,3,20,10,50000.0
6804b000a628d87a352cd5e3,67654209bf85ec5de3d4b68e,3,20,9,50000.0
6804b000a628d87a352cd5e3,67654209bf85ec5de3d4b68e,3,20,5,50000.0
6804b000a628d87a352cd5e3,67654209bf85ec5de3d4b68e,3,20,4,50000.0
6804b000a628d87a352cd5e3,67654209bf85ec5de3d4b68e,3,20,8,50000.0
6804b000a628d87a352cd5e3,67654209bf85ec5de3d4b68e,3,20,5,50000.0
6804b000a628d87a352cd5e3,67654209bf85ec5de3d4b68e,3,20,9,50000.0
6804b000a628d87a352cd5e3,67654209bf85ec5de3d4b68e,3,20,5,50000.0
6804b000a628d87a352cd5e3,67654209bf85ec5de3d4b68e,3,20,5,50000.0
6804b000a628d87a352cd5e3,67654209bf85ec5de3d4b68e,3,20,9,50000.0
6804b000a628d87a352cd5e3,67654209bf85ec5de3d4b68e,4,5,11,50000.0
6804b000a628d87a352cd5e3,67654209bf85ec5de3d4b68e,4,5,12,50000.0
6804b000a628d87a352cd5e3,67654209bf85ec5de3d4b68e,4,5,11,50000.0
6804b000a628d87a352cd5e3,67654209bf85ec5de3d4b68e,4,5,12,50000.0
6804b000a628d87a352cd5e3,67654209bf85ec5de3d4b68e,4,5,12,50000.0
6804b000a628d87a352cd5e3,67654209bf85ec5de3d4b68e,4,5,12,50000.0
6804b000a628d87a352cd5e3,67654209bf85ec5de3d4b68e,4,5,10,50000.0
6804b000a628d87a352cd5e3,67654209bf85ec5de3d4b68e,4,5,11,50000.0
6804b000a628d87a352cd5e3,67654209bf85ec5de3d4b68e,4,5,11,50000.0
6804b000a628d87a352cd5e3,67654209bf85ec5de3d4b68e,4,5,10,50000.0
6804b000a628d87a352cd5e3,67654209bf85ec5de3d4b68e,4,5,10,50000.0
6804b000a628d87a352cd5e3,67654209bf85ec5de3d4b68e,4,5,10,50000.0
6804b000a628d87a352cd5e3,67654209bf85ec5de3d4b68e,4,5,2,50000.0
6804b000a628d87a352cd5e3,67654209bf85ec5de3d4b68e,4,5,2,50000.0
6804b000a628d87a352cd5e3,67654209bf85ec5de3d4b68e,4,5,2,50000.0
6804b000a628d87a352cd5e3,67654209bf85ec5de3d4b68e,4,5,3,50000.0
6804b000a628d87a352cd5e3,67654209bf85ec5de3d4b68e,4,5,3,50000.0
6804b000a628d87a352cd5e3,67654209bf85ec5de3d4b68e,4,5,3,50000.0
6804b000a628d87a352cd5e3,67654209bf85ec5de3d4b68e,4,5,8,50000.0
6804b000a628d87a352cd5e3,67654209bf85ec5de3d4b68e,4,5,1,50000.0
6804b000a628d87a352cd5e3,67654209bf85ec5de3d4b68e,4,5,8,50000.0
6804b000a628d87a352cd5e3,67654209bf85ec5de3d4b68e,4,5,1,50000.0
6804b000a628d87a352cd5e3,67654209bf85ec5de3d4b68e,4,5,8,50000.0
6804b000a628d87a352cd5e3,67654209bf85ec5de3d4b68e,4,5,6,50000.0
6804b000a628d87a352cd5e3,67654209bf85ec5de3d4b68e,4,5,7,50000.0
6804b000a628d87a352cd5e3,67654209bf85ec5de3d4b68e,4,5,1,50000.0
6804b000a628d87a352cd5e3,67654209bf85ec5de3d4b68e,4,5,6,50000.0
6804b000a628d87a352cd5e3,67654209bf85ec5de3d4b68e,4,5,1,50000.0
6804b000a628d87a352cd5e3,67654209bf85ec5de3d4b68e,4,5,6,50000.0
6804b000a628d87a352cd5e3,67654209bf85ec5de3d4b68e,4,5,7,50000.0
6804b000a628d87a352cd5e3,67654209bf85ec5de3d4b68e,4,5,9,50000.0
6804b000a628d87a352cd5e3,67654209bf85ec5de3d4b68e,4,5,7,50000.0
6804b000a628d87a352cd5e3,67654209bf85ec5de3d4b68e,4,5,2,50000.0
6804b000a628d87a352cd5e3,67654209bf85ec5de3d4b68e,4,5,7,50000.0
6804b000a628d87a352cd5e3,67654209bf85ec5de3d4b68e,4,5,7,50000.0
6804b000a628d87a352cd5e3,67654209bf85ec5de3d4b68e,4,5,5,50000.0
6804b000a628d87a352cd5e3,67654209bf85ec5de3d4b68e,4,5,9,50000.0
6804b000a628d87a352cd5e3,67654209bf85ec5de3d4b68e,4,5,6,50000.0
6804b000a628d87a352cd5e3,67654209bf85ec5de3d4b68e,4,5,5,50000.0
6804b000a628d87a352cd5e3,67654209bf85ec5de3d4b68e,4,5,10,50000.0
6804b000a628d87a352cd5e3,67654209bf85ec5de3d4b68e,4,5,5,50000.0
6804b000a628d87a352cd5e3,67654209bf85ec5de3d4b68e,4,5,4,50000.0
6804b000a628d87a352cd5e3,67654209bf85ec5de3d4b68e,4,5,9,50000.0
6804b000a628d87a352cd5e3,67654209bf85ec5de3d4b68e,4,5,9,50000.0
6804b000a628d87a352cd5e3,67654209bf85ec5de3d4b68e,4,5,5,50000.0
6804b000a628d87a352cd5e3,67654209bf85ec5de3d4b68e,4,5,5,50000.0
6804b000a628d87a352cd5e3,67654209bf85ec5de3d4b68e,4,5,1,50000.0
6804b000a628d87a352cd5e3,67654209bf85ec5de3d4b68e,4,5,8,50000.0
6804b000a628d87a352cd5e3,67654209bf85ec5de3d4b68e,4,19,11,50000.0
6804b000a628d87a352cd5e3,67654209bf85ec5de3d4b68e,4,19,12,50000.0
6804b000a628d87a352cd5e3,67654209bf85ec5de3d4b68e,4,19,11,50000.0
6804b000a628d87a352cd5e3,67654209bf85ec5de3d4b68e,4,19,12,50000.0
6804b000a628d87a352cd5e3,67654209bf85ec5de3d4b68e,4,19,12,50000.0
6804b000a628d87a352cd5e3,67654209bf85ec5de3d4b68e,4,19,12,50000.0
6804b000a628d87a352cd5e3,67654209bf85ec5de3d4b68e,4,19,10,50000.0
6804b000a628d87a352cd5e3,67654209bf85ec5de3d4b68e,4,19,11,50000.0
6804b000a628d87a352cd5e3,67654209bf85ec5de3d4b68e,4,19,11,50000.0
6804b000a628d87a352cd5e3,67654209bf85ec5de3d4b68e,4,19,10,50000.0
6804b000a628d87a352cd5e3,67654209bf85ec5de3d4b68e,4,19,10,50000.0
6804b000a628d87a352cd5e3,67654209bf85ec5de3d4b68e,4,19,10,50000.0
6804b000a628d87a352cd5e3,67654209bf85ec5de3d4b68e,4,19,8,50000.0
6804b000a628d87a352cd5e3,67654209bf85ec5de3d4b68e,4,19,8,50000.0
6804b000a628d87a352cd5e3,67654209bf85ec5de3d4b68e,4,19,8,50000.0
6804b000a628d87a352cd5e3,67654209bf85ec5de3d4b68e,4,19,7,50000.0
6804b000a628d87a352cd5e3,67654209bf85ec5de3d4b68e,4,19,2,50000.0
6804b000a628d87a352cd5e3,67654209bf85ec5de3d4b68e,4,19,7,50000.0
6804b000a628d87a352cd5e3,67654209bf85ec5de3d4b68e,4,19,2,50000.0
6804b000a628d87a352cd5e3,67654209bf85ec5de3d4b68e,4,19,7,50000.0
6804b000a628d87a352cd5e3,67654209bf85ec5de3d4b68e,4,19,2,50000.0
6804b000a628d87a352cd5e3,67654209bf85ec5de3d4b68e,4,19,9,50000.0
6804b000a628d87a352cd5e3,67654209bf85ec5de3d4b68e,4,19,10,50000.0
6804b000a628d87a352cd5e3,67654209bf85ec5de3d4b68e,4,19,9,50000.0
6804b000a628d87a352cd5e3,67654209bf85ec5de3d4b68e,4,19,9,50000.0
6804b000a628d87a352cd5e3,67654209bf85ec5de3d4b68e,4,19,9,50000.0
6804b000a628d87a352cd5e3,67654209bf85ec5de3d4b68e,4,19,8,50000.0
6804b000a628d87a352cd5e3,67654209bf85ec5de3d4b68e,4,19,3,50000.0
6804b000a628d87a352cd5e3,67654209bf85ec5de3d4b68e,4,19,3,50000.0
6804b000a628d87a352cd5e3,67654209bf85ec5de3d4b68e,4,19,3,50000.0
6804b000a628d87a352cd5e3,67654209bf85ec5de3d4b68e,4,19,6,50000.0
6804b000a628d87a352cd5e3,67654209bf85ec5de3d4b68e,4,19,6,50000.0
6804b000a628d87a352cd5e3,67654209bf85ec5de3d4b68e,4,19,6,50000.0
6804b000a628d87a352cd5e3,67654209bf85ec5de3d4b68e,4,19,7,50000.0
6804b000a628d87a352cd5e3,67654209bf85ec5de3d4b68e,4,19,7,50000.0
6804b000a628d87a352cd5e3,67654209bf85ec5de3d4b68e,4,19,6,50000.0
6804b000a628d87a352cd5e3,67654209bf85ec5de3d4b68e,4,19,1,50000.0
6804b000a628d87a352cd5e3,67654209bf85ec5de3d4b68e,4,19,1,50000.0
6804b000a628d87a352cd5e3,67654209bf85ec5de3d4b68e,4,19,5,50000.0
6804b000a628d87a352cd5e3,67654209bf85ec5de3d4b68e,4,19,5,50000.0
6804b000a628d87a352cd5e3,67654209bf85ec5de3d4b68e,4,19,1,50000.0
6804b000a628d87a352cd5e3,67654209bf85ec5de3d4b68e,4,19,2,50000.0
6804b000a628d87a352cd5e3,67654209bf85ec5de3d4b68e,4,19,4,50000.0
6804b000a628d87a352cd5e3,67654209bf85ec5de3d4b68e,4,19,1,50000.0
6804b000a628d87a352cd5e3,67654209bf85ec5de3d4b68e,4,19,1,50000.0
6804b000a628d87a352cd5e3,67654209bf85ec5de3d4b68e,4,19,5,50000.0
6804b000a628d87a352cd5e3,67654209bf85ec5de3d4b68e,4,19,5,50000.0
6804b000a628d87a352cd5e3,67654209bf85ec5de3d4b68e,4,19,5,50000.0
6804b000a628d87a352cd5e3,67654209bf85ec5de3d4b68e,4,20,11,50000.0
6804b000a628d87a352cd5e3,67654209bf85ec5de3d4b68e,4,20,12,50000.0
6804b000a628d87a352cd5e3,67654209bf85ec5de3d4b68e,4,20,11,50000.0
6804b000a628d87a352cd5e3,67654209bf85ec5de3d4b68e,4,20,12,50000.0
6804b000a628d87a352cd5e3,67654209bf85ec5de3d4b68e,4,20,12,50000.0
6804b000a628d87a352cd5e3,67654209bf85ec5de3d4b68e,4,20,12,50000.0
6804b000a628d87a352cd5e3,67654209bf85ec5de3d4b68e,4,20,10,50000.0
6804b000a628d87a352cd5e3,67654209bf85ec5de3d4b68e,4,20,11,50000.0
6804b000a628d87a352cd5e3,67654209bf85ec5de3d4b68e,4,20,11,50000.0
6804b000a628d87a352cd5e3,67654209bf85ec5de3d4b68e,4,20,10,50000.0
6804b000a628d87a352cd5e3,67654209bf85ec5de3d4b68e,4,20,10,50000.0
6804b000a628d87a352cd5e3,67654209bf85ec5de3d4b68e,4,20,10,50000.0
6804b000a628d87a352cd5e3,67654209bf85ec5de3d4b68e,4,20,2,50000.0
6804b000a628d87a352cd5e3,67654209bf85ec5de3d4b68e,4,20,2,50000.0
6804b000a628d87a352cd5e3,67654209bf85ec5de3d4b68e,4,20,2,50000.0
6804b000a628d87a352cd5e3,67654209bf85ec5de3d4b68e,4,20,3,50000.0
6804b000a628d87a352cd5e3,67654209bf85ec5de3d4b68e,4,20,3,50000.0
6804b000a628d87a352cd5e3,67654209bf85ec5de3d4b68e,4,20,8,50000.0
6804b000a628d87a352cd5e3,67654209bf85ec5de3d4b68e,4,20,3,50000.0
6804b000a628d87a352cd5e3,67654209bf85ec5de3d4b68e,4,20,1,50000.0
6804b000a628d87a352cd5e3,67654209bf85ec5de3d4b68e,4,20,6,50000.0
6804b000a628d87a352cd5e3,67654209bf85ec5de3d4b68e,4,20,5,50000.0
6804b000a628d87a352cd5e3,67654209bf85ec5de3d4b68e,4,20,1,50000.0
6804b000a628d87a352cd5e3,67654209bf85ec5de3d4b68e,4,20,5,50000.0
6804b000a628d87a352cd5e3,67654209bf85ec5de3d4b68e,4,20,1,50000.0
6804b000a628d87a352cd5e3,67654209bf85ec5de3d4b68e,4,20,6,50000.0
6804b000a628d87a352cd5e3,67654209bf85ec5de3d4b68e,4,20,2,50000.0
6804b000a628d87a352cd5e3,67654209bf85ec5de3d4b68e,4,20,1,50000.0
6804b000a628d87a352cd5e3,67654209bf85ec5de3d4b68e,4,20,5,50000.0
6804b000a628d87a352cd5e3,67654209bf85ec5de3d4b68e,4,20,1,50000.0
6804b000a628d87a352cd5e3,67654209bf85ec5de3d4b68e,4,20,6,50000.0
6804b000a628d87a352cd5e3,67654209bf85ec5de3d4b68e,4,20,6,50000.0
6804b000a628d87a352cd5e3,67654209bf85ec5de3d4b68e,4,20,7,50000.0
6804b000a628d87a352cd5e3,67654209bf85ec5de3d4b68e,4,20,7,50000.0
6804b000a628d87a352cd5e3,67654209bf85ec5de3d4b68e,4,20,9,50000.0
6804b000a628d87a352cd5e3,67654209bf85ec5de3d4b68e,4,20,7,50000.0
6804b000a628d87a352cd5e3,67654209bf85ec5de3d4b68e,4,20,5,50000.0
6804b000a628d87a352cd5e3,67654209bf85ec5de3d4b68e,4,20,10,50000.0
6804b000a628d87a352cd5e3,67654209bf85ec5de3d4b68e,4,20,7,50000.0
6804b000a628d87a352cd5e3,67654209bf85ec5de3d4b68e,4,20,7,50000.0
6804b000a628d87a352cd5e3,67654209bf85ec5de3d4b68e,4,20,5,50000.0
6804b000a628d87a352cd5e3,67654209bf85ec5de3d4b68e,4,20,8,50000.0
6804b000a628d87a352cd5e3,67654209bf85ec5de3d4b68e,4,20,9,50000.0
6804b000a628d87a352cd5e3,67654209bf85ec5de3d4b68e,4,20,8,50000.0
6804b000a628d87a352cd5e3,67654209bf85ec5de3d4b68e,4,20,4,50000.0
6804b000a628d87a352cd5e3,67654209bf85ec5de3d4b68e,4,20,8,50000.0
6804b000a628d87a352cd5e3,67654209bf85ec5de3d4b68e,4,20,9,50000.0
6804b000a628d87a352cd5e3,67654209bf85ec5de3d4b68e,4,20,9,50000.0
6804b000a628d87a352cd5e3,67654209bf85ec5de3d4b68e,4,10,11,50000.0
6804b000a628d87a352cd5e3,67654209bf85ec5de3d4b68e,4,10,12,50000.0
6804b000a628d87a352cd5e3,67654209bf85ec5de3d4b68e,4,10,11,50000.0
6804b000a628d87a352cd5e3,67654209bf85ec5de3d4b68e,4,10,12,50000.0
6804b000a628d87a352cd5e3,67654209bf85ec5de3d4b68e,4,10,12,50000.0
6804b000a628d87a352cd5e3,67654209bf85ec5de3d4b68e,4,10,12,50000.0
6804b000a628d87a352cd5e3,67654209bf85ec5de3d4b68e,4,10,10,50000.0
6804b000a628d87a352cd5e3,67654209bf85ec5de3d4b68e,4,10,11,50000.0
6804b000a628d87a352cd5e3,67654209bf85ec5de3d4b68e,4,10,11,50000.0
6804b000a628d87a352cd5e3,67654209bf85ec5de3d4b68e,4,10,10,50000.0
6804b000a628d87a352cd5e3,67654209bf85ec5de3d4b68e,4,10,10,50000.0
6804b000a628d87a352cd5e3,67654209bf85ec5de3d4b68e,4,10,10,50000.0
6804b000a628d87a352cd5e3,67654209bf85ec5de3d4b68e,4,10,2,50000.0
6804b000a628d87a352cd5e3,67654209bf85ec5de3d4b68e,4,10,2,50000.0
6804b000a628d87a352cd5e3,67654209bf85ec5de3d4b68e,4,10,2,50000.0
6804b000a628d87a352cd5e3,67654209bf85ec5de3d4b68e,4,10,3,50000.0
6804b000a628d87a352cd5e3,67654209bf85ec5de3d4b68e,4,10,3,50000.0
6804b000a628d87a352cd5e3,67654209bf85ec5de3d4b68e,4,10,3,50000.0
6804b000a628d87a352cd5e3,67654209bf85ec5de3d4b68e,4,10,1,50000.0
6804b000a628d87a352cd5e3,67654209bf85ec5de3d4b68e,4,10,2,50000.0
6804b000a628d87a352cd5e3,67654209bf85ec5de3d4b68e,4,10,1,50000.0
6804b000a628d87a352cd5e3,67654209bf85ec5de3d4b68e,4,10,1,50000.0
6804b000a628d87a352cd5e3,67654209bf85ec5de3d4b68e,4,10,8,50000.0
6804b000a628d87a352cd5e3,67654209bf85ec5de3d4b68e,4,10,9,50000.0
6804b000a628d87a352cd5e3,67654209bf85ec5de3d4b68e,4,10,1,50000.0
6804b000a628d87a352cd5e3,67654209bf85ec5de3d4b68e,4,10,10,50000.0
6804b000a628d87a352cd5e3,67654209bf85ec5de3d4b68e,4,10,1,50000.0
6804b000a628d87a352cd5e3,67654209bf85ec5de3d4b68e,4,10,9,50000.0
6804b000a628d87a352cd5e3,67654209bf85ec5de3d4b68e,4,10,9,50000.0
6804b000a628d87a352cd5e3,67654209bf85ec5de3d4b68e,4,10,9,50000.0
6804b000a628d87a352cd5e3,67654209bf85ec5de3d4b68e,4,10,7,50000.0
6804b000a628d87a352cd5e3,67654209bf85ec5de3d4b68e,4,10,6,50000.0
6804b000a628d87a352cd5e3,67654209bf85ec5de3d4b68e,4,10,7,50000.0
6804b000a628d87a352cd5e3,67654209bf85ec5de3d4b68e,4,10,8,50000.0
6804b000a628d87a352cd5e3,67654209bf85ec5de3d4b68e,4,10,5,50000.0
6804b000a628d87a352cd5e3,67654209bf85ec5de3d4b68e,4,10,6,50000.0
6804b000a628d87a352cd5e3,67654209bf85ec5de3d4b68e,4,10,8,50000.0
6804b000a628d87a352cd5e3,67654209bf85ec5de3d4b68e,4,10,7,50000.0
6804b000a628d87a352cd5e3,67654209bf85ec5de3d4b68e,4,10,5,50000.0
6804b000a628d87a352cd5e3,67654209bf85ec5de3d4b68e,4,10,8,50000.0
6804b000a628d87a352cd5e3,67654209bf85ec5de3d4b68e,4,10,5,50000.0
6804b000a628d87a352cd5e3,67654209bf85ec5de3d4b68e,4,10,5,50000.0
6804b000a628d87a352cd5e3,67654209bf85ec5de3d4b68e,4,10,7,50000.0
6804b000a628d87a352cd5e3,67654209bf85ec5de3d4b68e,4,10,5,50000.0
6804b000a628d87a352cd5e3,67654209bf85ec5de3d4b68e,4,10,6,50000.0
6804b000a628d87a352cd5e3,67654209bf85ec5de3d4b68e,4,10,7,50000.0
6804b000a628d87a352cd5e3,67654209bf85ec5de3d4b68e,4,10,4,50000.0
6804b000a628d87a352cd5e3,67654209bf85ec5de3d4b68e,4,10,6,50000.0
6804b000a628d87a352cd5e3,67654209bf85ec5de3d4b68e,5,7,11,50000.0
6804b000a628d87a352cd5e3,67654209bf85ec5de3d4b68e,5,7,12,50000.0
6804b000a628d87a352cd5e3,67654209bf85ec5de3d4b68e,5,7,11,50000.0
6804b000a628d87a352cd5e3,67654209bf85ec5de3d4b68e,5,7,12,50000.0
6804b000a628d87a352cd5e3,67654209bf85ec5de3d4b68e,5,7,12,50000.0
6804b000a628d87a352cd5e3,67654209bf85ec5de3d4b68e,5,7,12,50000.0
6804b000a628d87a352cd5e3,67654209bf85ec5de3d4b68e,5,7,10,50000.0
6804b000a628d87a352cd5e3,67654209bf85ec5de3d4b68e,5,7,11,50000.0
6804b000a628d87a352cd5e3,67654209bf85ec5de3d4b68e,5,7,11,50000.0
6804b000a628d87a352cd5e3,67654209bf85ec5de3d4b68e,5,7,10,50000.0
6804b000a628d87a352cd5e3,67654209bf85ec5de3d4b68e,5,7,10,50000.0
6804b000a628d87a352cd5e3,67654209bf85ec5de3d4b68e,5,7,10,50000.0
6804b000a628d87a352cd5e3,67654209bf85ec5de3d4b68e,5,7,8,50000.0
6804b000a628d87a352cd5e3,67654209bf85ec5de3d4b68e,5,7,2,50000.0
6804b000a628d87a352cd5e3,67654209bf85ec5de3d4b68e,5,7,2,50000.0
6804b000a628d87a352cd5e3,67654209bf85ec5de3d4b68e,5,7,2,50000.0
6804b000a628d87a352cd5e3,67654209bf85ec5de3d4b68e,5,7,8,50000.0
6804b000a628d87a352cd5e3,67654209bf85ec5de3d4b68e,5,7,3,50000.0
6804b000a628d87a352cd5e3,67654209bf85ec5de3d4b68e,5,7,8,50000.0
6804b000a628d87a352cd5e3,67654209bf85ec5de3d4b68e,5,7,3,50000.0
6804b000a628d87a352cd5e3,67654209bf85ec5de3d4b68e,5,7,7,50000.0
6804b000a628d87a352cd5e3,67654209bf85ec5de3d4b68e,5,7,3,50000.0
6804b000a628d87a352cd5e3,67654209bf85ec5de3d4b68e,5,7,8,50000.0
6804b000a628d87a352cd5e3,67654209bf85ec5de3d4b68e,5,7,7,50000.0
6804b000a628d87a352cd5e3,67654209bf85ec5de3d4b68e,5,7,1,50000.0
6804b000a628d87a352cd5e3,67654209bf85ec5de3d4b68e,5,7,9,50000.0
6804b000a628d87a352cd5e3,67654209bf85ec5de3d4b68e,5,7,2,50000.0
6804b000a628d87a352cd5e3,67654209bf85ec5de3d4b68e,5,7,10,50000.0
6804b000a628d87a352cd5e3,67654209bf85ec5de3d4b68e,5,7,1,50000.0
6804b000a628d87a352cd5e3,67654209bf85ec5de3d4b68e,5,7,9,50000.0
6804b000a628d87a352cd5e3,67654209bf85ec5de3d4b68e,5,7,9,50000.0
6804b000a628d87a352cd5e3,67654209bf85ec5de3d4b68e,5,7,9,50000.0
6804b000a628d87a352cd5e3,67654209bf85ec5de3d4b68e,5,7,1,50000.0
6804b000a628d87a352cd5e3,67654209bf85ec5de3d4b68e,5,7,8,50000.0
6804b000a628d87a352cd5e3,67654209bf85ec5de3d4b68e,5,7,1,50000.0
6804b000a628d87a352cd5e3,67654209bf85ec5de3d4b68e,5,7,1,50000.0
6804b000a628d87a352cd5e3,67654209bf85ec5de3d4b68e,5,7,6,50000.0
6804b000a628d87a352cd5e3,67654209bf85ec5de3d4b68e,5,7,6,50000.0
6804b000a628d87a352cd5e3,67654209bf85ec5de3d4b68e,5,7,6,50000.0
6804b000a628d87a352cd5e3,67654209bf85ec5de3d4b68e,5,7,7,50000.0
6804b000a628d87a352cd5e3,67654209bf85ec5de3d4b68e,5,7,7,50000.0
6804b000a628d87a352cd5e3,67654209bf85ec5de3d4b68e,5,7,6,50000.0
6804b000a628d87a352cd5e3,67654209bf85ec5de3d4b68e,5,7,5,50000.0
6804b000a628d87a352cd5e3,67654209bf85ec5de3d4b68e,5,7,5,50000.0
6804b000a628d87a352cd5e3,67654209bf85ec5de3d4b68e,5,7,5,50000.0
6804b000a628d87a352cd5e3,67654209bf85ec5de3d4b68e,5,7,5,50000.0
6804b000a628d87a352cd5e3,67654209bf85ec5de3d4b68e,5,7,5,50000.0
6804b000a628d87a352cd5e3,67654209bf85ec5de3d4b68e,5,7,4,50000.0
6804b000a628d87a352cd5e3,67654209bf85ec5de3d4b68e,5,6,11,50000.0
6804b000a628d87a352cd5e3,67654209bf85ec5de3d4b68e,5,6,12,50000.0
6804b000a628d87a352cd5e3,67654209bf85ec5de3d4b68e,5,6,11,50000.0
6804b000a628d87a352cd5e3,67654209bf85ec5de3d4b68e,5,6,12,50000.0
6804b000a628d87a352cd5e3,67654209bf85ec5de3d4b68e,5,6,12,50000.0
6804b000a628d87a352cd5e3,67654209bf85ec5de3d4b68e,5,6,12,50000.0
6804b000a628d87a352cd5e3,67654209bf85ec5de3d4b68e,5,6,10,50000.0
6804b000a628d87a352cd5e3,67654209bf85ec5de3d4b68e,5,6,11,50000.0
6804b000a628d87a352cd5e3,67654209bf85ec5de3d4b68e,5,6,11,50000.0
6804b000a628d87a352cd5e3,67654209bf85ec5de3d4b68e,5,6,10,50000.0
6804b000a628d87a352cd5e3,67654209bf85ec5de3d4b68e,5,6,10,50000.0
6804b000a628d87a352cd5e3,67654209bf85ec5de3d4b68e,5,6,10,50000.0
6804b000a628d87a352cd5e3,67654209bf85ec5de3d4b68e,5,6,2,50000.0
6804b000a628d87a352cd5e3,67654209bf85ec5de3d4b68e,5,6,2,50000.0
6804b000a628d87a352cd5e3,67654209bf85ec5de3d4b68e,5,6,2,50000.0
6804b000a628d87a352cd5e3,67654209bf85ec5de3d4b68e,5,6,3,50000.0
6804b000a628d87a352cd5e3,67654209bf85ec5de3d4b68e,5,6,3,50000.0
6804b000a628d87a352cd5e3,67654209bf85ec5de3d4b68e,5,6,3,50000.0
6804b000a628d87a352cd5e3,67654209bf85ec5de3d4b68e,5,6,1,50000.0
6804b000a628d87a352cd5e3,67654209bf85ec5de3d4b68e,5,6,2,50000.0
6804b000a628d87a352cd5e3,67654209bf85ec5de3d4b68e,5,6,1,50000.0
6804b000a628d87a352cd5e3,67654209bf85ec5de3d4b68e,5,6,1,50000.0
6804b000a628d87a352cd5e3,67654209bf85ec5de3d4b68e,5,6,1,50000.0
6804b000a628d87a352cd5e3,67654209bf85ec5de3d4b68e,5,6,1,50000.0
6804b000a628d87a352cd5e3,67654209bf85ec5de3d4b68e,5,6,8,50000.0
6804b000a628d87a352cd5e3,67654209bf85ec5de3d4b68e,5,6,8,50000.0
6804b000a628d87a352cd5e3,67654209bf85ec5de3d4b68e,5,6,8,50000.0
6804b000a628d87a352cd5e3,67654209bf85ec5de3d4b68e,5,6,7,50000.0
6804b000a628d87a352cd5e3,67654209bf85ec5de3d4b68e,5,6,8,50000.0
6804b000a628d87a352cd5e3,67654209bf85ec5de3d4b68e,5,6,7,50000.0
6804b000a628d87a352cd5e3,67654209bf85ec5de3d4b68e,5,6,9,50000.0
6804b000a628d87a352cd5e3,67654209bf85ec5de3d4b68e,5,6,10,50000.0
6804b000a628d87a352cd5e3,67654209bf85ec5de3d4b68e,5,6,9,50000.0
6804b000a628d87a352cd5e3,67654209bf85ec5de3d4b68e,5,6,6,50000.0
6804b000a628d87a352cd5e3,67654209bf85ec5de3d4b68e,5,6,9,50000.0
6804b000a628d87a352cd5e3,67654209bf85ec5de3d4b68e,5,6,9,50000.0
6804b000a628d87a352cd5e3,67654209bf85ec5de3d4b68e,5,6,6,50000.0
6804b000a628d87a352cd5e3,67654209bf85ec5de3d4b68e,5,6,8,50000.0
6804b000a628d87a352cd5e3,67654209bf85ec5de3d4b68e,5,6,6,50000.0
6804b000a628d87a352cd5e3,67654209bf85ec5de3d4b68e,5,6,7,50000.0
6804b000a628d87a352cd5e3,67654209bf85ec5de3d4b68e,5,6,7,50000.0
6804b000a628d87a352cd5e3,67654209bf85ec5de3d4b68e,5,6,6,50000.0
6804b000a628d87a352cd5e3,67654209bf85ec5de3d4b68e,5,6,5,50000.0
6804b000a628d87a352cd5e3,67654209bf85ec5de3d4b68e,5,6,5,50000.0
6804b000a628d87a352cd5e3,67654209bf85ec5de3d4b68e,5,6,5,50000.0
6804b000a628d87a352cd5e3,67654209bf85ec5de3d4b68e,5,6,5,50000.0
6804b000a628d87a352cd5e3,67654209bf85ec5de3d4b68e,5,6,4,50000.0
6804b000a628d87a352cd5e3,67654209bf85ec5de3d4b68e,5,6,5,50000.0
6804b000a628d87a352cd5e3,67654209bf85ec5de3d4b68e,5,21,11,50000.0
6804b000a628d87a352cd5e3,67654209bf85ec5de3d4b68e,5,21,12,50000.0
6804b000a628d87a352cd5e3,67654209bf85ec5de3d4b68e,5,21,11,50000.0
6804b000a628d87a352cd5e3,67654209bf85ec5de3d4b68e,5,21,12,50000.0
6804b000a628d87a352cd5e3,67654209bf85ec5de3d4b68e,5,21,12,50000.0
6804b000a628d87a352cd5e3,67654209bf85ec5de3d4b68e,5,21,12,50000.0
6804b000a628d87a352cd5e3,67654209bf85ec5de3d4b68e,5,21,10,50000.0
6804b000a628d87a352cd5e3,67654209bf85ec5de3d4b68e,5,21,11,50000.0
6804b000a628d87a352cd5e3,67654209bf85ec5de3d4b68e,5,21,11,50000.0
6804b000a628d87a352cd5e3,67654209bf85ec5de3d4b68e,5,21,10,50000.0
6804b000a628d87a352cd5e3,67654209bf85ec5de3d4b68e,5,21,10,50000.0
6804b000a628d87a352cd5e3,67654209bf85ec5de3d4b68e,5,21,10,50000.0
6804b000a628d87a352cd5e3,67654209bf85ec5de3d4b68e,5,21,2,50000.0
6804b000a628d87a352cd5e3,67654209bf85ec5de3d4b68e,5,21,2,50000.0
6804b000a628d87a352cd5e3,67654209bf85ec5de3d4b68e,5,21,2,50000.0
6804b000a628d87a352cd5e3,67654209bf85ec5de3d4b68e,5,21,3,50000.0
6804b000a628d87a352cd5e3,67654209bf85ec5de3d4b68e,5,21,3,50000.0
6804b000a628d87a352cd5e3,67654209bf85ec5de3d4b68e,5,21,3,50000.0
6804b000a628d87a352cd5e3,67654209bf85ec5de3d4b68e,5,21,1,50000.0
6804b000a628d87a352cd5e3,67654209bf85ec5de3d4b68e,5,21,2,50000.0
6804b000a628d87a352cd5e3,67654209bf85ec5de3d4b68e,5,21,1,50000.0
6804b000a628d87a352cd5e3,67654209bf85ec5de3d4b68e,5,21,8,50000.0
6804b000a628d87a352cd5e3,67654209bf85ec5de3d4b68e,5,21,1,50000.0
6804b000a628d87a352cd5e3,67654209bf85ec5de3d4b68e,5,21,8,50000.0
6804b000a628d87a352cd5e3,67654209bf85ec5de3d4b68e,5,21,1,50000.0
6804b000a628d87a352cd5e3,67654209bf85ec5de3d4b68e,5,21,1,50000.0
6804b000a628d87a352cd5e3,67654209bf85ec5de3d4b68e,5,21,8,50000.0
6804b000a628d87a352cd5e3,67654209bf85ec5de3d4b68e,5,21,7,50000.0
6804b000a628d87a352cd5e3,67654209bf85ec5de3d4b68e,5,21,9,50000.0
6804b000a628d87a352cd5e3,67654209bf85ec5de3d4b68e,5,21,7,50000.0
6804b000a628d87a352cd5e3,67654209bf85ec5de3d4b68e,5,21,7,50000.0
6804b000a628d87a352cd5e3,67654209bf85ec5de3d4b68e,5,21,5,50000.0
6804b000a628d87a352cd5e3,67654209bf85ec5de3d4b68e,5,21,5,50000.0
6804b000a628d87a352cd5e3,67654209bf85ec5de3d4b68e,5,21,6,50000.0
6804b000a628d87a352cd5e3,67654209bf85ec5de3d4b68e,5,21,7,50000.0
6804b000a628d87a352cd5e3,67654209bf85ec5de3d4b68e,5,21,5,50000.0
6804b000a628d87a352cd5e3,67654209bf85ec5de3d4b68e,5,21,5,50000.0
6804b000a628d87a352cd5e3,67654209bf85ec5de3d4b68e,5,21,10,50000.0
6804b000a628d87a352cd5e3,67654209bf85ec5de3d4b68e,5,21,6,50000.0
6804b000a628d87a352cd5e3,67654209bf85ec5de3d4b68e,5,21,4,50000.0
6804b000a628d87a352cd5e3,67654209bf85ec5de3d4b68e,5,21,5,50000.0
6804b000a628d87a352cd5e3,67654209bf85ec5de3d4b68e,5,21,9,50000.0
6804b000a628d87a352cd5e3,67654209bf85ec5de3d4b68e,5,21,9,50000.0
6804b000a628d87a352cd5e3,67654209bf85ec5de3d4b68e,5,21,6,50000.0
6804b000a628d87a352cd5e3,67654209bf85ec5de3d4b68e,5,21,8,50000.0
6804b000a628d87a352cd5e3,67654209bf85ec5de3d4b68e,5,21,9,50000.0
6804b000a628d87a352cd5e3,67654209bf85ec5de3d4b68e,5,21,6,50000.0
6804b000a628d87a352cd5e3,67654209bf85ec5de3d4b68e,5,21,8,50000.0
6804b000a628d87a352cd5e3,67654209bf85ec5de3d4b68e,5,20,11,50000.0
6804b000a628d87a352cd5e3,67654209bf85ec5de3d4b68e,5,20,12,50000.0
6804b000a628d87a352cd5e3,67654209bf85ec5de3d4b68e,5,20,11,50000.0
6804b000a628d87a352cd5e3,67654209bf85ec5de3d4b68e,5,20,12,50000.0
6804b000a628d87a352cd5e3,67654209bf85ec5de3d4b68e,5,20,12,50000.0
6804b000a628d87a352cd5e3,67654209bf85ec5de3d4b68e,5,20,12,50000.0
6804b000a628d87a352cd5e3,67654209bf85ec5de3d4b68e,5,20,10,50000.0
6804b000a628d87a352cd5e3,67654209bf85ec5de3d4b68e,5,20,11,50000.0
6804b000a628d87a352cd5e3,67654209bf85ec5de3d4b68e,5,20,11,50000.0
6804b000a628d87a352cd5e3,67654209bf85ec5de3d4b68e,5,20,10,50000.0
6804b000a628d87a352cd5e3,67654209bf85ec5de3d4b68e,5,20,10,50000.0
6804b000a628d87a352cd5e3,67654209bf85ec5de3d4b68e,5,20,10,50000.0
6804b000a628d87a352cd5e3,67654209bf85ec5de3d4b68e,5,20,8,50000.0
6804b000a628d87a352cd5e3,67654209bf85ec5de3d4b68e,5,20,8,50000.0
6804b000a628d87a352cd5e3,67654209bf85ec5de3d4b68e,5,20,2,50000.0
6804b000a628d87a352cd5e3,67654209bf85ec5de3d4b68e,5,20,8,50000.0
6804b000a628d87a352cd5e3,67654209bf85ec5de3d4b68e,5,20,2,50000.0
6804b000a628d87a352cd5e3,67654209bf85ec5de3d4b68e,5,20,7,50000.0
6804b000a628d87a352cd5e3,67654209bf85ec5de3d4b68e,5,20,2,50000.0
6804b000a628d87a352cd5e3,67654209bf85ec5de3d4b68e,5,20,8,50000.0
6804b000a628d87a352cd5e3,67654209bf85ec5de3d4b68e,5,20,3,50000.0
6804b000a628d87a352cd5e3,67654209bf85ec5de3d4b68e,5,20,3,50000.0
6804b000a628d87a352cd5e3,67654209bf85ec5de3d4b68e,5,20,7,50000.0
6804b000a628d87a352cd5e3,67654209bf85ec5de3d4b68e,5,20,3,50000.0
6804b000a628d87a352cd5e3,67654209bf85ec5de3d4b68e,5,20,9,50000.0
6804b000a628d87a352cd5e3,67654209bf85ec5de3d4b68e,5,20,10,50000.0
6804b000a628d87a352cd5e3,67654209bf85ec5de3d4b68e,5,20,1,50000.0
6804b000a628d87a352cd5e3,67654209bf85ec5de3d4b68e,5,20,9,50000.0
6804b000a628d87a352cd5e3,67654209bf85ec5de3d4b68e,5,20,2,50000.0
6804b000a628d87a352cd5e3,67654209bf85ec5de3d4b68e,5,20,9,50000.0
6804b000a628d87a352cd5e3,67654209bf85ec5de3d4b68e,5,20,1,50000.0
6804b000a628d87a352cd5e3,67654209bf85ec5de3d4b68e,5,20,9,50000.0
6804b000a628d87a352cd5e3,67654209bf85ec5de3d4b68e,5,20,8,50000.0
6804b000a628d87a352cd5e3,67654209bf85ec5de3d4b68e,5,20,1,50000.0
6804b000a628d87a352cd5e3,67654209bf85ec5de3d4b68e,5,20,6,50000.0
6804b000a628d87a352cd5e3,67654209bf85ec5de3d4b68e,5,20,1,50000.0
6804b000a628d87a352cd5e3,67654209bf85ec5de3d4b68e,5,20,6,50000.0
6804b000a628d87a352cd5e3,67654209bf85ec5de3d4b68e,5,20,1,50000.0
6804b000a628d87a352cd5e3,67654209bf85ec5de3d4b68e,5,20,6,50000.0
6804b000a628d87a352cd5e3,67654209bf85ec5de3d4b68e,5,20,7,50000.0
6804b000a628d87a352cd5e3,67654209bf85ec5de3d4b68e,5,20,7,50000.0
6804b000a628d87a352cd5e3,67654209bf85ec5de3d4b68e,5,20,6,50000.0
6804b000a628d87a352cd5e3,67654209bf85ec5de3d4b68e,5,20,5,50000.0
6804b000a628d87a352cd5e3,67654209bf85ec5de3d4b68e,5,20,5,50000.0
6804b000a628d87a352cd5e3,67654209bf85ec5de3d4b68e,5,20,4,50000.0
6804b000a628d87a352cd5e3,67654209bf85ec5de3d4b68e,5,20,5,50000.0
6804b000a628d87a352cd5e3,67654209bf85ec5de3d4b68e,5,20,5,50000.0
6804b000a628d87a352cd5e3,67654209bf85ec5de3d4b68e,5,20,5,50000.0
6804b000a628d87a352cd5e3,67654209bf85ec5de3d4b68e,1,20,11,50000.0
6804b000a628d87a352cd5e3,67654209bf85ec5de3d4b68e,1,20,12,50000.0
6804b000a628d87a352cd5e3,67654209bf85ec5de3d4b68e,1,20,11,50000.0
6804b000a628d87a352cd5e3,67654209bf85ec5de3d4b68e,1,20,12,50000.0
6804b000a628d87a352cd5e3,67654209bf85ec5de3d4b68e,1,20,12,50000.0
6804b000a628d87a352cd5e3,67654209bf85ec5de3d4b68e,1,20,12,50000.0
6804b000a628d87a352cd5e3,67654209bf85ec5de3d4b68e,1,20,10,50000.0
6804b000a628d87a352cd5e3,67654209bf85ec5de3d4b68e,1,20,11,50000.0
6804b000a628d87a352cd5e3,67654209bf85ec5de3d4b68e,1,20,11,50000.0
6804b000a628d87a352cd5e3,67654209bf85ec5de3d4b68e,1,20,10,50000.0
6804b000a628d87a352cd5e3,67654209bf85ec5de3d4b68e,1,20,10,50000.0
6804b000a628d87a352cd5e3,67654209bf85ec5de3d4b68e,1,20,10,50000.0
6804b000a628d87a352cd5e3,67654209bf85ec5de3d4b68e,1,20,2,50000.0
6804b000a628d87a352cd5e3,67654209bf85ec5de3d4b68e,1,20,2,50000.0
6804b000a628d87a352cd5e3,67654209bf85ec5de3d4b68e,1,20,2,50000.0
6804b000a628d87a352cd5e3,67654209bf85ec5de3d4b68e,1,20,3,50000.0
6804b000a628d87a352cd5e3,67654209bf85ec5de3d4b68e,1,20,3,50000.0
6804b000a628d87a352cd5e3,67654209bf85ec5de3d4b68e,1,20,3,50000.0
6804b000a628d87a352cd5e3,67654209bf85ec5de3d4b68e,1,20,1,50000.0
6804b000a628d87a352cd5e3,67654209bf85ec5de3d4b68e,1,20,2,50000.0
6804b000a628d87a352cd5e3,67654209bf85ec5de3d4b68e,1,20,1,50000.0
6804b000a628d87a352cd5e3,67654209bf85ec5de3d4b68e,1,20,1,50000.0
6804b000a628d87a352cd5e3,67654209bf85ec5de3d4b68e,1,20,1,50000.0
6804b000a628d87a352cd5e3,67654209bf85ec5de3d4b68e,1,20,6,50000.0
6804b000a628d87a352cd5e3,67654209bf85ec5de3d4b68e,1,20,12,50000.0
6804b000a628d87a352cd5e3,67654209bf85ec5de3d4b68e,1,20,6,50000.0
6804b000a628d87a352cd5e3,67654209bf85ec5de3d4b68e,1,20,8,50000.0
6804b000a628d87a352cd5e3,67654209bf85ec5de3d4b68e,1,20,9,50000.0
6804b000a628d87a352cd5e3,67654209bf85ec5de3d4b68e,1,20,8,50000.0
6804b000a628d87a352cd5e3,67654209bf85ec5de3d4b68e,1,20,5,50000.0
6804b000a628d87a352cd5e3,67654209bf85ec5de3d4b68e,1,20,6,50000.0
6804b000a628d87a352cd5e3,67654209bf85ec5de3d4b68e,1,20,9,50000.0
6804b000a628d87a352cd5e3,67654209bf85ec5de3d4b68e,1,20,8,50000.0
6804b000a628d87a352cd5e3,67654209bf85ec5de3d4b68e,1,20,9,50000.0
6804b000a628d87a352cd5e3,67654209bf85ec5de3d4b68e,1,20,5,50000.0
6804b000a628d87a352cd5e3,67654209bf85ec5de3d4b68e,1,20,9,50000.0
6804b000a628d87a352cd5e3,67654209bf85ec5de3d4b68e,1,20,6,50000.0
6804b000a628d87a352cd5e3,67654209bf85ec5de3d4b68e,1,20,4,50000.0
6804b000a628d87a352cd5e3,67654209bf85ec5de3d4b68e,1,20,5,50000.0
6804b000a628d87a352cd5e3,67654209bf85ec5de3d4b68e,1,20,6,50000.0
6804b000a628d87a352cd5e3,67654209bf85ec5de3d4b68e,1,20,9,50000.0
6804b000a628d87a352cd5e3,67654209bf85ec5de3d4b68e,1,20,7,50000.0
6804b000a628d87a352cd5e3,67654209bf85ec5de3d4b68e,1,20,5,50000.0
6804b000a628d87a352cd5e3,67654209bf85ec5de3d4b68e,1,20,8,50000.0
6804b000a628d87a352cd5e3,67654209bf85ec5de3d4b68e,1,20,7,50000.0
6804b000a628d87a352cd5e3,67654209bf85ec5de3d4b68e,1,20,7,50000.0
6804b000a628d87a352cd5e3,67654209bf85ec5de3d4b68e,1,20,7,50000.0
6804b000a628d87a352cd5e3,67654209bf85ec5de3d4b68e,1,20,4,50000.0
6804b000a628d87a352cd5e3,67654209bf85ec5de3d4b68e,7,19,11,80000.0
6804b000a628d87a352cd5e3,67654209bf85ec5de3d4b68e,7,19,12,80000.0
6804b000a628d87a352cd5e3,67654209bf85ec5de3d4b68e,7,19,11,80000.0
6804b000a628d87a352cd5e3,67654209bf85ec5de3d4b68e,7,19,12,80000.0
6804b000a628d87a352cd5e3,67654209bf85ec5de3d4b68e,7,19,12,80000.0
6804b000a628d87a352cd5e3,67654209bf85ec5de3d4b68e,7,19,12,80000.0
6804b000a628d87a352cd5e3,67654209bf85ec5de3d4b68e,7,19,11,80000.0
6804b000a628d87a352cd5e3,67654209bf85ec5de3d4b68e,7,19,11,80000.0
6804b000a628d87a352cd5e3,67654209bf85ec5de3d4b68e,7,19,11,80000.0
6804b000a628d87a352cd5e3,67654209bf85ec5de3d4b68e,7,19,10,80000.0
6804b000a628d87a352cd5e3,67654209bf85ec5de3d4b68e,7,19,10,80000.0
6804b000a628d87a352cd5e3,67654209bf85ec5de3d4b68e,7,19,10,80000.0
6804b000a628d87a352cd5e3,67654209bf85ec5de3d4b68e,7,19,2,80000.0
6804b000a628d87a352cd5e3,67654209bf85ec5de3d4b68e,7,19,3,80000.0
6804b000a628d87a352cd5e3,67654209bf85ec5de3d4b68e,7,19,2,80000.0
6804b000a628d87a352cd5e3,67654209bf85ec5de3d4b68e,7,19,3,80000.0
6804b000a628d87a352cd5e3,67654209bf85ec5de3d4b68e,7,19,3,80000.0
6804b000a628d87a352cd5e3,67654209bf85ec5de3d4b68e,7,19,3,80000.0
6804b000a628d87a352cd5e3,67654209bf85ec5de3d4b68e,7,19,1,80000.0
6804b000a628d87a352cd5e3,67654209bf85ec5de3d4b68e,7,19,2,80000.0
6804b000a628d87a352cd5e3,67654209bf85ec5de3d4b68e,7,19,2,80000.0
6804b000a628d87a352cd5e3,67654209bf85ec5de3d4b68e,7,19,1,80000.0
6804b000a628d87a352cd5e3,67654209bf85ec5de3d4b68e,7,19,1,80000.0
6804b000a628d87a352cd5e3,67654209bf85ec5de3d4b68e,7,19,1,80000.0
6804b000a628d87a352cd5e3,67654209bf85ec5de3d4b68e,7,19,8,80000.0
6804b000a628d87a352cd5e3,67654209bf85ec5de3d4b68e,7,19,8,80000.0
6804b000a628d87a352cd5e3,67654209bf85ec5de3d4b68e,7,19,8,80000.0
6804b000a628d87a352cd5e3,67654209bf85ec5de3d4b68e,7,19,7,80000.0
6804b000a628d87a352cd5e3,67654209bf85ec5de3d4b68e,7,19,8,80000.0
6804b000a628d87a352cd5e3,67654209bf85ec5de3d4b68e,7,19,7,80000.0
6804b000a628d87a352cd5e3,67654209bf85ec5de3d4b68e,7,19,9,80000.0
6804b000a628d87a352cd5e3,67654209bf85ec5de3d4b68e,7,19,10,80000.0
6804b000a628d87a352cd5e3,67654209bf85ec5de3d4b68e,7,19,9,80000.0
6804b000a628d87a352cd5e3,67654209bf85ec5de3d4b68e,7,19,9,80000.0
6804b000a628d87a352cd5e3,67654209bf85ec5de3d4b68e,7,19,6,80000.0
6804b000a628d87a352cd5e3,67654209bf85ec5de3d4b68e,7,19,6,80000.0
6804b000a628d87a352cd5e3,67654209bf85ec5de3d4b68e,7,19,9,80000.0
6804b000a628d87a352cd5e3,67654209bf85ec5de3d4b68e,7,19,6,80000.0
6804b000a628d87a352cd5e3,67654209bf85ec5de3d4b68e,7,19,7,80000.0
6804b000a628d87a352cd5e3,67654209bf85ec5de3d4b68e,7,19,8,80000.0
6804b000a628d87a352cd5e3,67654209bf85ec5de3d4b68e,7,19,7,80000.0
6804b000a628d87a352cd5e3,67654209bf85ec5de3d4b68e,7,19,6,80000.0
6804b000a628d87a352cd5e3,67654209bf85ec5de3d4b68e,7,19,5,80000.0
6804b000a628d87a352cd5e3,67654209bf85ec5de3d4b68e,7,19,6,80000.0
6804b000a628d87a352cd5e3,67654209bf85ec5de3d4b68e,7,19,5,80000.0
6804b000a628d87a352cd5e3,67654209bf85ec5de3d4b68e,7,19,4,80000.0
6804b000a628d87a352cd5e3,67654209bf85ec5de3d4b68e,7,19,5,80000.0
6804b000a628d87a352cd5e3,67654209bf85ec5de3d4b68e,7,19,5,80000.0
6804b000a628d87a352cd5e3,67654209bf85ec5de3d4b68e,7,20,11,80000.0
6804b000a628d87a352cd5e3,67654209bf85ec5de3d4b68e,7,20,12,80000.0
6804b000a628d87a352cd5e3,67654209bf85ec5de3d4b68e,7,20,11,80000.0
6804b000a628d87a352cd5e3,67654209bf85ec5de3d4b68e,7,20,12,80000.0
6804b000a628d87a352cd5e3,67654209bf85ec5de3d4b68e,7,20,12,80000.0
6804b000a628d87a352cd5e3,67654209bf85ec5de3d4b68e,7,20,12,80000.0
6804b000a628d87a352cd5e3,67654209bf85ec5de3d4b68e,7,20,11,80000.0
6804b000a628d87a352cd5e3,67654209bf85ec5de3d4b68e,7,20,11,80000.0
6804b000a628d87a352cd5e3,67654209bf85ec5de3d4b68e,7,20,11,80000.0
6804b000a628d87a352cd5e3,67654209bf85ec5de3d4b68e,7,20,10,80000.0
6804b000a628d87a352cd5e3,67654209bf85ec5de3d4b68e,7,20,10,80000.0
6804b000a628d87a352cd5e3,67654209bf85ec5de3d4b68e,7,20,10,80000.0
6804b000a628d87a352cd5e3,67654209bf85ec5de3d4b68e,7,20,8,80000.0
6804b000a628d87a352cd5e3,67654209bf85ec5de3d4b68e,7,20,2,80000.0
6804b000a628d87a352cd5e3,67654209bf85ec5de3d4b68e,7,20,8,80000.0
6804b000a628d87a352cd5e3,67654209bf85ec5de3d4b68e,7,20,3,80000.0
6804b000a628d87a352cd5e3,67654209bf85ec5de3d4b68e,7,20,2,80000.0
6804b000a628d87a352cd5e3,67654209bf85ec5de3d4b68e,7,20,8,80000.0
6804b000a628d87a352cd5e3,67654209bf85ec5de3d4b68e,7,20,3,80000.0
6804b000a628d87a352cd5e3,67654209bf85ec5de3d4b68e,7,20,7,80000.0
6804b000a628d87a352cd5e3,67654209bf85ec5de3d4b68e,7,20,3,80000.0
6804b000a628d87a352cd5e3,67654209bf85ec5de3d4b68e,7,20,8,80000.0
6804b000a628d87a352cd5e3,67654209bf85ec5de3d4b68e,7,20,3,80000.0
6804b000a628d87a352cd5e3,67654209bf85ec5de3d4b68e,7,20,7,80000.0
6804b000a628d87a352cd5e3,67654209bf85ec5de3d4b68e,7,20,9,80000.0
6804b000a628d87a352cd5e3,67654209bf85ec5de3d4b68e,7,20,10,80000.0
6804b000a628d87a352cd5e3,67654209bf85ec5de3d4b68e,7,20,1,80000.0
6804b000a628d87a352cd5e3,67654209bf85ec5de3d4b68e,7,20,9,80000.0
6804b000a628d87a352cd5e3,67654209bf85ec5de3d4b68e,7,20,2,80000.0
6804b000a628d87a352cd5e3,67654209bf85ec5de3d4b68e,7,20,2,80000.0
6804b000a628d87a352cd5e3,67654209bf85ec5de3d4b68e,7,20,9,80000.0
6804b000a628d87a352cd5e3,67654209bf85ec5de3d4b68e,7,20,9,80000.0
6804b000a628d87a352cd5e3,67654209bf85ec5de3d4b68e,7,20,8,80000.0
6804b000a628d87a352cd5e3,67654209bf85ec5de3d4b68e,7,20,1,80000.0
6804b000a628d87a352cd5e3,67654209bf85ec5de3d4b68e,7,20,1,80000.0
6804b000a628d87a352cd5e3,67654209bf85ec5de3d4b68e,7,20,6,80000.0
6804b000a628d87a352cd5e3,67654209bf85ec5de3d4b68e,7,20,6,80000.0
6804b000a628d87a352cd5e3,67654209bf85ec5de3d4b68e,7,20,6,80000.0
6804b000a628d87a352cd5e3,67654209bf85ec5de3d4b68e,7,20,7,80000.0
6804b000a628d87a352cd5e3,67654209bf85ec5de3d4b68e,7,20,7,80000.0
6804b000a628d87a352cd5e3,67654209bf85ec5de3d4b68e,7,20,1,80000.0
6804b000a628d87a352cd5e3,67654209bf85ec5de3d4b68e,7,20,6,80000.0
6804b000a628d87a352cd5e3,67654209bf85ec5de3d4b68e,7,20,4,80000.0
6804b000a628d87a352cd5e3,67654209bf85ec5de3d4b68e,7,20,5,80000.0
6804b000a628d87a352cd5e3,67654209bf85ec5de3d4b68e,7,20,5,80000.0
6804b000a628d87a352cd5e3,67654209bf85ec5de3d4b68e,7,20,5,80000.0
6804b000a628d87a352cd5e3,67654209bf85ec5de3d4b68e,7,20,6,80000.0
6804b000a628d87a352cd5e3,67654209bf85ec5de3d4b68e,7,20,5,80000.0
6804b000a628d87a352cd5e3,67654209bf85ec5de3d4b68e,6,10,11,80000.0
6804b000a628d87a352cd5e3,67654209bf85ec5de3d4b68e,6,10,12,80000.0
6804b000a628d87a352cd5e3,67654209bf85ec5de3d4b68e,6,10,11,80000.0
6804b000a628d87a352cd5e3,67654209bf85ec5de3d4b68e,6,10,12,80000.0
6804b000a628d87a352cd5e3,67654209bf85ec5de3d4b68e,6,10,12,80000.0
6804b000a628d87a352cd5e3,67654209bf85ec5de3d4b68e,6,10,12,80000.0
6804b000a628d87a352cd5e3,67654209bf85ec5de3d4b68e,6,10,11,80000.0
6804b000a628d87a352cd5e3,67654209bf85ec5de3d4b68e,6,10,11,80000.0
6804b000a628d87a352cd5e3,67654209bf85ec5de3d4b68e,6,10,11,80000.0
6804b000a628d87a352cd5e3,67654209bf85ec5de3d4b68e,6,10,10,80000.0
6804b000a628d87a352cd5e3,67654209bf85ec5de3d4b68e,6,10,10,80000.0
6804b000a628d87a352cd5e3,67654209bf85ec5de3d4b68e,6,10,10,80000.0
6804b000a628d87a352cd5e3,67654209bf85ec5de3d4b68e,6,10,2,80000.0
6804b000a628d87a352cd5e3,67654209bf85ec5de3d4b68e,6,10,2,80000.0
6804b000a628d87a352cd5e3,67654209bf85ec5de3d4b68e,6,10,2,80000.0
6804b000a628d87a352cd5e3,67654209bf85ec5de3d4b68e,6,10,3,80000.0
6804b000a628d87a352cd5e3,67654209bf85ec5de3d4b68e,6,10,3,80000.0
6804b000a628d87a352cd5e3,67654209bf85ec5de3d4b68e,6,10,3,80000.0
6804b000a628d87a352cd5e3,67654209bf85ec5de3d4b68e,6,10,1,80000.0
6804b000a628d87a352cd5e3,67654209bf85ec5de3d4b68e,6,10,2,80000.0
6804b000a628d87a352cd5e3,67654209bf85ec5de3d4b68e,6,10,1,80000.0
6804b000a628d87a352cd5e3,67654209bf85ec5de3d4b68e,6,10,1,80000.0
6804b000a628d87a352cd5e3,67654209bf85ec5de3d4b68e,6,10,1,80000.0
6804b000a628d87a352cd5e3,67654209bf85ec5de3d4b68e,6,10,1,80000.0
6804b000a628d87a352cd5e3,67654209bf85ec5de3d4b68e,6,10,8,80000.0
6804b000a628d87a352cd5e3,67654209bf85ec5de3d4b68e,6,10,8,80000.0
6804b000a628d87a352cd5e3,67654209bf85ec5de3d4b68e,6,10,8,80000.0
6804b000a628d87a352cd5e3,67654209bf85ec5de3d4b68e,6,10,9,80000.0
6804b000a628d87a352cd5e3,67654209bf85ec5de3d4b68e,6,10,6,80000.0
6804b000a628d87a352cd5e3,67654209bf85ec5de3d4b68e,6,10,6,80000.0
6804b000a628d87a352cd5e3,67654209bf85ec5de3d4b68e,6,10,10,80000.0
6804b000a628d87a352cd5e3,67654209bf85ec5de3d4b68e,6,10,7,80000.0
6804b000a628d87a352cd5e3,67654209bf85ec5de3d4b68e,6,10,9,80000.0
6804b000a628d87a352cd5e3,67654209bf85ec5de3d4b68e,6,10,8,80000.0
6804b000a628d87a352cd5e3,67654209bf85ec5de3d4b68e,6,10,9,80000.0
6804b000a628d87a352cd5e3,67654209bf85ec5de3d4b68e,6,10,7,80000.0
6804b000a628d87a352cd5e3,67654209bf85ec5de3d4b68e,6,10,6,80000.0
6804b000a628d87a352cd5e3,67654209bf85ec5de3d4b68e,6,10,9,80000.0
6804b000a628d87a352cd5e3,67654209bf85ec5de3d4b68e,6,10,7,80000.0
6804b000a628d87a352cd5e3,67654209bf85ec5de3d4b68e,6,10,8,80000.0
6804b000a628d87a352cd5e3,67654209bf85ec5de3d4b68e,6,10,5,80000.0
6804b000a628d87a352cd5e3,67654209bf85ec5de3d4b68e,6,10,7,80000.0
6804b000a628d87a352cd5e3,67654209bf85ec5de3d4b68e,6,10,5,80000.0
6804b000a628d87a352cd5e3,67654209bf85ec5de3d4b68e,6,10,5,80000.0
6804b000a628d87a352cd5e3,67654209bf85ec5de3d4b68e,6,10,5,80000.0
6804b000a628d87a352cd5e3,67654209bf85ec5de3d4b68e,6,10,5,80000.0
6804b000a628d87a352cd5e3,67654209bf85ec5de3d4b68e,6,10,4,80000.0
6804b000a628d87a352cd5e3,67654209bf85ec5de3d4b68e,6,10,6,80000.0
6804b000a628d87a352cd5e3,67654209bf85ec5de3d4b68e,6,5,11,80000.0
6804b000a628d87a352cd5e3,67654209bf85ec5de3d4b68e,6,5,12,80000.0
6804b000a628d87a352cd5e3,67654209bf85ec5de3d4b68e,6,5,11,80000.0
6804b000a628d87a352cd5e3,67654209bf85ec5de3d4b68e,6,5,12,80000.0
6804b000a628d87a352cd5e3,67654209bf85ec5de3d4b68e,6,5,12,80000.0
6804b000a628d87a352cd5e3,67654209bf85ec5de3d4b68e,6,5,12,80000.0
6804b000a628d87a352cd5e3,67654209bf85ec5de3d4b68e,6,5,11,80000.0
6804b000a628d87a352cd5e3,67654209bf85ec5de3d4b68e,6,5,11,80000.0
6804b000a628d87a352cd5e3,67654209bf85ec5de3d4b68e,6,5,11,80000.0
6804b000a628d87a352cd5e3,67654209bf85ec5de3d4b68e,6,5,10,80000.0
6804b000a628d87a352cd5e3,67654209bf85ec5de3d4b68e,6,5,10,80000.0
6804b000a628d87a352cd5e3,67654209bf85ec5de3d4b68e,6,5,10,80000.0
6804b000a628d87a352cd5e3,67654209bf85ec5de3d4b68e,6,5,2,80000.0
6804b000a628d87a352cd5e3,67654209bf85ec5de3d4b68e,6,5,2,80000.0
6804b000a628d87a352cd5e3,67654209bf85ec5de3d4b68e,6,5,2,80000.0
6804b000a628d87a352cd5e3,67654209bf85ec5de3d4b68e,6,5,3,80000.0
6804b000a628d87a352cd5e3,67654209bf85ec5de3d4b68e,6,5,3,80000.0
6804b000a628d87a352cd5e3,67654209bf85ec5de3d4b68e,6,5,3,80000.0
6804b000a628d87a352cd5e3,67654209bf85ec5de3d4b68e,6,5,1,80000.0
6804b000a628d87a352cd5e3,67654209bf85ec5de3d4b68e,6,5,2,80000.0
6804b000a628d87a352cd5e3,67654209bf85ec5de3d4b68e,6,5,1,80000.0
6804b000a628d87a352cd5e3,67654209bf85ec5de3d4b68e,6,5,1,80000.0
6804b000a628d87a352cd5e3,67654209bf85ec5de3d4b68e,6,5,1,80000.0
6804b000a628d87a352cd5e3,67654209bf85ec5de3d4b68e,6,5,1,80000.0
6804b000a628d87a352cd5e3,67654209bf85ec5de3d4b68e,6,5,8,80000.0
6804b000a628d87a352cd5e3,67654209bf85ec5de3d4b68e,6,5,8,80000.0
6804b000a628d87a352cd5e3,67654209bf85ec5de3d4b68e,6,5,8,80000.0
6804b000a628d87a352cd5e3,67654209bf85ec5de3d4b68e,6,5,7,80000.0
6804b000a628d87a352cd5e3,67654209bf85ec5de3d4b68e,6,5,8,80000.0
6804b000a628d87a352cd5e3,67654209bf85ec5de3d4b68e,6,5,7,80000.0
6804b000a628d87a352cd5e3,67654209bf85ec5de3d4b68e,6,5,9,80000.0
6804b000a628d87a352cd5e3,67654209bf85ec5de3d4b68e,6,5,10,80000.0
6804b000a628d87a352cd5e3,67654209bf85ec5de3d4b68e,6,5,9,80000.0
6804b000a628d87a352cd5e3,67654209bf85ec5de3d4b68e,6,5,9,80000.0
6804b000a628d87a352cd5e3,67654209bf85ec5de3d4b68e,6,5,9,80000.0
6804b000a628d87a352cd5e3,67654209bf85ec5de3d4b68e,6,5,8,80000.0
6804b000a628d87a352cd5e3,67654209bf85ec5de3d4b68e,6,5,6,80000.0
6804b000a628d87a352cd5e3,67654209bf85ec5de3d4b68e,6,5,6,80000.0
6804b000a628d87a352cd5e3,67654209bf85ec5de3d4b68e,6,5,6,80000.0
6804b000a628d87a352cd5e3,67654209bf85ec5de3d4b68e,6,5,7,80000.0
6804b000a628d87a352cd5e3,67654209bf85ec5de3d4b68e,6,5,7,80000.0
6804b000a628d87a352cd5e3,67654209bf85ec5de3d4b68e,6,5,6,80000.0
6804b000a628d87a352cd5e3,67654209bf85ec5de3d4b68e,6,5,5,80000.0
6804b000a628d87a352cd5e3,67654209bf85ec5de3d4b68e,6,5,5,80000.0
6804b000a628d87a352cd5e3,67654209bf85ec5de3d4b68e,6,5,5,80000.0
6804b000a628d87a352cd5e3,67654209bf85ec5de3d4b68e,6,5,4,80000.0
6804b000a628d87a352cd5e3,67654209bf85ec5de3d4b68e,6,5,5,80000.0
6804b000a628d87a352cd5e3,67654209bf85ec5de3d4b68e,6,5,5,80000.0
6804b000a628d87a352cd5e3,67654209bf85ec5de3d4b68e,6,8,11,80000.0
6804b000a628d87a352cd5e3,67654209bf85ec5de3d4b68e,6,8,12,80000.0
6804b000a628d87a352cd5e3,67654209bf85ec5de3d4b68e,6,8,11,80000.0
6804b000a628d87a352cd5e3,67654209bf85ec5de3d4b68e,6,8,12,80000.0
6804b000a628d87a352cd5e3,67654209bf85ec5de3d4b68e,6,8,12,80000.0
6804b000a628d87a352cd5e3,67654209bf85ec5de3d4b68e,6,8,12,80000.0
6804b000a628d87a352cd5e3,67654209bf85ec5de3d4b68e,6,8,11,80000.0
6804b000a628d87a352cd5e3,67654209bf85ec5de3d4b68e,6,8,11,80000.0
6804b000a628d87a352cd5e3,67654209bf85ec5de3d4b68e,6,8,11,80000.0
6804b000a628d87a352cd5e3,67654209bf85ec5de3d4b68e,6,8,10,80000.0
6804b000a628d87a352cd5e3,67654209bf85ec5de3d4b68e,6,8,10,80000.0
6804b000a628d87a352cd5e3,67654209bf85ec5de3d4b68e,6,8,10,80000.0
6804b000a628d87a352cd5e3,67654209bf85ec5de3d4b68e,6,8,2,80000.0
6804b000a628d87a352cd5e3,67654209bf85ec5de3d4b68e,6,8,2,80000.0
6804b000a628d87a352cd5e3,67654209bf85ec5de3d4b68e,6,8,2,80000.0
6804b000a628d87a352cd5e3,67654209bf85ec5de3d4b68e,6,8,3,80000.0
6804b000a628d87a352cd5e3,67654209bf85ec5de3d4b68e,6,8,3,80000.0
6804b000a628d87a352cd5e3,67654209bf85ec5de3d4b68e,6,8,3,80000.0
6804b000a628d87a352cd5e3,67654209bf85ec5de3d4b68e,6,8,1,80000.0
6804b000a628d87a352cd5e3,67654209bf85ec5de3d4b68e,6,8,2,80000.0
6804b000a628d87a352cd5e3,67654209bf85ec5de3d4b68e,6,8,1,80000.0
6804b000a628d87a352cd5e3,67654209bf85ec5de3d4b68e,6,8,1,80000.0
6804b000a628d87a352cd5e3,67654209bf85ec5de3d4b68e,6,8,1,80000.0
6804b000a628d87a352cd5e3,67654209bf85ec5de3d4b68e,6,8,1,80000.0
6804b000a628d87a352cd5e3,67654209bf85ec5de3d4b68e,6,8,8,80000.0
6804b000a628d87a352cd5e3,67654209bf85ec5de3d4b68e,6,8,8,80000.0
6804b000a628d87a352cd5e3,67654209bf85ec5de3d4b68e,6,8,8,80000.0
6804b000a628d87a352cd5e3,67654209bf85ec5de3d4b68e,6,8,7,80000.0
6804b000a628d87a352cd5e3,67654209bf85ec5de3d4b68e,6,8,8,80000.0
6804b000a628d87a352cd5e3,67654209bf85ec5de3d4b68e,6,8,7,80000.0
6804b000a628d87a352cd5e3,67654209bf85ec5de3d4b68e,6,8,9,80000.0
6804b000a628d87a352cd5e3,67654209bf85ec5de3d4b68e,6,8,10,80000.0
6804b000a628d87a352cd5e3,67654209bf85ec5de3d4b68e,6,8,9,80000.0
6804b000a628d87a352cd5e3,67654209bf85ec5de3d4b68e,6,8,9,80000.0
6804b000a628d87a352cd5e3,67654209bf85ec5de3d4b68e,6,8,9,80000.0
6804b000a628d87a352cd5e3,67654209bf85ec5de3d4b68e,6,8,8,80000.0
6804b000a628d87a352cd5e3,67654209bf85ec5de3d4b68e,6,8,6,80000.0
6804b000a628d87a352cd5e3,67654209bf85ec5de3d4b68e,6,8,6,80000.0
6804b000a628d87a352cd5e3,67654209bf85ec5de3d4b68e,6,8,6,80000.0
6804b000a628d87a352cd5e3,67654209bf85ec5de3d4b68e,6,8,7,80000.0
6804b000a628d87a352cd5e3,67654209bf85ec5de3d4b68e,6,8,5,80000.0
6804b000a628d87a352cd5e3,67654209bf85ec5de3d4b68e,6,8,7,80000.0
6804b000a628d87a352cd5e3,67654209bf85ec5de3d4b68e,6,8,5,80000.0
6804b000a628d87a352cd5e3,67654209bf85ec5de3d4b68e,6,8,5,80000.0
6804b000a628d87a352cd5e3,67654209bf85ec5de3d4b68e,6,8,5,80000.0
6804b000a628d87a352cd5e3,67654209bf85ec5de3d4b68e,6,8,4,80000.0
6804b000a628d87a352cd5e3,67654209bf85ec5de3d4b68e,6,8,5,80000.0
6804b000a628d87a352cd5e3,67654209bf85ec5de3d4b68e,6,8,6,80000.0
6804af52a628d87a352cd5e1,67654209bf85ec5de3d4b68e,1,18,11,100000.0
6804af52a628d87a352cd5e1,67654209bf85ec5de3d4b68e,1,18,12,100000.0
6804af52a628d87a352cd5e1,67654209bf85ec5de3d4b68e,1,18,11,100000.0
6804af52a628d87a352cd5e1,67654209bf85ec5de3d4b68e,1,18,12,100000.0
6804af52a628d87a352cd5e1,67654209bf85ec5de3d4b68e,1,18,12,100000.0
6804af52a628d87a352cd5e1,67654209bf85ec5de3d4b68e,1,18,12,100000.0
6804af52a628d87a352cd5e1,67654209bf85ec5de3d4b68e,1,18,10,100000.0
6804af52a628d87a352cd5e1,67654209bf85ec5de3d4b68e,1,18,11,100000.0
6804af52a628d87a352cd5e1,67654209bf85ec5de3d4b68e,1,18,11,100000.0
6804af52a628d87a352cd5e1,67654209bf85ec5de3d4b68e,1,18,10,100000.0
6804af52a628d87a352cd5e1,67654209bf85ec5de3d4b68e,1,18,10,100000.0
6804af52a628d87a352cd5e1,67654209bf85ec5de3d4b68e,1,18,10,100000.0
6804af52a628d87a352cd5e1,67654209bf85ec5de3d4b68e,1,18,2,100000.0
6804af52a628d87a352cd5e1,67654209bf85ec5de3d4b68e,1,18,2,100000.0
6804af52a628d87a352cd5e1,67654209bf85ec5de3d4b68e,1,18,2,100000.0
6804af52a628d87a352cd5e1,67654209bf85ec5de3d4b68e,1,18,3,100000.0
6804af52a628d87a352cd5e1,67654209bf85ec5de3d4b68e,1,18,3,100000.0
6804af52a628d87a352cd5e1,67654209bf85ec5de3d4b68e,1,18,3,100000.0
6804af52a628d87a352cd5e1,67654209bf85ec5de3d4b68e,1,18,1,100000.0
6804af52a628d87a352cd5e1,67654209bf85ec5de3d4b68e,1,18,2,100000.0
6804af52a628d87a352cd5e1,67654209bf85ec5de3d4b68e,1,18,1,100000.0
6804af52a628d87a352cd5e1,67654209bf85ec5de3d4b68e,1,18,1,100000.0
6804af52a628d87a352cd5e1,67654209bf85ec5de3d4b68e,1,18,1,100000.0
6804af52a628d87a352cd5e1,67654209bf85ec5de3d4b68e,1,18,12,100000.0
6804af52a628d87a352cd5e1,67654209bf85ec5de3d4b68e,1,18,8,100000.0
6804af52a628d87a352cd5e1,67654209bf85ec5de3d4b68e,1,18,8,100000.0
6804af52a628d87a352cd5e1,67654209bf85ec5de3d4b68e,1,18,8,100000.0
6804af52a628d87a352cd5e1,67654209bf85ec5de3d4b68e,1,18,7,100000.0
6804af52a628d87a352cd5e1,67654209bf85ec5de3d4b68e,1,18,7,100000.0
6804af52a628d87a352cd5e1,67654209bf85ec5de3d4b68e,1,18,7,100000.0
6804af52a628d87a352cd5e1,67654209bf85ec5de3d4b68e,1,18,9,100000.0
6804af52a628d87a352cd5e1,67654209bf85ec5de3d4b68e,1,18,9,100000.0
6804af52a628d87a352cd5e1,67654209bf85ec5de3d4b68e,1,18,9,100000.0
6804af52a628d87a352cd5e1,67654209bf85ec5de3d4b68e,1,18,9,100000.0
6804af52a628d87a352cd5e1,67654209bf85ec5de3d4b68e,1,18,9,100000.0
6804af52a628d87a352cd5e1,67654209bf85ec5de3d4b68e,1,18,8,100000.0
6804af52a628d87a352cd5e1,67654209bf85ec5de3d4b68e,1,18,6,100000.0
6804af52a628d87a352cd5e1,67654209bf85ec5de3d4b68e,1,18,5,100000.0
6804af52a628d87a352cd5e1,67654209bf85ec5de3d4b68e,1,18,6,100000.0
6804af52a628d87a352cd5e1,67654209bf85ec5de3d4b68e,1,18,5,100000.0
6804af52a628d87a352cd5e1,67654209bf85ec5de3d4b68e,1,18,6,100000.0
6804af52a628d87a352cd5e1,67654209bf85ec5de3d4b68e,1,18,5,100000.0
6804af52a628d87a352cd5e1,67654209bf85ec5de3d4b68e,1,18,4,100000.0
6804af52a628d87a352cd5e1,67654209bf85ec5de3d4b68e,1,18,4,100000.0
6804af52a628d87a352cd5e1,67654209bf85ec5de3d4b68e,1,18,6,100000.0
6804af52a628d87a352cd5e1,67654209bf85ec5de3d4b68e,1,18,5,100000.0
6804af52a628d87a352cd5e1,67654209bf85ec5de3d4b68e,1,18,7,100000.0
6804af52a628d87a352cd5e1,67654209bf85ec5de3d4b68e,1,18,6,100000.0
6804af99a628d87a352cd5e2,67654209bf85ec5de3d4b68e,1,7,9,100000.0
6804af99a628d87a352cd5e2,67654209bf85ec5de3d4b68e,1,7,9,100000.0
6804af99a628d87a352cd5e2,67654209bf85ec5de3d4b68e,1,7,10,100000.0
6804af99a628d87a352cd5e2,67654209bf85ec5de3d4b68e,1,7,10,100000.0
6804af99a628d87a352cd5e2,67654209bf85ec5de3d4b68e,1,7,10,100000.0
6804af99a628d87a352cd5e2,67654209bf85ec5de3d4b68e,1,7,9,100000.0
6804af99a628d87a352cd5e2,67654209bf85ec5de3d4b68e,1,7,9,100000.0
6804af99a628d87a352cd5e2,67654209bf85ec5de3d4b68e,1,7,9,100000.0
6804af99a628d87a352cd5e2,67654209bf85ec5de3d4b68e,1,7,8,100000.0
6804af99a628d87a352cd5e2,67654209bf85ec5de3d4b68e,1,7,12,100000.0
6804af99a628d87a352cd5e2,67654209bf85ec5de3d4b68e,1,7,11,100000.0
6804af99a628d87a352cd5e2,67654209bf85ec5de3d4b68e,1,7,12,100000.0
6804af99a628d87a352cd5e2,67654209bf85ec5de3d4b68e,1,7,12,100000.0
6804af99a628d87a352cd5e2,67654209bf85ec5de3d4b68e,1,7,12,100000.0
6804af99a628d87a352cd5e2,67654209bf85ec5de3d4b68e,1,7,11,100000.0
6804af99a628d87a352cd5e2,67654209bf85ec5de3d4b68e,1,7,11,100000.0
6804af99a628d87a352cd5e2,67654209bf85ec5de3d4b68e,1,7,7,100000.0
6804af99a628d87a352cd5e2,67654209bf85ec5de3d4b68e,1,7,11,100000.0
6804af99a628d87a352cd5e2,67654209bf85ec5de3d4b68e,1,7,10,100000.0
6804af99a628d87a352cd5e2,67654209bf85ec5de3d4b68e,1,7,7,100000.0
6804af99a628d87a352cd5e2,67654209bf85ec5de3d4b68e,1,7,8,100000.0
6804af99a628d87a352cd5e2,67654209bf85ec5de3d4b68e,1,7,6,100000.0
6804af99a628d87a352cd5e2,67654209bf85ec5de3d4b68e,1,7,8,100000.0
6804af99a628d87a352cd5e2,67654209bf85ec5de3d4b68e,1,7,8,100000.0
6804af99a628d87a352cd5e2,67654209bf85ec5de3d4b68e,1,7,7,100000.0
6804af99a628d87a352cd5e2,67654209bf85ec5de3d4b68e,1,7,5,100000.0
6804af99a628d87a352cd5e2,67654209bf85ec5de3d4b68e,1,7,7,100000.0
6804af99a628d87a352cd5e2,67654209bf85ec5de3d4b68e,1,7,5,100000.0
6804af99a628d87a352cd5e2,67654209bf85ec5de3d4b68e,1,7,4,100000.0
6804af99a628d87a352cd5e2,67654209bf85ec5de3d4b68e,1,7,5,100000.0
6804af99a628d87a352cd5e2,67654209bf85ec5de3d4b68e,1,7,5,100000.0
6804af99a628d87a352cd5e2,67654209bf85ec5de3d4b68e,1,7,4,100000.0
6804af99a628d87a352cd5e2,67654209bf85ec5de3d4b68e,1,7,6,100000.0
6804af99a628d87a352cd5e2,67654209bf85ec5de3d4b68e,1,7,6,100000.0
6804af99a628d87a352cd5e2,67654209bf85ec5de3d4b68e,1,7,6,100000.0
6804af99a628d87a352cd5e2,67654209bf85ec5de3d4b68e,1,7,6,100000.0
6804af99a628d87a352cd5e2,67654209bf85ec5de3d4b68e,1,8,9,100000.0
6804af99a628d87a352cd5e2,67654209bf85ec5de3d4b68e,1,8,9,100000.0
6804af99a628d87a352cd5e2,67654209bf85ec5de3d4b68e,1,8,10,100000.0
6804af99a628d87a352cd5e2,67654209bf85ec5de3d4b68e,1,8,10,100000.0
6804af99a628d87a352cd5e2,67654209bf85ec5de3d4b68e,1,8,10,100000.0
6804af99a628d87a352cd5e2,67654209bf85ec5de3d4b68e,1,8,9,100000.0
6804af99a628d87a352cd5e2,67654209bf85ec5de3d4b68e,1,8,9,100000.0
6804af99a628d87a352cd5e2,67654209bf85ec5de3d4b68e,1,8,9,100000.0
6804af99a628d87a352cd5e2,67654209bf85ec5de3d4b68e,1,8,8,100000.0
6804af99a628d87a352cd5e2,67654209bf85ec5de3d4b68e,1,8,7,100000.0
6804af99a628d87a352cd5e2,67654209bf85ec5de3d4b68e,1,8,12,100000.0
6804af99a628d87a352cd5e2,67654209bf85ec5de3d4b68e,1,8,7,100000.0
6804af99a628d87a352cd5e2,67654209bf85ec5de3d4b68e,1,8,11,100000.0
6804af99a628d87a352cd5e2,67654209bf85ec5de3d4b68e,1,8,6,100000.0
6804af99a628d87a352cd5e2,67654209bf85ec5de3d4b68e,1,8,6,100000.0
6804af99a628d87a352cd5e2,67654209bf85ec5de3d4b68e,1,8,12,100000.0
6804af99a628d87a352cd5e2,67654209bf85ec5de3d4b68e,1,8,8,100000.0
6804af99a628d87a352cd5e2,67654209bf85ec5de3d4b68e,1,8,12,100000.0
6804af99a628d87a352cd5e2,67654209bf85ec5de3d4b68e,1,8,11,100000.0
6804af99a628d87a352cd5e2,67654209bf85ec5de3d4b68e,1,8,8,100000.0
6804af99a628d87a352cd5e2,67654209bf85ec5de3d4b68e,1,8,11,100000.0
6804af99a628d87a352cd5e2,67654209bf85ec5de3d4b68e,1,8,8,100000.0
6804af99a628d87a352cd5e2,67654209bf85ec5de3d4b68e,1,8,12,100000.0
6804af99a628d87a352cd5e2,67654209bf85ec5de3d4b68e,1,8,10,100000.0
6804af99a628d87a352cd5e2,67654209bf85ec5de3d4b68e,1,8,7,100000.0
6804af99a628d87a352cd5e2,67654209bf85ec5de3d4b68e,1,8,11,100000.0
6804af99a628d87a352cd5e2,67654209bf85ec5de3d4b68e,1,8,5,100000.0
6804af99a628d87a352cd5e2,67654209bf85ec5de3d4b68e,1,8,7,100000.0
6804af99a628d87a352cd5e2,67654209bf85ec5de3d4b68e,1,8,5,100000.0
6804af99a628d87a352cd5e2,67654209bf85ec5de3d4b68e,1,8,5,100000.0
6804af99a628d87a352cd5e2,67654209bf85ec5de3d4b68e,1,8,6,100000.0
6804af99a628d87a352cd5e2,67654209bf85ec5de3d4b68e,1,8,6,100000.0
6804af99a628d87a352cd5e2,67654209bf85ec5de3d4b68e,1,8,6,100000.0
6804af99a628d87a352cd5e2,67654209bf85ec5de3d4b68e,1,8,4,100000.0
6804af99a628d87a352cd5e2,67654209bf85ec5de3d4b68e,1,8,5,100000.0
6804af99a628d87a352cd5e2,67654209bf85ec5de3d4b68e,1,8,4,100000.0
6804af99a628d87a352cd5e2,67654209bf85ec5de3d4b68e,1,19,9,100000.0
6804af99a628d87a352cd5e2,67654209bf85ec5de3d4b68e,1,19,9,100000.0
6804af99a628d87a352cd5e2,67654209bf85ec5de3d4b68e,1,19,10,100000.0
6804af99a628d87a352cd5e2,67654209bf85ec5de3d4b68e,1,19,10,100000.0
6804af99a628d87a352cd5e2,67654209bf85ec5de3d4b68e,1,19,10,100000.0
6804af99a628d87a352cd5e2,67654209bf85ec5de3d4b68e,1,19,7,100000.0
6804af99a628d87a352cd5e2,67654209bf85ec5de3d4b68e,1,19,7,100000.0
6804af99a628d87a352cd5e2,67654209bf85ec5de3d4b68e,1,19,9,100000.0
6804af99a628d87a352cd5e2,67654209bf85ec5de3d4b68e,1,19,9,100000.0
6804af99a628d87a352cd5e2,67654209bf85ec5de3d4b68e,1,19,6,100000.0
6804af99a628d87a352cd5e2,67654209bf85ec5de3d4b68e,1,19,5,100000.0
6804af99a628d87a352cd5e2,67654209bf85ec5de3d4b68e,1,19,12,100000.0
6804af99a628d87a352cd5e2,67654209bf85ec5de3d4b68e,1,19,11,100000.0
6804af99a628d87a352cd5e2,67654209bf85ec5de3d4b68e,1,19,6,100000.0
6804af99a628d87a352cd5e2,67654209bf85ec5de3d4b68e,1,19,9,100000.0
6804af99a628d87a352cd5e2,67654209bf85ec5de3d4b68e,1,19,11,100000.0
6804af99a628d87a352cd5e2,67654209bf85ec5de3d4b68e,1,19,5,100000.0
6804af99a628d87a352cd5e2,67654209bf85ec5de3d4b68e,1,19,11,100000.0
6804af99a628d87a352cd5e2,67654209bf85ec5de3d4b68e,1,19,8,100000.0
6804af99a628d87a352cd5e2,67654209bf85ec5de3d4b68e,1,19,10,100000.0
6804af99a628d87a352cd5e2,67654209bf85ec5de3d4b68e,1,19,11,100000.0
6804af99a628d87a352cd5e2,67654209bf85ec5de3d4b68e,1,19,8,100000.0
6804af99a628d87a352cd5e2,67654209bf85ec5de3d4b68e,1,19,6,100000.0
6804af99a628d87a352cd5e2,67654209bf85ec5de3d4b68e,1,19,12,100000.0
6804af99a628d87a352cd5e2,67654209bf85ec5de3d4b68e,1,19,8,100000.0
6804af99a628d87a352cd5e2,67654209bf85ec5de3d4b68e,1,19,12,100000.0
6804af99a628d87a352cd5e2,67654209bf85ec5de3d4b68e,1,19,7,100000.0
6804af99a628d87a352cd5e2,67654209bf85ec5de3d4b68e,1,19,6,100000.0
6804af99a628d87a352cd5e2,67654209bf85ec5de3d4b68e,1,19,8,100000.0
6804af99a628d87a352cd5e2,67654209bf85ec5de3d4b68e,1,19,5,100000.0
6804af99a628d87a352cd5e2,67654209bf85ec5de3d4b68e,1,19,6,100000.0
6804af99a628d87a352cd5e2,67654209bf85ec5de3d4b68e,1,19,12,100000.0
6804af99a628d87a352cd5e2,67654209bf85ec5de3d4b68e,1,19,7,100000.0
6804af99a628d87a352cd5e2,67654209bf85ec5de3d4b68e,1,19,5,100000.0
6804af99a628d87a352cd5e2,67654209bf85ec5de3d4b68e,1,19,4,100000.0
6804af99a628d87a352cd5e2,67654209bf85ec5de3d4b68e,1,19,4,100000.0
6804af99a628d87a352cd5e2,67654209bf85ec5de3d4b68e,2,9,9,100000.0
6804af99a628d87a352cd5e2,67654209bf85ec5de3d4b68e,2,9,9,100000.0
6804af99a628d87a352cd5e2,67654209bf85ec5de3d4b68e,2,9,10,100000.0
6804af99a628d87a352cd5e2,67654209bf85ec5de3d4b68e,2,9,10,100000.0
6804af99a628d87a352cd5e2,67654209bf85ec5de3d4b68e,2,9,10,100000.0
6804af99a628d87a352cd5e2,67654209bf85ec5de3d4b68e,2,9,9,100000.0
6804af99a628d87a352cd5e2,67654209bf85ec5de3d4b68e,2,9,7,100000.0
6804af99a628d87a352cd5e2,67654209bf85ec5de3d4b68e,2,9,9,100000.0
6804af99a628d87a352cd5e2,67654209bf85ec5de3d4b68e,2,9,7,100000.0
6804af99a628d87a352cd5e2,67654209bf85ec5de3d4b68e,2,9,5,100000.0
6804af99a628d87a352cd5e2,67654209bf85ec5de3d4b68e,2,9,11,100000.0
6804af99a628d87a352cd5e2,67654209bf85ec5de3d4b68e,2,9,9,100000.0
6804af99a628d87a352cd5e2,67654209bf85ec5de3d4b68e,2,9,7,100000.0
6804af99a628d87a352cd5e2,67654209bf85ec5de3d4b68e,2,9,12,100000.0
6804af99a628d87a352cd5e2,67654209bf85ec5de3d4b68e,2,9,5,100000.0
6804af99a628d87a352cd5e2,67654209bf85ec5de3d4b68e,2,9,8,100000.0
6804af99a628d87a352cd5e2,67654209bf85ec5de3d4b68e,2,9,11,100000.0
6804af99a628d87a352cd5e2,67654209bf85ec5de3d4b68e,2,9,6,100000.0
6804af99a628d87a352cd5e2,67654209bf85ec5de3d4b68e,2,9,8,100000.0
6804af99a628d87a352cd5e2,67654209bf85ec5de3d4b68e,2,9,12,100000.0
6804af99a628d87a352cd5e2,67654209bf85ec5de3d4b68e,2,9,12,100000.0
6804af99a628d87a352cd5e2,67654209bf85ec5de3d4b68e,2,9,8,100000.0
6804af99a628d87a352cd5e2,67654209bf85ec5de3d4b68e,2,9,10,100000.0
6804af99a628d87a352cd5e2,67654209bf85ec5de3d4b68e,2,9,12,100000.0
6804af99a628d87a352cd5e2,67654209bf85ec5de3d4b68e,2,9,11,100000.0
6804af99a628d87a352cd5e2,67654209bf85ec5de3d4b68e,2,9,11,100000.0
6804af99a628d87a352cd5e2,67654209bf85ec5de3d4b68e,2,9,8,100000.0
6804af99a628d87a352cd5e2,67654209bf85ec5de3d4b68e,2,9,5,100000.0
6804af99a628d87a352cd5e2,67654209bf85ec5de3d4b68e,2,9,7,100000.0
6804af99a628d87a352cd5e2,67654209bf85ec5de3d4b68e,2,9,7,100000.0
6804af99a628d87a352cd5e2,67654209bf85ec5de3d4b68e,2,9,5,100000.0
6804af99a628d87a352cd5e2,67654209bf85ec5de3d4b68e,2,9,6,100000.0
6804af99a628d87a352cd5e2,67654209bf85ec5de3d4b68e,2,9,4,100000.0
6804af99a628d87a352cd5e2,67654209bf85ec5de3d4b68e,2,9,6,100000.0
6804af99a628d87a352cd5e2,67654209bf85ec5de3d4b68e,2,9,4,100000.0
6804af99a628d87a352cd5e2,67654209bf85ec5de3d4b68e,2,9,6,100000.0
6804af99a628d87a352cd5e2,67654209bf85ec5de3d4b68e,2,20,9,100000.0
6804af99a628d87a352cd5e2,67654209bf85ec5de3d4b68e,2,20,9,100000.0
6804af99a628d87a352cd5e2,67654209bf85ec5de3d4b68e,2,20,10,100000.0
6804af99a628d87a352cd5e2,67654209bf85ec5de3d4b68e,2,20,10,100000.0
6804af99a628d87a352cd5e2,67654209bf85ec5de3d4b68e,2,20,10,100000.0
6804af99a628d87a352cd5e2,67654209bf85ec5de3d4b68e,2,20,9,100000.0
6804af99a628d87a352cd5e2,67654209bf85ec5de3d4b68e,2,20,9,100000.0
6804af99a628d87a352cd5e2,67654209bf85ec5de3d4b68e,2,20,9,100000.0
6804af99a628d87a352cd5e2,67654209bf85ec5de3d4b68e,2,20,8,100000.0
6804af99a628d87a352cd5e2,67654209bf85ec5de3d4b68e,2,20,12,100000.0
6804af99a628d87a352cd5e2,67654209bf85ec5de3d4b68e,2,20,11,100000.0
6804af99a628d87a352cd5e2,67654209bf85ec5de3d4b68e,2,20,7,100000.0
6804af99a628d87a352cd5e2,67654209bf85ec5de3d4b68e,2,20,12,100000.0
6804af99a628d87a352cd5e2,67654209bf85ec5de3d4b68e,2,20,12,100000.0
6804af99a628d87a352cd5e2,67654209bf85ec5de3d4b68e,2,20,7,100000.0
6804af99a628d87a352cd5e2,67654209bf85ec5de3d4b68e,2,20,12,100000.0
6804af99a628d87a352cd5e2,67654209bf85ec5de3d4b68e,2,20,7,100000.0
6804af99a628d87a352cd5e2,67654209bf85ec5de3d4b68e,2,20,5,100000.0
6804af99a628d87a352cd5e2,67654209bf85ec5de3d4b68e,2,20,11,100000.0
6804af99a628d87a352cd5e2,67654209bf85ec5de3d4b68e,2,20,6,100000.0
6804af99a628d87a352cd5e2,67654209bf85ec5de3d4b68e,2,20,5,100000.0
6804af99a628d87a352cd5e2,67654209bf85ec5de3d4b68e,2,20,5,100000.0
6804af99a628d87a352cd5e2,67654209bf85ec5de3d4b68e,2,20,11,100000.0
6804af99a628d87a352cd5e2,67654209bf85ec5de3d4b68e,2,20,8,100000.0
6804af99a628d87a352cd5e2,67654209bf85ec5de3d4b68e,2,20,5,100000.0
6804af99a628d87a352cd5e2,67654209bf85ec5de3d4b68e,2,20,11,100000.0
6804af99a628d87a352cd5e2,67654209bf85ec5de3d4b68e,2,20,7,100000.0
6804af99a628d87a352cd5e2,67654209bf85ec5de3d4b68e,2,20,8,100000.0
6804af99a628d87a352cd5e2,67654209bf85ec5de3d4b68e,2,20,10,100000.0
6804af99a628d87a352cd5e2,67654209bf85ec5de3d4b68e,2,20,4,100000.0
6804af99a628d87a352cd5e2,67654209bf85ec5de3d4b68e,2,20,7,100000.0
6804af99a628d87a352cd5e2,67654209bf85ec5de3d4b68e,2,20,6,100000.0
6804af99a628d87a352cd5e2,67654209bf85ec5de3d4b68e,2,20,6,100000.0
6804af99a628d87a352cd5e2,67654209bf85ec5de3d4b68e,2,20,6,100000.0
6804af99a628d87a352cd5e2,67654209bf85ec5de3d4b68e,2,20,4,100000.0
6804af99a628d87a352cd5e2,67654209bf85ec5de3d4b68e,2,20,8,100000.0
6804af99a628d87a352cd5e2,67654209bf85ec5de3d4b68e,3,21,10,100000.0
6804af99a628d87a352cd5e2,67654209bf85ec5de3d4b68e,3,21,9,100000.0
6804af99a628d87a352cd5e2,67654209bf85ec5de3d4b68e,3,21,10,100000.0
6804af99a628d87a352cd5e2,67654209bf85ec5de3d4b68e,3,21,10,100000.0
6804af99a628d87a352cd5e2,67654209bf85ec5de3d4b68e,3,21,10,100000.0
6804af99a628d87a352cd5e2,67654209bf85ec5de3d4b68e,3,21,9,100000.0
6804af99a628d87a352cd5e2,67654209bf85ec5de3d4b68e,3,21,9,100000.0
6804af99a628d87a352cd5e2,67654209bf85ec5de3d4b68e,3,21,9,100000.0
6804af99a628d87a352cd5e2,67654209bf85ec5de3d4b68e,3,21,8,100000.0
6804af99a628d87a352cd5e2,67654209bf85ec5de3d4b68e,3,21,5,100000.0
6804af99a628d87a352cd5e2,67654209bf85ec5de3d4b68e,3,21,5,100000.0
6804af99a628d87a352cd5e2,67654209bf85ec5de3d4b68e,3,21,7,100000.0
6804af99a628d87a352cd5e2,67654209bf85ec5de3d4b68e,3,21,12,100000.0
6804af99a628d87a352cd5e2,67654209bf85ec5de3d4b68e,3,21,11,100000.0
6804af99a628d87a352cd5e2,67654209bf85ec5de3d4b68e,3,21,7,100000.0
6804af99a628d87a352cd5e2,67654209bf85ec5de3d4b68e,3,21,8,100000.0
6804af99a628d87a352cd5e2,67654209bf85ec5de3d4b68e,3,21,7,100000.0
6804af99a628d87a352cd5e2,67654209bf85ec5de3d4b68e,3,21,5,100000.0
6804af99a628d87a352cd5e2,67654209bf85ec5de3d4b68e,3,21,6,100000.0
6804af99a628d87a352cd5e2,67654209bf85ec5de3d4b68e,3,21,11,100000.0
6804af99a628d87a352cd5e2,67654209bf85ec5de3d4b68e,3,21,6,100000.0
6804af99a628d87a352cd5e2,67654209bf85ec5de3d4b68e,3,21,5,100000.0
6804af99a628d87a352cd5e2,67654209bf85ec5de3d4b68e,3,21,6,100000.0
6804af99a628d87a352cd5e2,67654209bf85ec5de3d4b68e,3,21,6,100000.0
6804af99a628d87a352cd5e2,67654209bf85ec5de3d4b68e,3,21,12,100000.0
6804af99a628d87a352cd5e2,67654209bf85ec5de3d4b68e,3,21,8,100000.0
6804af99a628d87a352cd5e2,67654209bf85ec5de3d4b68e,3,21,11,100000.0
6804af99a628d87a352cd5e2,67654209bf85ec5de3d4b68e,3,21,12,100000.0
6804af99a628d87a352cd5e2,67654209bf85ec5de3d4b68e,3,21,8,100000.0
6804af99a628d87a352cd5e2,67654209bf85ec5de3d4b68e,3,21,4,100000.0
6804af99a628d87a352cd5e2,67654209bf85ec5de3d4b68e,3,21,12,100000.0
6804af99a628d87a352cd5e2,67654209bf85ec5de3d4b68e,3,21,11,100000.0
6804af99a628d87a352cd5e2,67654209bf85ec5de3d4b68e,3,21,7,100000.0
6804af99a628d87a352cd5e2,67654209bf85ec5de3d4b68e,3,21,4,100000.0
6804af99a628d87a352cd5e2,67654209bf85ec5de3d4b68e,3,21,7,100000.0
6804af99a628d87a352cd5e2,67654209bf85ec5de3d4b68e,3,21,10,100000.0
6804af99a628d87a352cd5e2,67654209bf85ec5de3d4b68e,4,19,10,100000.0
6804af99a628d87a352cd5e2,67654209bf85ec5de3d4b68e,4,19,9,100000.0
6804af99a628d87a352cd5e2,67654209bf85ec5de3d4b68e,4,19,10,100000.0
6804af99a628d87a352cd5e2,67654209bf85ec5de3d4b68e,4,19,10,100000.0
6804af99a628d87a352cd5e2,67654209bf85ec5de3d4b68e,4,19,10,100000.0
6804af99a628d87a352cd5e2,67654209bf85ec5de3d4b68e,4,19,9,100000.0
6804af99a628d87a352cd5e2,67654209bf85ec5de3d4b68e,4,19,9,100000.0
6804af99a628d87a352cd5e2,67654209bf85ec5de3d4b68e,4,19,9,100000.0
6804af99a628d87a352cd5e2,67654209bf85ec5de3d4b68e,4,19,8,100000.0
6804af99a628d87a352cd5e2,67654209bf85ec5de3d4b68e,4,19,12,100000.0
6804af99a628d87a352cd5e2,67654209bf85ec5de3d4b68e,4,19,7,100000.0
6804af99a628d87a352cd5e2,67654209bf85ec5de3d4b68e,4,19,11,100000.0
6804af99a628d87a352cd5e2,67654209bf85ec5de3d4b68e,4,19,12,100000.0
6804af99a628d87a352cd5e2,67654209bf85ec5de3d4b68e,4,19,7,100000.0
6804af99a628d87a352cd5e2,67654209bf85ec5de3d4b68e,4,19,12,100000.0
6804af99a628d87a352cd5e2,67654209bf85ec5de3d4b68e,4,19,12,100000.0
6804af99a628d87a352cd5e2,67654209bf85ec5de3d4b68e,4,19,7,100000.0
6804af99a628d87a352cd5e2,67654209bf85ec5de3d4b68e,4,19,6,100000.0
6804af99a628d87a352cd5e2,67654209bf85ec5de3d4b68e,4,19,5,100000.0
6804af99a628d87a352cd5e2,67654209bf85ec5de3d4b68e,4,19,8,100000.0
6804af99a628d87a352cd5e2,67654209bf85ec5de3d4b68e,4,19,7,100000.0
6804af99a628d87a352cd5e2,67654209bf85ec5de3d4b68e,4,19,8,100000.0
6804af99a628d87a352cd5e2,67654209bf85ec5de3d4b68e,4,19,11,100000.0
6804af99a628d87a352cd5e2,67654209bf85ec5de3d4b68e,4,19,5,100000.0
6804af99a628d87a352cd5e2,67654209bf85ec5de3d4b68e,4,19,8,100000.0
6804af99a628d87a352cd5e2,67654209bf85ec5de3d4b68e,4,19,11,100000.0
6804af99a628d87a352cd5e2,67654209bf85ec5de3d4b68e,4,19,7,100000.0
6804af99a628d87a352cd5e2,67654209bf85ec5de3d4b68e,4,19,11,100000.0
6804af99a628d87a352cd5e2,67654209bf85ec5de3d4b68e,4,19,5,100000.0
6804af99a628d87a352cd5e2,67654209bf85ec5de3d4b68e,4,19,10,100000.0
6804af99a628d87a352cd5e2,67654209bf85ec5de3d4b68e,4,19,6,100000.0
6804af99a628d87a352cd5e2,67654209bf85ec5de3d4b68e,4,19,6,100000.0
6804af99a628d87a352cd5e2,67654209bf85ec5de3d4b68e,4,19,6,100000.0
6804af99a628d87a352cd5e2,67654209bf85ec5de3d4b68e,4,19,5,100000.0
6804af99a628d87a352cd5e2,67654209bf85ec5de3d4b68e,4,19,5,100000.0
6804af99a628d87a352cd5e2,67654209bf85ec5de3d4b68e,4,19,4,100000.0
6804af99a628d87a352cd5e2,67654209bf85ec5de3d4b68e,4,20,10,100000.0
6804af99a628d87a352cd5e2,67654209bf85ec5de3d4b68e,4,20,9,100000.0
6804af99a628d87a352cd5e2,67654209bf85ec5de3d4b68e,4,20,10,100000.0
6804af99a628d87a352cd5e2,67654209bf85ec5de3d4b68e,4,20,10,100000.0
6804af99a628d87a352cd5e2,67654209bf85ec5de3d4b68e,4,20,10,100000.0
6804af99a628d87a352cd5e2,67654209bf85ec5de3d4b68e,4,20,9,100000.0
6804af99a628d87a352cd5e2,67654209bf85ec5de3d4b68e,4,20,9,100000.0
6804af99a628d87a352cd5e2,67654209bf85ec5de3d4b68e,4,20,9,100000.0
6804af99a628d87a352cd5e2,67654209bf85ec5de3d4b68e,4,20,8,100000.0
6804af99a628d87a352cd5e2,67654209bf85ec5de3d4b68e,4,20,12,100000.0
6804af99a628d87a352cd5e2,67654209bf85ec5de3d4b68e,4,20,11,100000.0
6804af99a628d87a352cd5e2,67654209bf85ec5de3d4b68e,4,20,12,100000.0
6804af99a628d87a352cd5e2,67654209bf85ec5de3d4b68e,4,20,12,100000.0
6804af99a628d87a352cd5e2,67654209bf85ec5de3d4b68e,4,20,12,100000.0
6804af99a628d87a352cd5e2,67654209bf85ec5de3d4b68e,4,20,11,100000.0
6804af99a628d87a352cd5e2,67654209bf85ec5de3d4b68e,4,20,11,100000.0
6804af99a628d87a352cd5e2,67654209bf85ec5de3d4b68e,4,20,11,100000.0
6804af99a628d87a352cd5e2,67654209bf85ec5de3d4b68e,4,20,10,100000.0
6804af99a628d87a352cd5e2,67654209bf85ec5de3d4b68e,4,20,7,100000.0
6804af99a628d87a352cd5e2,67654209bf85ec5de3d4b68e,4,20,7,100000.0
6804af99a628d87a352cd5e2,67654209bf85ec5de3d4b68e,4,20,7,100000.0
6804af99a628d87a352cd5e2,67654209bf85ec5de3d4b68e,4,20,6,100000.0
6804af99a628d87a352cd5e2,67654209bf85ec5de3d4b68e,4,20,5,100000.0
6804af99a628d87a352cd5e2,67654209bf85ec5de3d4b68e,4,20,8,100000.0
6804af99a628d87a352cd5e2,67654209bf85ec5de3d4b68e,4,20,5,100000.0
6804af99a628d87a352cd5e2,67654209bf85ec5de3d4b68e,4,20,8,100000.0
6804af99a628d87a352cd5e2,67654209bf85ec5de3d4b68e,4,20,6,100000.0
6804af99a628d87a352cd5e2,67654209bf85ec5de3d4b68e,4,20,8,100000.0
6804af99a628d87a352cd5e2,67654209bf85ec5de3d4b68e,4,20,5,100000.0
6804af99a628d87a352cd5e2,67654209bf85ec5de3d4b68e,4,20,6,100000.0
6804af99a628d87a352cd5e2,67654209bf85ec5de3d4b68e,4,20,5,100000.0
6804af99a628d87a352cd5e2,67654209bf85ec5de3d4b68e,4,20,7,100000.0
6804af99a628d87a352cd5e2,67654209bf85ec5de3d4b68e,4,20,6,100000.0
6804af99a628d87a352cd5e2,67654209bf85ec5de3d4b68e,4,20,7,100000.0
6804af99a628d87a352cd5e2,67654209bf85ec5de3d4b68e,4,20,4,100000.0
6804af99a628d87a352cd5e2,67654209bf85ec5de3d4b68e,4,20,5,100000.0
6804af99a628d87a352cd5e2,67654209bf85ec5de3d4b68e,4,15,10,100000.0
6804af99a628d87a352cd5e2,67654209bf85ec5de3d4b68e,4,15,9,100000.0
6804af99a628d87a352cd5e2,67654209bf85ec5de3d4b68e,4,15,10,100000.0
6804af99a628d87a352cd5e2,67654209bf85ec5de3d4b68e,4,15,10,100000.0
6804af99a628d87a352cd5e2,67654209bf85ec5de3d4b68e,4,15,10,100000.0
6804af99a628d87a352cd5e2,67654209bf85ec5de3d4b68e,4,15,9,100000.0
6804af99a628d87a352cd5e2,67654209bf85ec5de3d4b68e,4,15,9,100000.0
6804af99a628d87a352cd5e2,67654209bf85ec5de3d4b68e,4,15,7,100000.0
6804af99a628d87a352cd5e2,67654209bf85ec5de3d4b68e,4,15,9,100000.0
6804af99a628d87a352cd5e2,67654209bf85ec5de3d4b68e,4,15,8,100000.0
6804af99a628d87a352cd5e2,67654209bf85ec5de3d4b68e,4,15,5,100000.0
6804af99a628d87a352cd5e2,67654209bf85ec5de3d4b68e,4,15,7,100000.0
6804af99a628d87a352cd5e2,67654209bf85ec5de3d4b68e,4,15,5,100000.0
6804af99a628d87a352cd5e2,67654209bf85ec5de3d4b68e,4,15,7,100000.0
6804af99a628d87a352cd5e2,67654209bf85ec5de3d4b68e,4,15,6,100000.0
6804af99a628d87a352cd5e2,67654209bf85ec5de3d4b68e,4,15,6,100000.0
6804af99a628d87a352cd5e2,67654209bf85ec5de3d4b68e,4,15,6,100000.0
6804af99a628d87a352cd5e2,67654209bf85ec5de3d4b68e,4,15,6,100000.0
6804af99a628d87a352cd5e2,67654209bf85ec5de3d4b68e,4,15,11,100000.0
6804af99a628d87a352cd5e2,67654209bf85ec5de3d4b68e,4,15,11,100000.0
6804af99a628d87a352cd5e2,67654209bf85ec5de3d4b68e,4,15,11,100000.0
6804af99a628d87a352cd5e2,67654209bf85ec5de3d4b68e,4,15,10,100000.0
6804af99a628d87a352cd5e2,67654209bf85ec5de3d4b68e,4,15,12,100000.0
6804af99a628d87a352cd5e2,67654209bf85ec5de3d4b68e,4,15,12,100000.0
6804af99a628d87a352cd5e2,67654209bf85ec5de3d4b68e,4,15,12,100000.0
6804af99a628d87a352cd5e2,67654209bf85ec5de3d4b68e,4,15,12,100000.0
6804af99a628d87a352cd5e2,67654209bf85ec5de3d4b68e,4,15,5,100000.0
6804af99a628d87a352cd5e2,67654209bf85ec5de3d4b68e,4,15,11,100000.0
6804af99a628d87a352cd5e2,67654209bf85ec5de3d4b68e,4,15,5,100000.0
6804af99a628d87a352cd5e2,67654209bf85ec5de3d4b68e,4,15,5,100000.0
6804af99a628d87a352cd5e2,67654209bf85ec5de3d4b68e,4,15,4,100000.0
6804af99a628d87a352cd5e2,67654209bf85ec5de3d4b68e,4,15,7,100000.0
6804af99a628d87a352cd5e2,67654209bf85ec5de3d4b68e,4,15,7,100000.0
6804af99a628d87a352cd5e2,67654209bf85ec5de3d4b68e,4,15,8,100000.0
6804af99a628d87a352cd5e2,67654209bf85ec5de3d4b68e,4,15,8,100000.0
6804af99a628d87a352cd5e2,67654209bf85ec5de3d4b68e,4,15,8,100000.0
6804af99a628d87a352cd5e2,67654209bf85ec5de3d4b68e,4,8,10,100000.0
6804af99a628d87a352cd5e2,67654209bf85ec5de3d4b68e,4,8,9,100000.0
6804af99a628d87a352cd5e2,67654209bf85ec5de3d4b68e,4,8,7,100000.0
6804af99a628d87a352cd5e2,67654209bf85ec5de3d4b68e,4,8,12,100000.0
6804af99a628d87a352cd5e2,67654209bf85ec5de3d4b68e,4,8,10,100000.0
6804af99a628d87a352cd5e2,67654209bf85ec5de3d4b68e,4,8,7,100000.0
6804af99a628d87a352cd5e2,67654209bf85ec5de3d4b68e,4,8,11,100000.0
6804af99a628d87a352cd5e2,67654209bf85ec5de3d4b68e,4,8,10,100000.0
6804af99a628d87a352cd5e2,67654209bf85ec5de3d4b68e,4,8,7,100000.0
6804af99a628d87a352cd5e2,67654209bf85ec5de3d4b68e,4,8,10,100000.0
6804af99a628d87a352cd5e2,67654209bf85ec5de3d4b68e,4,8,12,100000.0
6804af99a628d87a352cd5e2,67654209bf85ec5de3d4b68e,4,8,12,100000.0
6804af99a628d87a352cd5e2,67654209bf85ec5de3d4b68e,4,8,9,100000.0
6804af99a628d87a352cd5e2,67654209bf85ec5de3d4b68e,4,8,12,100000.0
6804af99a628d87a352cd5e2,67654209bf85ec5de3d4b68e,4,8,6,100000.0
6804af99a628d87a352cd5e2,67654209bf85ec5de3d4b68e,4,8,5,100000.0
6804af99a628d87a352cd5e2,67654209bf85ec5de3d4b68e,4,8,9,100000.0
6804af99a628d87a352cd5e2,67654209bf85ec5de3d4b68e,4,8,11,100000.0
6804af99a628d87a352cd5e2,67654209bf85ec5de3d4b68e,4,8,8,100000.0
6804af99a628d87a352cd5e2,67654209bf85ec5de3d4b68e,4,8,5,100000.0
6804af99a628d87a352cd5e2,67654209bf85ec5de3d4b68e,4,8,11,100000.0
6804af99a628d87a352cd5e2,67654209bf85ec5de3d4b68e,4,8,9,100000.0
6804af99a628d87a352cd5e2,67654209bf85ec5de3d4b68e,4,8,8,100000.0
6804af99a628d87a352cd5e2,67654209bf85ec5de3d4b68e,4,8,11,100000.0
6804af99a628d87a352cd5e2,67654209bf85ec5de3d4b68e,4,8,6,100000.0
6804af99a628d87a352cd5e2,67654209bf85ec5de3d4b68e,4,8,7,100000.0
6804af99a628d87a352cd5e2,67654209bf85ec5de3d4b68e,4,8,8,100000.0
6804af99a628d87a352cd5e2,67654209bf85ec5de3d4b68e,4,8,8,100000.0
6804af99a628d87a352cd5e2,67654209bf85ec5de3d4b68e,4,8,6,100000.0
6804af99a628d87a352cd5e2,67654209bf85ec5de3d4b68e,4,8,7,100000.0
6804af99a628d87a352cd5e2,67654209bf85ec5de3d4b68e,4,8,6,100000.0
6804af99a628d87a352cd5e2,67654209bf85ec5de3d4b68e,4,8,5,100000.0
6804af99a628d87a352cd5e2,67654209bf85ec5de3d4b68e,4,8,5,100000.0
6804af99a628d87a352cd5e2,67654209bf85ec5de3d4b68e,4,8,4,100000.0
6804af99a628d87a352cd5e2,67654209bf85ec5de3d4b68e,4,8,5,100000.0
6804af99a628d87a352cd5e2,67654209bf85ec5de3d4b68e,4,8,10,100000.0
6804af99a628d87a352cd5e2,67654209bf85ec5de3d4b68e,5,14,10,100000.0
6804af99a628d87a352cd5e2,67654209bf85ec5de3d4b68e,5,14,9,100000.0
6804af99a628d87a352cd5e2,67654209bf85ec5de3d4b68e,5,14,10,100000.0
6804af99a628d87a352cd5e2,67654209bf85ec5de3d4b68e,5,14,10,100000.0
6804af99a628d87a352cd5e2,67654209bf85ec5de3d4b68e,5,14,10,100000.0
6804af99a628d87a352cd5e2,67654209bf85ec5de3d4b68e,5,14,9,100000.0
6804af99a628d87a352cd5e2,67654209bf85ec5de3d4b68e,5,14,9,100000.0
6804af99a628d87a352cd5e2,67654209bf85ec5de3d4b68e,5,14,9,100000.0
6804af99a628d87a352cd5e2,67654209bf85ec5de3d4b68e,5,14,8,100000.0
6804af99a628d87a352cd5e2,67654209bf85ec5de3d4b68e,5,14,12,100000.0
6804af99a628d87a352cd5e2,67654209bf85ec5de3d4b68e,5,14,11,100000.0
6804af99a628d87a352cd5e2,67654209bf85ec5de3d4b68e,5,14,12,100000.0
6804af99a628d87a352cd5e2,67654209bf85ec5de3d4b68e,5,14,12,100000.0
6804af99a628d87a352cd5e2,67654209bf85ec5de3d4b68e,5,14,7,100000.0
6804af99a628d87a352cd5e2,67654209bf85ec5de3d4b68e,5,14,12,100000.0
6804af99a628d87a352cd5e2,67654209bf85ec5de3d4b68e,5,14,7,100000.0
6804af99a628d87a352cd5e2,67654209bf85ec5de3d4b68e,5,14,7,100000.0
6804af99a628d87a352cd5e2,67654209bf85ec5de3d4b68e,5,14,6,100000.0
6804af99a628d87a352cd5e2,67654209bf85ec5de3d4b68e,5,14,11,100000.0
6804af99a628d87a352cd5e2,67654209bf85ec5de3d4b68e,5,14,11,100000.0
6804af99a628d87a352cd5e2,67654209bf85ec5de3d4b68e,5,14,5,100000.0
6804af99a628d87a352cd5e2,67654209bf85ec5de3d4b68e,5,14,5,100000.0
6804af99a628d87a352cd5e2,67654209bf85ec5de3d4b68e,5,14,8,100000.0
6804af99a628d87a352cd5e2,67654209bf85ec5de3d4b68e,5,14,5,100000.0
6804af99a628d87a352cd5e2,67654209bf85ec5de3d4b68e,5,14,11,100000.0
6804af99a628d87a352cd5e2,67654209bf85ec5de3d4b68e,5,14,6,100000.0
6804af99a628d87a352cd5e2,67654209bf85ec5de3d4b68e,5,14,10,100000.0
6804af99a628d87a352cd5e2,67654209bf85ec5de3d4b68e,5,14,5,100000.0
6804af99a628d87a352cd5e2,67654209bf85ec5de3d4b68e,5,14,6,100000.0
6804af99a628d87a352cd5e2,67654209bf85ec5de3d4b68e,5,14,5,100000.0
6804af99a628d87a352cd5e2,67654209bf85ec5de3d4b68e,5,14,6,100000.0
6804af99a628d87a352cd5e2,67654209bf85ec5de3d4b68e,5,14,8,100000.0
6804af99a628d87a352cd5e2,67654209bf85ec5de3d4b68e,5,14,8,100000.0
6804af99a628d87a352cd5e2,67654209bf85ec5de3d4b68e,5,14,4,100000.0
6804af99a628d87a352cd5e2,67654209bf85ec5de3d4b68e,5,14,8,100000.0
6804af99a628d87a352cd5e2,67654209bf85ec5de3d4b68e,5,14,7,100000.0
6804af99a628d87a352cd5e2,67654209bf85ec5de3d4b68e,5,19,10,100000.0
6804af99a628d87a352cd5e2,67654209bf85ec5de3d4b68e,5,19,9,100000.0
6804af99a628d87a352cd5e2,67654209bf85ec5de3d4b68e,5,19,10,100000.0
6804af99a628d87a352cd5e2,67654209bf85ec5de3d4b68e,5,19,10,100000.0
6804af99a628d87a352cd5e2,67654209bf85ec5de3d4b68e,5,19,10,100000.0
6804af99a628d87a352cd5e2,67654209bf85ec5de3d4b68e,5,19,12,100000.0
6804af99a628d87a352cd5e2,67654209bf85ec5de3d4b68e,5,19,7,100000.0
6804af99a628d87a352cd5e2,67654209bf85ec5de3d4b68e,5,19,11,100000.0
6804af99a628d87a352cd5e2,67654209bf85ec5de3d4b68e,5,19,9,100000.0
6804af99a628d87a352cd5e2,67654209bf85ec5de3d4b68e,5,19,12,100000.0
6804af99a628d87a352cd5e2,67654209bf85ec5de3d4b68e,5,19,8,100000.0
6804af99a628d87a352cd5e2,67654209bf85ec5de3d4b68e,5,19,7,100000.0
6804af99a628d87a352cd5e2,67654209bf85ec5de3d4b68e,5,19,12,100000.0
6804af99a628d87a352cd5e2,67654209bf85ec5de3d4b68e,5,19,9,100000.0
6804af99a628d87a352cd5e2,67654209bf85ec5de3d4b68e,5,19,5,100000.0
6804af99a628d87a352cd5e2,67654209bf85ec5de3d4b68e,5,19,8,100000.0
6804af99a628d87a352cd5e2,67654209bf85ec5de3d4b68e,5,19,9,100000.0
6804af99a628d87a352cd5e2,67654209bf85ec5de3d4b68e,5,19,12,100000.0
6804af99a628d87a352cd5e2,67654209bf85ec5de3d4b68e,5,19,8,100000.0
6804af99a628d87a352cd5e2,67654209bf85ec5de3d4b68e,5,19,5,100000.0
6804af99a628d87a352cd5e2,67654209bf85ec5de3d4b68e,5,19,7,100000.0
6804af99a628d87a352cd5e2,67654209bf85ec5de3d4b68e,5,19,11,100000.0
6804af99a628d87a352cd5e2,67654209bf85ec5de3d4b68e,5,19,8,100000.0
6804af99a628d87a352cd5e2,67654209bf85ec5de3d4b68e,5,19,8,100000.0
6804af99a628d87a352cd5e2,67654209bf85ec5de3d4b68e,5,19,6,100000.0
6804af99a628d87a352cd5e2,67654209bf85ec5de3d4b68e,5,19,11,100000.0
6804af99a628d87a352cd5e2,67654209bf85ec5de3d4b68e,5,19,6,100000.0
6804af99a628d87a352cd5e2,67654209bf85ec5de3d4b68e,5,19,7,100000.0
6804af99a628d87a352cd5e2,67654209bf85ec5de3d4b68e,5,19,11,100000.0
6804af99a628d87a352cd5e2,67654209bf85ec5de3d4b68e,5,19,6,100000.0
6804af99a628d87a352cd5e2,67654209bf85ec5de3d4b68e,5,19,10,100000.0
6804af99a628d87a352cd5e2,67654209bf85ec5de3d4b68e,5,19,6,100000.0
6804af99a628d87a352cd5e2,67654209bf85ec5de3d4b68e,5,19,5,100000.0
6804af99a628d87a352cd5e2,67654209bf85ec5de3d4b68e,5,19,5,100000.0
6804af99a628d87a352cd5e2,67654209bf85ec5de3d4b68e,5,19,5,100000.0
6804af99a628d87a352cd5e2,67654209bf85ec5de3d4b68e,5,19,4,100000.0
6804af99a628d87a352cd5e2,67654209bf85ec5de3d4b68e,6,21,10,100000.0
6804af99a628d87a352cd5e2,67654209bf85ec5de3d4b68e,6,21,9,100000.0
6804af99a628d87a352cd5e2,67654209bf85ec5de3d4b68e,6,21,10,100000.0
6804af99a628d87a352cd5e2,67654209bf85ec5de3d4b68e,6,21,10,100000.0
6804af99a628d87a352cd5e2,67654209bf85ec5de3d4b68e,6,21,10,100000.0
6804af99a628d87a352cd5e2,67654209bf85ec5de3d4b68e,6,21,9,100000.0
6804af99a628d87a352cd5e2,67654209bf85ec5de3d4b68e,6,21,9,100000.0
6804af99a628d87a352cd5e2,67654209bf85ec5de3d4b68e,6,21,9,100000.0
6804af99a628d87a352cd5e2,67654209bf85ec5de3d4b68e,6,21,8,100000.0
6804af99a628d87a352cd5e2,67654209bf85ec5de3d4b68e,6,21,12,100000.0
6804af99a628d87a352cd5e2,67654209bf85ec5de3d4b68e,6,21,11,100000.0
6804af99a628d87a352cd5e2,67654209bf85ec5de3d4b68e,6,21,12,100000.0
6804af99a628d87a352cd5e2,67654209bf85ec5de3d4b68e,6,21,12,100000.0
6804af99a628d87a352cd5e2,67654209bf85ec5de3d4b68e,6,21,12,100000.0
6804af99a628d87a352cd5e2,67654209bf85ec5de3d4b68e,6,21,11,100000.0
6804af99a628d87a352cd5e2,67654209bf85ec5de3d4b68e,6,21,11,100000.0
6804af99a628d87a352cd5e2,67654209bf85ec5de3d4b68e,6,21,11,100000.0
6804af99a628d87a352cd5e2,67654209bf85ec5de3d4b68e,6,21,11,100000.0
6804af99a628d87a352cd5e2,67654209bf85ec5de3d4b68e,6,21,7,100000.0
6804af99a628d87a352cd5e2,67654209bf85ec5de3d4b68e,6,21,7,100000.0
6804af99a628d87a352cd5e2,67654209bf85ec5de3d4b68e,6,21,7,100000.0
6804af99a628d87a352cd5e2,67654209bf85ec5de3d4b68e,6,21,6,100000.0
6804af99a628d87a352cd5e2,67654209bf85ec5de3d4b68e,6,21,8,100000.0
6804af99a628d87a352cd5e2,67654209bf85ec5de3d4b68e,6,21,8,100000.0
6804af99a628d87a352cd5e2,67654209bf85ec5de3d4b68e,6,21,8,100000.0
6804af99a628d87a352cd5e2,67654209bf85ec5de3d4b68e,6,21,8,100000.0
6804af99a628d87a352cd5e2,67654209bf85ec5de3d4b68e,6,21,7,100000.0
6804af99a628d87a352cd5e2,67654209bf85ec5de3d4b68e,6,21,5,100000.0
6804af99a628d87a352cd5e2,67654209bf85ec5de3d4b68e,6,21,5,100000.0
6804af99a628d87a352cd5e2,67654209bf85ec5de3d4b68e,6,21,5,100000.0
6804af99a628d87a352cd5e2,67654209bf85ec5de3d4b68e,6,21,5,100000.0
6804af99a628d87a352cd5e2,67654209bf85ec5de3d4b68e,6,21,4,100000.0
6804af99a628d87a352cd5e2,67654209bf85ec5de3d4b68e,6,21,6,100000.0
6804af99a628d87a352cd5e2,67654209bf85ec5de3d4b68e,6,21,6,100000.0
6804af99a628d87a352cd5e2,67654209bf85ec5de3d4b68e,6,21,5,100000.0
6804af99a628d87a352cd5e2,67654209bf85ec5de3d4b68e,6,21,6,100000.0
6804af99a628d87a352cd5e2,67654209bf85ec5de3d4b68e,6,8,10,100000.0
6804af99a628d87a352cd5e2,67654209bf85ec5de3d4b68e,6,8,9,100000.0
6804af99a628d87a352cd5e2,67654209bf85ec5de3d4b68e,6,8,10,100000.0
6804af99a628d87a352cd5e2,67654209bf85ec5de3d4b68e,6,8,10,100000.0
6804af99a628d87a352cd5e2,67654209bf85ec5de3d4b68e,6,8,10,100000.0
6804af99a628d87a352cd5e2,67654209bf85ec5de3d4b68e,6,8,9,100000.0
6804af99a628d87a352cd5e2,67654209bf85ec5de3d4b68e,6,8,9,100000.0
6804af99a628d87a352cd5e2,67654209bf85ec5de3d4b68e,6,8,9,100000.0
6804af99a628d87a352cd5e2,67654209bf85ec5de3d4b68e,6,8,8,100000.0
6804af99a628d87a352cd5e2,67654209bf85ec5de3d4b68e,6,8,12,100000.0
6804af99a628d87a352cd5e2,67654209bf85ec5de3d4b68e,6,8,11,100000.0
6804af99a628d87a352cd5e2,67654209bf85ec5de3d4b68e,6,8,12,100000.0
6804af99a628d87a352cd5e2,67654209bf85ec5de3d4b68e,6,8,12,100000.0
6804af99a628d87a352cd5e2,67654209bf85ec5de3d4b68e,6,8,12,100000.0
6804af99a628d87a352cd5e2,67654209bf85ec5de3d4b68e,6,8,11,100000.0
6804af99a628d87a352cd5e2,67654209bf85ec5de3d4b68e,6,8,11,100000.0
6804af99a628d87a352cd5e2,67654209bf85ec5de3d4b68e,6,8,11,100000.0
6804af99a628d87a352cd5e2,67654209bf85ec5de3d4b68e,6,8,11,100000.0
6804af99a628d87a352cd5e2,67654209bf85ec5de3d4b68e,6,8,7,100000.0
6804af99a628d87a352cd5e2,67654209bf85ec5de3d4b68e,6,8,7,100000.0
6804af99a628d87a352cd5e2,67654209bf85ec5de3d4b68e,6,8,7,100000.0
6804af99a628d87a352cd5e2,67654209bf85ec5de3d4b68e,6,8,6,100000.0
6804af99a628d87a352cd5e2,67654209bf85ec5de3d4b68e,6,8,8,100000.0
6804af99a628d87a352cd5e2,67654209bf85ec5de3d4b68e,6,8,8,100000.0
6804af99a628d87a352cd5e2,67654209bf85ec5de3d4b68e,6,8,8,100000.0
6804af99a628d87a352cd5e2,67654209bf85ec5de3d4b68e,6,8,8,100000.0
6804af99a628d87a352cd5e2,67654209bf85ec5de3d4b68e,6,8,7,100000.0
6804af99a628d87a352cd5e2,67654209bf85ec5de3d4b68e,6,8,5,100000.0
6804af99a628d87a352cd5e2,67654209bf85ec5de3d4b68e,6,8,5,100000.0
6804af99a628d87a352cd5e2,67654209bf85ec5de3d4b68e,6,8,6,100000.0
6804af99a628d87a352cd5e2,67654209bf85ec5de3d4b68e,6,8,6,100000.0
6804af99a628d87a352cd5e2,67654209bf85ec5de3d4b68e,6,8,6,100000.0
6804af99a628d87a352cd5e2,67654209bf85ec5de3d4b68e,6,8,5,100000.0
6804af99a628d87a352cd5e2,67654209bf85ec5de3d4b68e,6,8,5,100000.0
6804af99a628d87a352cd5e2,67654209bf85ec5de3d4b68e,6,8,5,100000.0
6804af99a628d87a352cd5e2,67654209bf85ec5de3d4b68e,6,8,4,100000.0
6804af99a628d87a352cd5e2,67654209bf85ec5de3d4b68e,6,9,10,100000.0
6804af99a628d87a352cd5e2,67654209bf85ec5de3d4b68e,6,9,9,100000.0
6804af99a628d87a352cd5e2,67654209bf85ec5de3d4b68e,6,9,10,100000.0
6804af99a628d87a352cd5e2,67654209bf85ec5de3d4b68e,6,9,10,100000.0
6804af99a628d87a352cd5e2,67654209bf85ec5de3d4b68e,6,9,10,100000.0
6804af99a628d87a352cd5e2,67654209bf85ec5de3d4b68e,6,9,9,100000.0
6804af99a628d87a352cd5e2,67654209bf85ec5de3d4b68e,6,9,9,100000.0
6804af99a628d87a352cd5e2,67654209bf85ec5de3d4b68e,6,9,9,100000.0
6804af99a628d87a352cd5e2,67654209bf85ec5de3d4b68e,6,9,8,100000.0
6804af99a628d87a352cd5e2,67654209bf85ec5de3d4b68e,6,9,12,100000.0
6804af99a628d87a352cd5e2,67654209bf85ec5de3d4b68e,6,9,11,100000.0
6804af99a628d87a352cd5e2,67654209bf85ec5de3d4b68e,6,9,12,100000.0
6804af99a628d87a352cd5e2,67654209bf85ec5de3d4b68e,6,9,12,100000.0
6804af99a628d87a352cd5e2,67654209bf85ec5de3d4b68e,6,9,12,100000.0
6804af99a628d87a352cd5e2,67654209bf85ec5de3d4b68e,6,9,11,100000.0
6804af99a628d87a352cd5e2,67654209bf85ec5de3d4b68e,6,9,11,100000.0
6804af99a628d87a352cd5e2,67654209bf85ec5de3d4b68e,6,9,11,100000.0
6804af99a628d87a352cd5e2,67654209bf85ec5de3d4b68e,6,9,11,100000.0
6804af99a628d87a352cd5e2,67654209bf85ec5de3d4b68e,6,9,7,100000.0
6804af99a628d87a352cd5e2,67654209bf85ec5de3d4b68e,6,9,7,100000.0
6804af99a628d87a352cd5e2,67654209bf85ec5de3d4b68e,6,9,7,100000.0
6804af99a628d87a352cd5e2,67654209bf85ec5de3d4b68e,6,9,6,100000.0
6804af99a628d87a352cd5e2,67654209bf85ec5de3d4b68e,6,9,8,100000.0
6804af99a628d87a352cd5e2,67654209bf85ec5de3d4b68e,6,9,8,100000.0
6804af99a628d87a352cd5e2,67654209bf85ec5de3d4b68e,6,9,8,100000.0
6804af99a628d87a352cd5e2,67654209bf85ec5de3d4b68e,6,9,8,100000.0
6804af99a628d87a352cd5e2,67654209bf85ec5de3d4b68e,6,9,7,100000.0
6804af99a628d87a352cd5e2,67654209bf85ec5de3d4b68e,6,9,6,100000.0
6804af99a628d87a352cd5e2,67654209bf85ec5de3d4b68e,6,9,6,100000.0
6804af99a628d87a352cd5e2,67654209bf85ec5de3d4b68e,6,9,5,100000.0
6804af99a628d87a352cd5e2,67654209bf85ec5de3d4b68e,6,9,5,100000.0
6804af99a628d87a352cd5e2,67654209bf85ec5de3d4b68e,6,9,5,100000.0
6804af99a628d87a352cd5e2,67654209bf85ec5de3d4b68e,6,9,6,100000.0
6804af99a628d87a352cd5e2,67654209bf85ec5de3d4b68e,6,9,4,100000.0
6804af99a628d87a352cd5e2,67654209bf85ec5de3d4b68e,6,9,5,100000.0
6804af99a628d87a352cd5e2,67654209bf85ec5de3d4b68e,6,9,5,100000.0
6804af99a628d87a352cd5e2,67654209bf85ec5de3d4b68e,6,19,10,100000.0
6804af99a628d87a352cd5e2,67654209bf85ec5de3d4b68e,6,19,9,100000.0
6804af99a628d87a352cd5e2,67654209bf85ec5de3d4b68e,6,19,10,100000.0
6804af99a628d87a352cd5e2,67654209bf85ec5de3d4b68e,6,19,10,100000.0
6804af99a628d87a352cd5e2,67654209bf85ec5de3d4b68e,6,19,10,100000.0
6804af99a628d87a352cd5e2,67654209bf85ec5de3d4b68e,6,19,9,100000.0
6804af99a628d87a352cd5e2,67654209bf85ec5de3d4b68e,6,19,9,100000.0
6804af99a628d87a352cd5e2,67654209bf85ec5de3d4b68e,6,19,9,100000.0
6804af99a628d87a352cd5e2,67654209bf85ec5de3d4b68e,6,19,8,100000.0
6804af99a628d87a352cd5e2,67654209bf85ec5de3d4b68e,6,19,12,100000.0
6804af99a628d87a352cd5e2,67654209bf85ec5de3d4b68e,6,19,11,100000.0
6804af99a628d87a352cd5e2,67654209bf85ec5de3d4b68e,6,19,12,100000.0
6804af99a628d87a352cd5e2,67654209bf85ec5de3d4b68e,6,19,12,100000.0
6804af99a628d87a352cd5e2,67654209bf85ec5de3d4b68e,6,19,12,100000.0
6804af99a628d87a352cd5e2,67654209bf85ec5de3d4b68e,6,19,11,100000.0
6804af99a628d87a352cd5e2,67654209bf85ec5de3d4b68e,6,19,11,100000.0
6804af99a628d87a352cd5e2,67654209bf85ec5de3d4b68e,6,19,11,100000.0
6804af99a628d87a352cd5e2,67654209bf85ec5de3d4b68e,6,19,11,100000.0
6804af99a628d87a352cd5e2,67654209bf85ec5de3d4b68e,6,19,7,100000.0
6804af99a628d87a352cd5e2,67654209bf85ec5de3d4b68e,6,19,7,100000.0
6804af99a628d87a352cd5e2,67654209bf85ec5de3d4b68e,6,19,7,100000.0
6804af99a628d87a352cd5e2,67654209bf85ec5de3d4b68e,6,19,6,100000.0
6804af99a628d87a352cd5e2,67654209bf85ec5de3d4b68e,6,19,8,100000.0
6804af99a628d87a352cd5e2,67654209bf85ec5de3d4b68e,6,19,5,100000.0
6804af99a628d87a352cd5e2,67654209bf85ec5de3d4b68e,6,19,5,100000.0
6804af99a628d87a352cd5e2,67654209bf85ec5de3d4b68e,6,19,5,100000.0
6804af99a628d87a352cd5e2,67654209bf85ec5de3d4b68e,6,19,7,100000.0
6804af99a628d87a352cd5e2,67654209bf85ec5de3d4b68e,6,19,5,100000.0
6804af99a628d87a352cd5e2,67654209bf85ec5de3d4b68e,6,19,8,100000.0
6804af99a628d87a352cd5e2,67654209bf85ec5de3d4b68e,6,19,4,100000.0
6804af99a628d87a352cd5e2,67654209bf85ec5de3d4b68e,6,19,8,100000.0
6804af99a628d87a352cd5e2,67654209bf85ec5de3d4b68e,6,19,6,100000.0
6804af99a628d87a352cd5e2,67654209bf85ec5de3d4b68e,6,19,5,100000.0
6804af99a628d87a352cd5e2,67654209bf85ec5de3d4b68e,6,19,8,100000.0
6804af99a628d87a352cd5e2,67654209bf85ec5de3d4b68e,6,19,6,100000.0
6804af99a628d87a352cd5e2,67654209bf85ec5de3d4b68e,6,19,6,100000.0
6804af99a628d87a352cd5e2,67654209bf85ec5de3d4b68e,6,15,10,100000.0
6804af99a628d87a352cd5e2,67654209bf85ec5de3d4b68e,6,15,9,100000.0
6804af99a628d87a352cd5e2,67654209bf85ec5de3d4b68e,6,15,10,100000.0
6804af99a628d87a352cd5e2,67654209bf85ec5de3d4b68e,6,15,10,100000.0
6804af99a628d87a352cd5e2,67654209bf85ec5de3d4b68e,6,15,10,100000.0
6804af99a628d87a352cd5e2,67654209bf85ec5de3d4b68e,6,15,9,100000.0
6804af99a628d87a352cd5e2,67654209bf85ec5de3d4b68e,6,15,9,100000.0
6804af99a628d87a352cd5e2,67654209bf85ec5de3d4b68e,6,15,9,100000.0
6804af99a628d87a352cd5e2,67654209bf85ec5de3d4b68e,6,15,8,100000.0
6804af99a628d87a352cd5e2,67654209bf85ec5de3d4b68e,6,15,12,100000.0
6804af99a628d87a352cd5e2,67654209bf85ec5de3d4b68e,6,15,11,100000.0
6804af99a628d87a352cd5e2,67654209bf85ec5de3d4b68e,6,15,12,100000.0
6804af99a628d87a352cd5e2,67654209bf85ec5de3d4b68e,6,15,12,100000.0
6804af99a628d87a352cd5e2,67654209bf85ec5de3d4b68e,6,15,12,100000.0
6804af99a628d87a352cd5e2,67654209bf85ec5de3d4b68e,6,15,11,100000.0
6804af99a628d87a352cd5e2,67654209bf85ec5de3d4b68e,6,15,11,100000.0
6804af99a628d87a352cd5e2,67654209bf85ec5de3d4b68e,6,15,11,100000.0
6804af99a628d87a352cd5e2,67654209bf85ec5de3d4b68e,6,15,11,100000.0
6804af99a628d87a352cd5e2,67654209bf85ec5de3d4b68e,6,15,7,100000.0
6804af99a628d87a352cd5e2,67654209bf85ec5de3d4b68e,6,15,7,100000.0
6804af99a628d87a352cd5e2,67654209bf85ec5de3d4b68e,6,15,7,100000.0
6804af99a628d87a352cd5e2,67654209bf85ec5de3d4b68e,6,15,6,100000.0
6804af99a628d87a352cd5e2,67654209bf85ec5de3d4b68e,6,15,8,100000.0
6804af99a628d87a352cd5e2,67654209bf85ec5de3d4b68e,6,15,8,100000.0
6804af99a628d87a352cd5e2,67654209bf85ec5de3d4b68e,6,15,8,100000.0
6804af99a628d87a352cd5e2,67654209bf85ec5de3d4b68e,6,15,8,100000.0
6804af99a628d87a352cd5e2,67654209bf85ec5de3d4b68e,6,15,7,100000.0
6804af99a628d87a352cd5e2,67654209bf85ec5de3d4b68e,6,15,5,100000.0
6804af99a628d87a352cd5e2,67654209bf85ec5de3d4b68e,6,15,5,100000.0
6804af99a628d87a352cd5e2,67654209bf85ec5de3d4b68e,6,15,6,100000.0
6804af99a628d87a352cd5e2,67654209bf85ec5de3d4b68e,6,15,6,100000.0
6804af99a628d87a352cd5e2,67654209bf85ec5de3d4b68e,6,15,6,100000.0
6804af99a628d87a352cd5e2,67654209bf85ec5de3d4b68e,6,15,5,100000.0
6804af99a628d87a352cd5e2,67654209bf85ec5de3d4b68e,6,15,5,100000.0
6804af99a628d87a352cd5e2,67654209bf85ec5de3d4b68e,6,15,5,100000.0
6804af99a628d87a352cd5e2,67654209bf85ec5de3d4b68e,6,15,4,100000.0
6804af99a628d87a352cd5e2,67654209bf85ec5de3d4b68e,6,16,10,100000.0
6804af99a628d87a352cd5e2,67654209bf85ec5de3d4b68e,6,16,9,100000.0
6804af99a628d87a352cd5e2,67654209bf85ec5de3d4b68e,6,16,10,100000.0
6804af99a628d87a352cd5e2,67654209bf85ec5de3d4b68e,6,16,10,100000.0
6804af99a628d87a352cd5e2,67654209bf85ec5de3d4b68e,6,16,10,100000.0
6804af99a628d87a352cd5e2,67654209bf85ec5de3d4b68e,6,16,9,100000.0
6804af99a628d87a352cd5e2,67654209bf85ec5de3d4b68e,6,16,9,100000.0
6804af99a628d87a352cd5e2,67654209bf85ec5de3d4b68e,6,16,9,100000.0
6804af99a628d87a352cd5e2,67654209bf85ec5de3d4b68e,6,16,8,100000.0
6804af99a628d87a352cd5e2,67654209bf85ec5de3d4b68e,6,16,12,100000.0
6804af99a628d87a352cd5e2,67654209bf85ec5de3d4b68e,6,16,11,100000.0
6804af99a628d87a352cd5e2,67654209bf85ec5de3d4b68e,6,16,12,100000.0
6804af99a628d87a352cd5e2,67654209bf85ec5de3d4b68e,6,16,12,100000.0
6804af99a628d87a352cd5e2,67654209bf85ec5de3d4b68e,6,16,12,100000.0
6804af99a628d87a352cd5e2,67654209bf85ec5de3d4b68e,6,16,11,100000.0
6804af99a628d87a352cd5e2,67654209bf85ec5de3d4b68e,6,16,11,100000.0
6804af99a628d87a352cd5e2,67654209bf85ec5de3d4b68e,6,16,11,100000.0
6804af99a628d87a352cd5e2,67654209bf85ec5de3d4b68e,6,16,11,100000.0
6804af99a628d87a352cd5e2,67654209bf85ec5de3d4b68e,6,16,7,100000.0
6804af99a628d87a352cd5e2,67654209bf85ec5de3d4b68e,6,16,7,100000.0
6804af99a628d87a352cd5e2,67654209bf85ec5de3d4b68e,6,16,7,100000.0
6804af99a628d87a352cd5e2,67654209bf85ec5de3d4b68e,6,16,6,100000.0
6804af99a628d87a352cd5e2,67654209bf85ec5de3d4b68e,6,16,8,100000.0
6804af99a628d87a352cd5e2,67654209bf85ec5de3d4b68e,6,16,8,100000.0
6804af99a628d87a352cd5e2,67654209bf85ec5de3d4b68e,6,16,8,100000.0
6804af99a628d87a352cd5e2,67654209bf85ec5de3d4b68e,6,16,8,100000.0
6804af99a628d87a352cd5e2,67654209bf85ec5de3d4b68e,6,16,7,100000.0
6804af99a628d87a352cd5e2,67654209bf85ec5de3d4b68e,6,16,5,100000.0
6804af99a628d87a352cd5e2,67654209bf85ec5de3d4b68e,6,16,5,100000.0
6804af99a628d87a352cd5e2,67654209bf85ec5de3d4b68e,6,16,6,100000.0
6804af99a628d87a352cd5e2,67654209bf85ec5de3d4b68e,6,16,4,100000.0
6804af99a628d87a352cd5e2,67654209bf85ec5de3d4b68e,6,16,6,100000.0
6804af99a628d87a352cd5e2,67654209bf85ec5de3d4b68e,6,16,6,100000.0
6804af99a628d87a352cd5e2,67654209bf85ec5de3d4b68e,6,16,5,100000.0
6804af99a628d87a352cd5e2,67654209bf85ec5de3d4b68e,6,16,5,100000.0
6804af99a628d87a352cd5e2,67654209bf85ec5de3d4b68e,6,16,5,100000.0
6804af99a628d87a352cd5e2,67654209bf85ec5de3d4b68e,7,7,11,100000.0
6804af99a628d87a352cd5e2,67654209bf85ec5de3d4b68e,7,7,8,100000.0
6804af99a628d87a352cd5e2,67654209bf85ec5de3d4b68e,7,7,8,100000.0
6804af99a628d87a352cd5e2,67654209bf85ec5de3d4b68e,7,7,8,100000.0
6804af99a628d87a352cd5e2,67654209bf85ec5de3d4b68e,7,7,12,100000.0
6804af99a628d87a352cd5e2,67654209bf85ec5de3d4b68e,7,7,7,100000.0
6804af99a628d87a352cd5e2,67654209bf85ec5de3d4b68e,7,7,8,100000.0
6804af99a628d87a352cd5e2,67654209bf85ec5de3d4b68e,7,7,11,100000.0
6804af99a628d87a352cd5e2,67654209bf85ec5de3d4b68e,7,7,7,100000.0
6804af99a628d87a352cd5e2,67654209bf85ec5de3d4b68e,7,7,12,100000.0
6804af99a628d87a352cd5e2,67654209bf85ec5de3d4b68e,7,7,12,100000.0
6804af99a628d87a352cd5e2,67654209bf85ec5de3d4b68e,7,7,12,100000.0
6804af99a628d87a352cd5e2,67654209bf85ec5de3d4b68e,7,7,9,100000.0
6804af99a628d87a352cd5e2,67654209bf85ec5de3d4b68e,7,7,10,100000.0
6804af99a628d87a352cd5e2,67654209bf85ec5de3d4b68e,7,7,9,100000.0
6804af99a628d87a352cd5e2,67654209bf85ec5de3d4b68e,7,7,11,100000.0
6804af99a628d87a352cd5e2,67654209bf85ec5de3d4b68e,7,7,9,100000.0
6804af99a628d87a352cd5e2,67654209bf85ec5de3d4b68e,7,7,11,100000.0
6804af99a628d87a352cd5e2,67654209bf85ec5de3d4b68e,7,7,9,100000.0
6804af99a628d87a352cd5e2,67654209bf85ec5de3d4b68e,7,7,11,100000.0
6804af99a628d87a352cd5e2,67654209bf85ec5de3d4b68e,7,7,2,100000.0
6804af99a628d87a352cd5e2,67654209bf85ec5de3d4b68e,7,7,8,100000.0
6804af99a628d87a352cd5e2,67654209bf85ec5de3d4b68e,7,7,10,100000.0
6804af99a628d87a352cd5e2,67654209bf85ec5de3d4b68e,7,7,6,100000.0
6804af99a628d87a352cd5e2,67654209bf85ec5de3d4b68e,7,7,10,100000.0
6804af99a628d87a352cd5e2,67654209bf85ec5de3d4b68e,7,7,3,100000.0
6804af99a628d87a352cd5e2,67654209bf85ec5de3d4b68e,7,7,6,100000.0
6804af99a628d87a352cd5e2,67654209bf85ec5de3d4b68e,7,7,10,100000.0
6804af99a628d87a352cd5e2,67654209bf85ec5de3d4b68e,7,7,2,100000.0
6804af99a628d87a352cd5e2,67654209bf85ec5de3d4b68e,7,7,1,100000.0
6804af99a628d87a352cd5e2,67654209bf85ec5de3d4b68e,7,7,6,100000.0
6804af99a628d87a352cd5e2,67654209bf85ec5de3d4b68e,7,7,5,100000.0
6804af99a628d87a352cd5e2,67654209bf85ec5de3d4b68e,7,7,7,100000.0
6804af99a628d87a352cd5e2,67654209bf85ec5de3d4b68e,7,7,3,100000.0
6804af99a628d87a352cd5e2,67654209bf85ec5de3d4b68e,7,7,5,100000.0
6804af99a628d87a352cd5e2,67654209bf85ec5de3d4b68e,7,7,5,100000.0
6804af99a628d87a352cd5e2,67654209bf85ec5de3d4b68e,7,7,2,100000.0
6804af99a628d87a352cd5e2,67654209bf85ec5de3d4b68e,7,7,7,100000.0
6804af99a628d87a352cd5e2,67654209bf85ec5de3d4b68e,7,7,1,100000.0
6804af99a628d87a352cd5e2,67654209bf85ec5de3d4b68e,7,7,4,100000.0
6804af99a628d87a352cd5e2,67654209bf85ec5de3d4b68e,7,7,3,100000.0
6804af99a628d87a352cd5e2,67654209bf85ec5de3d4b68e,7,7,6,100000.0
6804af99a628d87a352cd5e2,67654209bf85ec5de3d4b68e,7,7,6,100000.0
6804af99a628d87a352cd5e2,67654209bf85ec5de3d4b68e,7,7,2,100000.0
6804af99a628d87a352cd5e2,67654209bf85ec5de3d4b68e,7,7,1,100000.0
6804af99a628d87a352cd5e2,67654209bf85ec5de3d4b68e,7,7,3,100000.0
6804af99a628d87a352cd5e2,67654209bf85ec5de3d4b68e,7,7,5,100000.0
6804af99a628d87a352cd5e2,67654209bf85ec5de3d4b68e,7,7,1,100000.0
6804af99a628d87a352cd5e2,67654209bf85ec5de3d4b68e,7,8,11,100000.0
6804af99a628d87a352cd5e2,67654209bf85ec5de3d4b68e,7,8,12,100000.0
6804af99a628d87a352cd5e2,67654209bf85ec5de3d4b68e,7,8,11,100000.0
6804af99a628d87a352cd5e2,67654209bf85ec5de3d4b68e,7,8,12,100000.0
6804af99a628d87a352cd5e2,67654209bf85ec5de3d4b68e,7,8,12,100000.0
6804af99a628d87a352cd5e2,67654209bf85ec5de3d4b68e,7,8,12,100000.0
6804af99a628d87a352cd5e2,67654209bf85ec5de3d4b68e,7,8,11,100000.0
6804af99a628d87a352cd5e2,67654209bf85ec5de3d4b68e,7,8,11,100000.0
6804af99a628d87a352cd5e2,67654209bf85ec5de3d4b68e,7,8,11,100000.0
6804af99a628d87a352cd5e2,67654209bf85ec5de3d4b68e,7,8,10,100000.0
6804af99a628d87a352cd5e2,67654209bf85ec5de3d4b68e,7,8,10,100000.0
6804af99a628d87a352cd5e2,67654209bf85ec5de3d4b68e,7,8,10,100000.0
6804af99a628d87a352cd5e2,67654209bf85ec5de3d4b68e,7,8,2,100000.0
6804af99a628d87a352cd5e2,67654209bf85ec5de3d4b68e,7,8,3,100000.0
6804af99a628d87a352cd5e2,67654209bf85ec5de3d4b68e,7,8,2,100000.0
6804af99a628d87a352cd5e2,67654209bf85ec5de3d4b68e,7,8,3,100000.0
6804af99a628d87a352cd5e2,67654209bf85ec5de3d4b68e,7,8,3,100000.0
6804af99a628d87a352cd5e2,67654209bf85ec5de3d4b68e,7,8,3,100000.0
6804af99a628d87a352cd5e2,67654209bf85ec5de3d4b68e,7,8,1,100000.0
6804af99a628d87a352cd5e2,67654209bf85ec5de3d4b68e,7,8,2,100000.0
6804af99a628d87a352cd5e2,67654209bf85ec5de3d4b68e,7,8,2,100000.0
6804af99a628d87a352cd5e2,67654209bf85ec5de3d4b68e,7,8,1,100000.0
6804af99a628d87a352cd5e2,67654209bf85ec5de3d4b68e,7,8,1,100000.0
6804af99a628d87a352cd5e2,67654209bf85ec5de3d4b68e,7,8,1,100000.0
6804af99a628d87a352cd5e2,67654209bf85ec5de3d4b68e,7,8,8,100000.0
6804af99a628d87a352cd5e2,67654209bf85ec5de3d4b68e,7,8,8,100000.0
6804af99a628d87a352cd5e2,67654209bf85ec5de3d4b68e,7,8,8,100000.0
6804af99a628d87a352cd5e2,67654209bf85ec5de3d4b68e,7,8,7,100000.0
6804af99a628d87a352cd5e2,67654209bf85ec5de3d4b68e,7,8,8,100000.0
6804af99a628d87a352cd5e2,67654209bf85ec5de3d4b68e,7,8,7,100000.0
6804af99a628d87a352cd5e2,67654209bf85ec5de3d4b68e,7,8,9,100000.0
6804af99a628d87a352cd5e2,67654209bf85ec5de3d4b68e,7,8,10,100000.0
6804af99a628d87a352cd5e2,67654209bf85ec5de3d4b68e,7,8,9,100000.0
6804af99a628d87a352cd5e2,67654209bf85ec5de3d4b68e,7,8,9,100000.0
6804af99a628d87a352cd5e2,67654209bf85ec5de3d4b68e,7,8,9,100000.0
6804af99a628d87a352cd5e2,67654209bf85ec5de3d4b68e,7,8,8,100000.0
6804af99a628d87a352cd5e2,67654209bf85ec5de3d4b68e,7,8,6,100000.0
6804af99a628d87a352cd5e2,67654209bf85ec5de3d4b68e,7,8,6,100000.0
6804af99a628d87a352cd5e2,67654209bf85ec5de3d4b68e,7,8,6,100000.0
6804af99a628d87a352cd5e2,67654209bf85ec5de3d4b68e,7,8,7,100000.0
6804af99a628d87a352cd5e2,67654209bf85ec5de3d4b68e,7,8,7,100000.0
6804af99a628d87a352cd5e2,67654209bf85ec5de3d4b68e,7,8,6,100000.0
6804af99a628d87a352cd5e2,67654209bf85ec5de3d4b68e,7,8,5,100000.0
6804af99a628d87a352cd5e2,67654209bf85ec5de3d4b68e,7,8,6,100000.0
6804af99a628d87a352cd5e2,67654209bf85ec5de3d4b68e,7,8,5,100000.0
6804af99a628d87a352cd5e2,67654209bf85ec5de3d4b68e,7,8,5,100000.0
6804af99a628d87a352cd5e2,67654209bf85ec5de3d4b68e,7,8,5,100000.0
6804af99a628d87a352cd5e2,67654209bf85ec5de3d4b68e,7,8,4,100000.0
6804af99a628d87a352cd5e2,67654209bf85ec5de3d4b68e,7,9,11,100000.0
6804af99a628d87a352cd5e2,67654209bf85ec5de3d4b68e,7,9,12,100000.0
6804af99a628d87a352cd5e2,67654209bf85ec5de3d4b68e,7,9,11,100000.0
6804af99a628d87a352cd5e2,67654209bf85ec5de3d4b68e,7,9,12,100000.0
6804af99a628d87a352cd5e2,67654209bf85ec5de3d4b68e,7,9,12,100000.0
6804af99a628d87a352cd5e2,67654209bf85ec5de3d4b68e,7,9,12,100000.0
6804af99a628d87a352cd5e2,67654209bf85ec5de3d4b68e,7,9,11,100000.0
6804af99a628d87a352cd5e2,67654209bf85ec5de3d4b68e,7,9,11,100000.0
6804af99a628d87a352cd5e2,67654209bf85ec5de3d4b68e,7,9,11,100000.0
6804af99a628d87a352cd5e2,67654209bf85ec5de3d4b68e,7,9,10,100000.0
6804af99a628d87a352cd5e2,67654209bf85ec5de3d4b68e,7,9,10,100000.0
6804af99a628d87a352cd5e2,67654209bf85ec5de3d4b68e,7,9,10,100000.0
6804af99a628d87a352cd5e2,67654209bf85ec5de3d4b68e,7,9,2,100000.0
6804af99a628d87a352cd5e2,67654209bf85ec5de3d4b68e,7,9,3,100000.0
6804af99a628d87a352cd5e2,67654209bf85ec5de3d4b68e,7,9,2,100000.0
6804af99a628d87a352cd5e2,67654209bf85ec5de3d4b68e,7,9,3,100000.0
6804af99a628d87a352cd5e2,67654209bf85ec5de3d4b68e,7,9,3,100000.0
6804af99a628d87a352cd5e2,67654209bf85ec5de3d4b68e,7,9,3,100000.0
6804af99a628d87a352cd5e2,67654209bf85ec5de3d4b68e,7,9,1,100000.0
6804af99a628d87a352cd5e2,67654209bf85ec5de3d4b68e,7,9,2,100000.0
6804af99a628d87a352cd5e2,67654209bf85ec5de3d4b68e,7,9,2,100000.0
6804af99a628d87a352cd5e2,67654209bf85ec5de3d4b68e,7,9,1,100000.0
6804af99a628d87a352cd5e2,67654209bf85ec5de3d4b68e,7,9,1,100000.0
6804af99a628d87a352cd5e2,67654209bf85ec5de3d4b68e,7,9,8,100000.0
6804af99a628d87a352cd5e2,67654209bf85ec5de3d4b68e,7,9,8,100000.0
6804af99a628d87a352cd5e2,67654209bf85ec5de3d4b68e,7,9,8,100000.0
6804af99a628d87a352cd5e2,67654209bf85ec5de3d4b68e,7,9,6,100000.0
6804af99a628d87a352cd5e2,67654209bf85ec5de3d4b68e,7,9,7,100000.0
6804af99a628d87a352cd5e2,67654209bf85ec5de3d4b68e,7,9,8,100000.0
6804af99a628d87a352cd5e2,67654209bf85ec5de3d4b68e,7,9,6,100000.0
6804af99a628d87a352cd5e2,67654209bf85ec5de3d4b68e,7,9,9,100000.0
6804af99a628d87a352cd5e2,67654209bf85ec5de3d4b68e,7,9,9,100000.0
6804af99a628d87a352cd5e2,67654209bf85ec5de3d4b68e,7,9,1,100000.0
6804af99a628d87a352cd5e2,67654209bf85ec5de3d4b68e,7,9,6,100000.0
6804af99a628d87a352cd5e2,67654209bf85ec5de3d4b68e,7,9,7,100000.0
6804af99a628d87a352cd5e2,67654209bf85ec5de3d4b68e,7,9,9,100000.0
6804af99a628d87a352cd5e2,67654209bf85ec5de3d4b68e,7,9,10,100000.0
6804af99a628d87a352cd5e2,67654209bf85ec5de3d4b68e,7,9,7,100000.0
6804af99a628d87a352cd5e2,67654209bf85ec5de3d4b68e,7,9,5,100000.0
6804af99a628d87a352cd5e2,67654209bf85ec5de3d4b68e,7,9,6,100000.0
6804af99a628d87a352cd5e2,67654209bf85ec5de3d4b68e,7,9,7,100000.0
6804af99a628d87a352cd5e2,67654209bf85ec5de3d4b68e,7,9,6,100000.0
6804af99a628d87a352cd5e2,67654209bf85ec5de3d4b68e,7,9,9,100000.0
6804af99a628d87a352cd5e2,67654209bf85ec5de3d4b68e,7,9,5,100000.0
6804af99a628d87a352cd5e2,67654209bf85ec5de3d4b68e,7,9,5,100000.0
6804af99a628d87a352cd5e2,67654209bf85ec5de3d4b68e,7,9,4,100000.0
6804af99a628d87a352cd5e2,67654209bf85ec5de3d4b68e,7,9,8,100000.0
6804af99a628d87a352cd5e2,67654209bf85ec5de3d4b68e,7,9,5,100000.0
6804af99a628d87a352cd5e2,67654209bf85ec5de3d4b68e,7,10,11,100000.0
6804af99a628d87a352cd5e2,67654209bf85ec5de3d4b68e,7,10,12,100000.0
6804af99a628d87a352cd5e2,67654209bf85ec5de3d4b68e,7,10,11,100000.0
6804af99a628d87a352cd5e2,67654209bf85ec5de3d4b68e,7,10,12,100000.0
6804af99a628d87a352cd5e2,67654209bf85ec5de3d4b68e,7,10,12,100000.0
6804af99a628d87a352cd5e2,67654209bf85ec5de3d4b68e,7,10,12,100000.0
6804af99a628d87a352cd5e2,67654209bf85ec5de3d4b68e,7,10,11,100000.0
6804af99a628d87a352cd5e2,67654209bf85ec5de3d4b68e,7,10,11,100000.0
6804af99a628d87a352cd5e2,67654209bf85ec5de3d4b68e,7,10,11,100000.0
6804af99a628d87a352cd5e2,67654209bf85ec5de3d4b68e,7,10,10,100000.0
6804af99a628d87a352cd5e2,67654209bf85ec5de3d4b68e,7,10,10,100000.0
6804af99a628d87a352cd5e2,67654209bf85ec5de3d4b68e,7,10,10,100000.0
6804af99a628d87a352cd5e2,67654209bf85ec5de3d4b68e,7,10,2,100000.0
6804af99a628d87a352cd5e2,67654209bf85ec5de3d4b68e,7,10,3,100000.0
6804af99a628d87a352cd5e2,67654209bf85ec5de3d4b68e,7,10,2,100000.0
6804af99a628d87a352cd5e2,67654209bf85ec5de3d4b68e,7,10,3,100000.0
6804af99a628d87a352cd5e2,67654209bf85ec5de3d4b68e,7,10,3,100000.0
6804af99a628d87a352cd5e2,67654209bf85ec5de3d4b68e,7,10,3,100000.0
6804af99a628d87a352cd5e2,67654209bf85ec5de3d4b68e,7,10,8,100000.0
6804af99a628d87a352cd5e2,67654209bf85ec5de3d4b68e,7,10,8,100000.0
6804af99a628d87a352cd5e2,67654209bf85ec5de3d4b68e,7,10,6,100000.0
6804af99a628d87a352cd5e2,67654209bf85ec5de3d4b68e,7,10,8,100000.0
6804af99a628d87a352cd5e2,67654209bf85ec5de3d4b68e,7,10,6,100000.0
6804af99a628d87a352cd5e2,67654209bf85ec5de3d4b68e,7,10,7,100000.0
6804af99a628d87a352cd5e2,67654209bf85ec5de3d4b68e,7,10,1,100000.0
6804af99a628d87a352cd5e2,67654209bf85ec5de3d4b68e,7,10,6,100000.0
6804af99a628d87a352cd5e2,67654209bf85ec5de3d4b68e,7,10,8,100000.0
6804af99a628d87a352cd5e2,67654209bf85ec5de3d4b68e,7,10,1,100000.0
6804af99a628d87a352cd5e2,67654209bf85ec5de3d4b68e,7,10,1,100000.0
6804af99a628d87a352cd5e2,67654209bf85ec5de3d4b68e,7,10,7,100000.0
6804af99a628d87a352cd5e2,67654209bf85ec5de3d4b68e,7,10,7,100000.0
6804af99a628d87a352cd5e2,67654209bf85ec5de3d4b68e,7,10,2,100000.0
6804af99a628d87a352cd5e2,67654209bf85ec5de3d4b68e,7,10,7,100000.0
6804af99a628d87a352cd5e2,67654209bf85ec5de3d4b68e,7,10,6,100000.0
6804af99a628d87a352cd5e2,67654209bf85ec5de3d4b68e,7,10,2,100000.0
6804af99a628d87a352cd5e2,67654209bf85ec5de3d4b68e,7,10,9,100000.0
6804af99a628d87a352cd5e2,67654209bf85ec5de3d4b68e,7,10,5,100000.0
6804af99a628d87a352cd5e2,67654209bf85ec5de3d4b68e,7,10,9,100000.0
6804af99a628d87a352cd5e2,67654209bf85ec5de3d4b68e,7,10,1,100000.0
6804af99a628d87a352cd5e2,67654209bf85ec5de3d4b68e,7,10,8,100000.0
6804af99a628d87a352cd5e2,67654209bf85ec5de3d4b68e,7,10,10,100000.0
6804af99a628d87a352cd5e2,67654209bf85ec5de3d4b68e,7,10,9,100000.0
6804af99a628d87a352cd5e2,67654209bf85ec5de3d4b68e,7,10,6,100000.0
6804af99a628d87a352cd5e2,67654209bf85ec5de3d4b68e,7,10,5,100000.0
6804af99a628d87a352cd5e2,67654209bf85ec5de3d4b68e,7,10,5,100000.0
6804af99a628d87a352cd5e2,67654209bf85ec5de3d4b68e,7,10,5,100000.0
6804af99a628d87a352cd5e2,67654209bf85ec5de3d4b68e,7,10,4,100000.0
6804af99a628d87a352cd5e2,67654209bf85ec5de3d4b68e,7,10,9,100000.0
6804af99a628d87a352cd5e2,67654209bf85ec5de3d4b68e,7,13,11,100000.0
6804af99a628d87a352cd5e2,67654209bf85ec5de3d4b68e,7,13,12,100000.0
6804af99a628d87a352cd5e2,67654209bf85ec5de3d4b68e,7,13,11,100000.0
6804af99a628d87a352cd5e2,67654209bf85ec5de3d4b68e,7,13,12,100000.0
6804af99a628d87a352cd5e2,67654209bf85ec5de3d4b68e,7,13,12,100000.0
6804af99a628d87a352cd5e2,67654209bf85ec5de3d4b68e,7,13,12,100000.0
6804af99a628d87a352cd5e2,67654209bf85ec5de3d4b68e,7,13,11,100000.0
6804af99a628d87a352cd5e2,67654209bf85ec5de3d4b68e,7,13,11,100000.0
6804af99a628d87a352cd5e2,67654209bf85ec5de3d4b68e,7,13,11,100000.0
6804af99a628d87a352cd5e2,67654209bf85ec5de3d4b68e,7,13,10,100000.0
6804af99a628d87a352cd5e2,67654209bf85ec5de3d4b68e,7,13,10,100000.0
6804af99a628d87a352cd5e2,67654209bf85ec5de3d4b68e,7,13,10,100000.0
6804af99a628d87a352cd5e2,67654209bf85ec5de3d4b68e,7,13,2,100000.0
6804af99a628d87a352cd5e2,67654209bf85ec5de3d4b68e,7,13,3,100000.0
6804af99a628d87a352cd5e2,67654209bf85ec5de3d4b68e,7,13,2,100000.0
6804af99a628d87a352cd5e2,67654209bf85ec5de3d4b68e,7,13,3,100000.0
6804af99a628d87a352cd5e2,67654209bf85ec5de3d4b68e,7,13,3,100000.0
6804af99a628d87a352cd5e2,67654209bf85ec5de3d4b68e,7,13,3,100000.0
6804af99a628d87a352cd5e2,67654209bf85ec5de3d4b68e,7,13,1,100000.0
6804af99a628d87a352cd5e2,67654209bf85ec5de3d4b68e,7,13,2,100000.0
6804af99a628d87a352cd5e2,67654209bf85ec5de3d4b68e,7,13,2,100000.0
6804af99a628d87a352cd5e2,67654209bf85ec5de3d4b68e,7,13,1,100000.0
6804af99a628d87a352cd5e2,67654209bf85ec5de3d4b68e,7,13,1,100000.0
6804af99a628d87a352cd5e2,67654209bf85ec5de3d4b68e,7,13,1,100000.0
6804af99a628d87a352cd5e2,67654209bf85ec5de3d4b68e,7,13,8,100000.0
6804af99a628d87a352cd5e2,67654209bf85ec5de3d4b68e,7,13,8,100000.0
6804af99a628d87a352cd5e2,67654209bf85ec5de3d4b68e,7,13,8,100000.0
6804af99a628d87a352cd5e2,67654209bf85ec5de3d4b68e,7,13,7,100000.0
6804af99a628d87a352cd5e2,67654209bf85ec5de3d4b68e,7,13,8,100000.0
6804af99a628d87a352cd5e2,67654209bf85ec5de3d4b68e,7,13,7,100000.0
6804af99a628d87a352cd5e2,67654209bf85ec5de3d4b68e,7,13,9,100000.0
6804af99a628d87a352cd5e2,67654209bf85ec5de3d4b68e,7,13,10,100000.0
6804af99a628d87a352cd5e2,67654209bf85ec5de3d4b68e,7,13,9,100000.0
6804af99a628d87a352cd5e2,67654209bf85ec5de3d4b68e,7,13,9,100000.0
6804af99a628d87a352cd5e2,67654209bf85ec5de3d4b68e,7,13,9,100000.0
6804af99a628d87a352cd5e2,67654209bf85ec5de3d4b68e,7,13,8,100000.0
6804af99a628d87a352cd5e2,67654209bf85ec5de3d4b68e,7,13,6,100000.0
6804af99a628d87a352cd5e2,67654209bf85ec5de3d4b68e,7,13,5,100000.0
6804af99a628d87a352cd5e2,67654209bf85ec5de3d4b68e,7,13,6,100000.0
6804af99a628d87a352cd5e2,67654209bf85ec5de3d4b68e,7,13,6,100000.0
6804af99a628d87a352cd5e2,67654209bf85ec5de3d4b68e,7,13,7,100000.0
6804af99a628d87a352cd5e2,67654209bf85ec5de3d4b68e,7,13,6,100000.0
6804af99a628d87a352cd5e2,67654209bf85ec5de3d4b68e,7,13,5,100000.0
6804af99a628d87a352cd5e2,67654209bf85ec5de3d4b68e,7,13,7,100000.0
6804af99a628d87a352cd5e2,67654209bf85ec5de3d4b68e,7,13,5,100000.0
6804af99a628d87a352cd5e2,67654209bf85ec5de3d4b68e,7,13,6,100000.0
6804af99a628d87a352cd5e2,67654209bf85ec5de3d4b68e,7,13,5,100000.0
6804af99a628d87a352cd5e2,67654209bf85ec5de3d4b68e,7,13,4,100000.0
6804af99a628d87a352cd5e2,67654209bf85ec5de3d4b68e,7,15,10,100000.0
6804af99a628d87a352cd5e2,67654209bf85ec5de3d4b68e,7,15,9,100000.0
6804af99a628d87a352cd5e2,67654209bf85ec5de3d4b68e,7,15,10,100000.0
6804af99a628d87a352cd5e2,67654209bf85ec5de3d4b68e,7,15,10,100000.0
6804af99a628d87a352cd5e2,67654209bf85ec5de3d4b68e,7,15,10,100000.0
6804af99a628d87a352cd5e2,67654209bf85ec5de3d4b68e,7,15,9,100000.0
6804af99a628d87a352cd5e2,67654209bf85ec5de3d4b68e,7,15,9,100000.0
6804af99a628d87a352cd5e2,67654209bf85ec5de3d4b68e,7,15,9,100000.0
6804af99a628d87a352cd5e2,67654209bf85ec5de3d4b68e,7,15,8,100000.0
6804af99a628d87a352cd5e2,67654209bf85ec5de3d4b68e,7,15,12,100000.0
6804af99a628d87a352cd5e2,67654209bf85ec5de3d4b68e,7,15,11,100000.0
6804af99a628d87a352cd5e2,67654209bf85ec5de3d4b68e,7,15,12,100000.0
6804af99a628d87a352cd5e2,67654209bf85ec5de3d4b68e,7,15,12,100000.0
6804af99a628d87a352cd5e2,67654209bf85ec5de3d4b68e,7,15,12,100000.0
6804af99a628d87a352cd5e2,67654209bf85ec5de3d4b68e,7,15,11,100000.0
6804af99a628d87a352cd5e2,67654209bf85ec5de3d4b68e,7,15,11,100000.0
6804af99a628d87a352cd5e2,67654209bf85ec5de3d4b68e,7,15,11,100000.0
6804af99a628d87a352cd5e2,67654209bf85ec5de3d4b68e,7,15,11,100000.0
6804af99a628d87a352cd5e2,67654209bf85ec5de3d4b68e,7,15,7,100000.0
6804af99a628d87a352cd5e2,67654209bf85ec5de3d4b68e,7,15,7,100000.0
6804af99a628d87a352cd5e2,67654209bf85ec5de3d4b68e,7,15,7,100000.0
6804af99a628d87a352cd5e2,67654209bf85ec5de3d4b68e,7,15,6,100000.0
6804af99a628d87a352cd5e2,67654209bf85ec5de3d4b68e,7,15,8,100000.0
6804af99a628d87a352cd5e2,67654209bf85ec5de3d4b68e,7,15,8,100000.0
6804af99a628d87a352cd5e2,67654209bf85ec5de3d4b68e,7,15,8,100000.0
6804af99a628d87a352cd5e2,67654209bf85ec5de3d4b68e,7,15,8,100000.0
6804af99a628d87a352cd5e2,67654209bf85ec5de3d4b68e,7,15,7,100000.0
6804af99a628d87a352cd5e2,67654209bf85ec5de3d4b68e,7,15,6,100000.0
6804af99a628d87a352cd5e2,67654209bf85ec5de3d4b68e,7,15,5,100000.0
6804af99a628d87a352cd5e2,67654209bf85ec5de3d4b68e,7,15,6,100000.0
6804af99a628d87a352cd5e2,67654209bf85ec5de3d4b68e,7,15,6,100000.0
6804af99a628d87a352cd5e2,67654209bf85ec5de3d4b68e,7,15,6,100000.0
6804af99a628d87a352cd5e2,67654209bf85ec5de3d4b68e,7,15,5,100000.0
6804af99a628d87a352cd5e2,67654209bf85ec5de3d4b68e,7,15,5,100000.0
6804af99a628d87a352cd5e2,67654209bf85ec5de3d4b68e,7,15,4,100000.0
6804af99a628d87a352cd5e2,67654209bf85ec5de3d4b68e,7,15,5,100000.0
6804af99a628d87a352cd5e2,67654209bf85ec5de3d4b68e,7,16,10,100000.0
6804af99a628d87a352cd5e2,67654209bf85ec5de3d4b68e,7,16,9,100000.0
6804af99a628d87a352cd5e2,67654209bf85ec5de3d4b68e,7,16,10,100000.0
6804af99a628d87a352cd5e2,67654209bf85ec5de3d4b68e,7,16,10,100000.0
6804af99a628d87a352cd5e2,67654209bf85ec5de3d4b68e,7,16,10,100000.0
6804af99a628d87a352cd5e2,67654209bf85ec5de3d4b68e,7,16,9,100000.0
6804af99a628d87a352cd5e2,67654209bf85ec5de3d4b68e,7,16,9,100000.0
6804af99a628d87a352cd5e2,67654209bf85ec5de3d4b68e,7,16,9,100000.0
6804af99a628d87a352cd5e2,67654209bf85ec5de3d4b68e,7,16,8,100000.0
6804af99a628d87a352cd5e2,67654209bf85ec5de3d4b68e,7,16,12,100000.0
6804af99a628d87a352cd5e2,67654209bf85ec5de3d4b68e,7,16,11,100000.0
6804af99a628d87a352cd5e2,67654209bf85ec5de3d4b68e,7,16,12,100000.0
6804af99a628d87a352cd5e2,67654209bf85ec5de3d4b68e,7,16,12,100000.0
6804af99a628d87a352cd5e2,67654209bf85ec5de3d4b68e,7,16,12,100000.0
6804af99a628d87a352cd5e2,67654209bf85ec5de3d4b68e,7,16,11,100000.0
6804af99a628d87a352cd5e2,67654209bf85ec5de3d4b68e,7,16,11,100000.0
6804af99a628d87a352cd5e2,67654209bf85ec5de3d4b68e,7,16,11,100000.0
6804af99a628d87a352cd5e2,67654209bf85ec5de3d4b68e,7,16,11,100000.0
6804af99a628d87a352cd5e2,67654209bf85ec5de3d4b68e,7,16,7,100000.0
6804af99a628d87a352cd5e2,67654209bf85ec5de3d4b68e,7,16,7,100000.0
6804af99a628d87a352cd5e2,67654209bf85ec5de3d4b68e,7,16,7,100000.0
6804af99a628d87a352cd5e2,67654209bf85ec5de3d4b68e,7,16,6,100000.0
6804af99a628d87a352cd5e2,67654209bf85ec5de3d4b68e,7,16,8,100000.0
6804af99a628d87a352cd5e2,67654209bf85ec5de3d4b68e,7,16,8,100000.0
6804af99a628d87a352cd5e2,67654209bf85ec5de3d4b68e,7,16,8,100000.0
6804af99a628d87a352cd5e2,67654209bf85ec5de3d4b68e,7,16,8,100000.0
6804af99a628d87a352cd5e2,67654209bf85ec5de3d4b68e,7,16,7,100000.0
6804af99a628d87a352cd5e2,67654209bf85ec5de3d4b68e,7,16,6,100000.0
6804af99a628d87a352cd5e2,67654209bf85ec5de3d4b68e,7,16,5,100000.0
6804af99a628d87a352cd5e2,67654209bf85ec5de3d4b68e,7,16,6,100000.0
6804af99a628d87a352cd5e2,67654209bf85ec5de3d4b68e,7,16,6,100000.0
6804af99a628d87a352cd5e2,67654209bf85ec5de3d4b68e,7,16,6,100000.0
6804af99a628d87a352cd5e2,67654209bf85ec5de3d4b68e,7,16,5,100000.0
6804af99a628d87a352cd5e2,67654209bf85ec5de3d4b68e,7,16,5,100000.0
6804af99a628d87a352cd5e2,67654209bf85ec5de3d4b68e,7,16,5,100000.0
6804af99a628d87a352cd5e2,67654209bf85ec5de3d4b68e,7,16,4,100000.0
6804af99a628d87a352cd5e2,67654209bf85ec5de3d4b68e,7,19,10,100000.0
6804af99a628d87a352cd5e2,67654209bf85ec5de3d4b68e,7,19,9,100000.0
6804af99a628d87a352cd5e2,67654209bf85ec5de3d4b68e,7,19,10,100000.0
6804af99a628d87a352cd5e2,67654209bf85ec5de3d4b68e,7,19,10,100000.0
6804af99a628d87a352cd5e2,67654209bf85ec5de3d4b68e,7,19,10,100000.0
6804af99a628d87a352cd5e2,67654209bf85ec5de3d4b68e,7,19,9,100000.0
6804af99a628d87a352cd5e2,67654209bf85ec5de3d4b68e,7,19,9,100000.0
6804af99a628d87a352cd5e2,67654209bf85ec5de3d4b68e,7,19,9,100000.0
6804af99a628d87a352cd5e2,67654209bf85ec5de3d4b68e,7,19,8,100000.0
6804af99a628d87a352cd5e2,67654209bf85ec5de3d4b68e,7,19,12,100000.0
6804af99a628d87a352cd5e2,67654209bf85ec5de3d4b68e,7,19,11,100000.0
6804af99a628d87a352cd5e2,67654209bf85ec5de3d4b68e,7,19,12,100000.0
6804af99a628d87a352cd5e2,67654209bf85ec5de3d4b68e,7,19,12,100000.0
6804af99a628d87a352cd5e2,67654209bf85ec5de3d4b68e,7,19,12,100000.0
6804af99a628d87a352cd5e2,67654209bf85ec5de3d4b68e,7,19,11,100000.0
6804af99a628d87a352cd5e2,67654209bf85ec5de3d4b68e,7,19,11,100000.0
6804af99a628d87a352cd5e2,67654209bf85ec5de3d4b68e,7,19,11,100000.0
6804af99a628d87a352cd5e2,67654209bf85ec5de3d4b68e,7,19,11,100000.0
6804af99a628d87a352cd5e2,67654209bf85ec5de3d4b68e,7,19,7,100000.0
6804af99a628d87a352cd5e2,67654209bf85ec5de3d4b68e,7,19,7,100000.0
6804af99a628d87a352cd5e2,67654209bf85ec5de3d4b68e,7,19,7,100000.0
6804af99a628d87a352cd5e2,67654209bf85ec5de3d4b68e,7,19,6,100000.0
6804af99a628d87a352cd5e2,67654209bf85ec5de3d4b68e,7,19,8,100000.0
6804af99a628d87a352cd5e2,67654209bf85ec5de3d4b68e,7,19,8,100000.0
6804af99a628d87a352cd5e2,67654209bf85ec5de3d4b68e,7,19,8,100000.0
6804af99a628d87a352cd5e2,67654209bf85ec5de3d4b68e,7,19,8,100000.0
6804af99a628d87a352cd5e2,67654209bf85ec5de3d4b68e,7,19,7,100000.0
6804af99a628d87a352cd5e2,67654209bf85ec5de3d4b68e,7,19,6,100000.0
6804af99a628d87a352cd5e2,67654209bf85ec5de3d4b68e,7,19,5,100000.0
6804af99a628d87a352cd5e2,67654209bf85ec5de3d4b68e,7,19,6,100000.0
6804af99a628d87a352cd5e2,67654209bf85ec5de3d4b68e,7,19,6,100000.0
6804af99a628d87a352cd5e2,67654209bf85ec5de3d4b68e,7,19,6,100000.0
6804af99a628d87a352cd5e2,67654209bf85ec5de3d4b68e,7,19,5,100000.0
6804af99a628d87a352cd5e2,67654209bf85ec5de3d4b68e,7,19,5,100000.0
6804af99a628d87a352cd5e2,67654209bf85ec5de3d4b68e,7,19,4,100000.0
6804af99a628d87a352cd5e2,67654209bf85ec5de3d4b68e,7,19,5,100000.0
6804af99a628d87a352cd5e2,67654209bf85ec5de3d4b68e,7,20,11,100000.0
6804af99a628d87a352cd5e2,67654209bf85ec5de3d4b68e,7,20,12,100000.0
6804af99a628d87a352cd5e2,67654209bf85ec5de3d4b68e,7,20,11,100000.0
6804af99a628d87a352cd5e2,67654209bf85ec5de3d4b68e,7,20,12,100000.0
6804af99a628d87a352cd5e2,67654209bf85ec5de3d4b68e,7,20,12,100000.0
6804af99a628d87a352cd5e2,67654209bf85ec5de3d4b68e,7,20,12,100000.0
6804af99a628d87a352cd5e2,67654209bf85ec5de3d4b68e,7,20,11,100000.0
6804af99a628d87a352cd5e2,67654209bf85ec5de3d4b68e,7,20,11,100000.0
6804af99a628d87a352cd5e2,67654209bf85ec5de3d4b68e,7,20,11,100000.0
6804af99a628d87a352cd5e2,67654209bf85ec5de3d4b68e,7,20,10,100000.0
6804af99a628d87a352cd5e2,67654209bf85ec5de3d4b68e,7,20,10,100000.0
6804af99a628d87a352cd5e2,67654209bf85ec5de3d4b68e,7,20,10,100000.0
6804af99a628d87a352cd5e2,67654209bf85ec5de3d4b68e,7,20,8,100000.0
6804af99a628d87a352cd5e2,67654209bf85ec5de3d4b68e,7,20,2,100000.0
6804af99a628d87a352cd5e2,67654209bf85ec5de3d4b68e,7,20,8,100000.0
6804af99a628d87a352cd5e2,67654209bf85ec5de3d4b68e,7,20,3,100000.0
6804af99a628d87a352cd5e2,67654209bf85ec5de3d4b68e,7,20,6,100000.0
6804af99a628d87a352cd5e2,67654209bf85ec5de3d4b68e,7,20,2,100000.0
6804af99a628d87a352cd5e2,67654209bf85ec5de3d4b68e,7,20,8,100000.0
6804af99a628d87a352cd5e2,67654209bf85ec5de3d4b68e,7,20,9,100000.0
6804af99a628d87a352cd5e2,67654209bf85ec5de3d4b68e,7,20,3,100000.0
6804af99a628d87a352cd5e2,67654209bf85ec5de3d4b68e,7,20,6,100000.0
6804af99a628d87a352cd5e2,67654209bf85ec5de3d4b68e,7,20,7,100000.0
6804af99a628d87a352cd5e2,67654209bf85ec5de3d4b68e,7,20,10,100000.0
6804af99a628d87a352cd5e2,67654209bf85ec5de3d4b68e,7,20,3,100000.0
6804af99a628d87a352cd5e2,67654209bf85ec5de3d4b68e,7,20,6,100000.0
6804af99a628d87a352cd5e2,67654209bf85ec5de3d4b68e,7,20,3,100000.0
6804af99a628d87a352cd5e2,67654209bf85ec5de3d4b68e,7,20,9,100000.0
6804af99a628d87a352cd5e2,67654209bf85ec5de3d4b68e,7,20,8,100000.0
6804af99a628d87a352cd5e2,67654209bf85ec5de3d4b68e,7,20,7,100000.0
6804af99a628d87a352cd5e2,67654209bf85ec5de3d4b68e,7,20,1,100000.0
6804af99a628d87a352cd5e2,67654209bf85ec5de3d4b68e,7,20,9,100000.0
6804af99a628d87a352cd5e2,67654209bf85ec5de3d4b68e,7,20,2,100000.0
6804af99a628d87a352cd5e2,67654209bf85ec5de3d4b68e,7,20,7,100000.0
6804af99a628d87a352cd5e2,67654209bf85ec5de3d4b68e,7,20,7,100000.0
6804af99a628d87a352cd5e2,67654209bf85ec5de3d4b68e,7,20,9,100000.0
6804af99a628d87a352cd5e2,67654209bf85ec5de3d4b68e,7,20,6,100000.0
6804af99a628d87a352cd5e2,67654209bf85ec5de3d4b68e,7,20,2,100000.0
6804af99a628d87a352cd5e2,67654209bf85ec5de3d4b68e,7,20,8,100000.0
6804af99a628d87a352cd5e2,67654209bf85ec5de3d4b68e,7,20,1,100000.0
6804af99a628d87a352cd5e2,67654209bf85ec5de3d4b68e,7,20,1,100000.0
6804af99a628d87a352cd5e2,67654209bf85ec5de3d4b68e,7,20,5,100000.0
6804af99a628d87a352cd5e2,67654209bf85ec5de3d4b68e,7,20,1,100000.0
6804af99a628d87a352cd5e2,67654209bf85ec5de3d4b68e,7,20,6,100000.0
6804af99a628d87a352cd5e2,67654209bf85ec5de3d4b68e,7,20,4,100000.0
6804af99a628d87a352cd5e2,67654209bf85ec5de3d4b68e,7,20,5,100000.0
6804af99a628d87a352cd5e2,67654209bf85ec5de3d4b68e,7,20,5,100000.0
6804af99a628d87a352cd5e2,67654209bf85ec5de3d4b68e,7,20,5,100000.0
6804af99a628d87a352cd5e2,67654209bf85ec5de3d4b68e,7,21,6,100000.0
6804af99a628d87a352cd5e2,67654209bf85ec5de3d4b68e,7,21,6,100000.0
6804af99a628d87a352cd5e2,67654209bf85ec5de3d4b68e,7,21,6,100000.0
6804af99a628d87a352cd5e2,67654209bf85ec5de3d4b68e,7,21,7,100000.0
6804af99a628d87a352cd5e2,67654209bf85ec5de3d4b68e,7,21,7,100000.0
6804af99a628d87a352cd5e2,67654209bf85ec5de3d4b68e,7,21,6,100000.0
6804af99a628d87a352cd5e2,67654209bf85ec5de3d4b68e,7,21,5,100000.0
6804af99a628d87a352cd5e2,67654209bf85ec5de3d4b68e,7,21,6,100000.0
6804af99a628d87a352cd5e2,67654209bf85ec5de3d4b68e,7,21,5,100000.0
6804af99a628d87a352cd5e2,67654209bf85ec5de3d4b68e,7,21,5,100000.0
6804af99a628d87a352cd5e2,67654209bf85ec5de3d4b68e,7,21,5,100000.0
6804af99a628d87a352cd5e2,67654209bf85ec5de3d4b68e,7,21,4,100000.0
6804af99a628d87a352cd5e2,67654209bf85ec5de3d4b68e,7,14,6,100000.0
6804af99a628d87a352cd5e2,67654209bf85ec5de3d4b68e,7,14,6,100000.0
6804af99a628d87a352cd5e2,67654209bf85ec5de3d4b68e,7,14,6,100000.0
6804af99a628d87a352cd5e2,67654209bf85ec5de3d4b68e,7,14,7,100000.0
6804af99a628d87a352cd5e2,67654209bf85ec5de3d4b68e,7,14,7,100000.0
6804af99a628d87a352cd5e2,67654209bf85ec5de3d4b68e,7,14,6,100000.0
6804af99a628d87a352cd5e2,67654209bf85ec5de3d4b68e,7,14,5,100000.0
6804af99a628d87a352cd5e2,67654209bf85ec5de3d4b68e,7,14,6,100000.0
6804af99a628d87a352cd5e2,67654209bf85ec5de3d4b68e,7,14,5,100000.0
6804af99a628d87a352cd5e2,67654209bf85ec5de3d4b68e,7,14,5,100000.0
6804af99a628d87a352cd5e2,67654209bf85ec5de3d4b68e,7,14,5,100000.0
6804af99a628d87a352cd5e2,67654209bf85ec5de3d4b68e,7,14,4,100000.0
6804ac28a628d87a352cd5d5,676541a9bf85ec5de3d4b68b,1,7,5,180000.0
6804ac28a628d87a352cd5d5,676541a9bf85ec5de3d4b68b,1,7,5,180000.0
6804ac28a628d87a352cd5d5,676541a9bf85ec5de3d4b68b,1,7,4,180000.0
6804ac28a628d87a352cd5d5,676541a9bf85ec5de3d4b68b,1,7,4,180000.0
6804ac28a628d87a352cd5d5,676541a9bf85ec5de3d4b68b,2,20,8,180000.0
6804ac28a628d87a352cd5d5,676541a9bf85ec5de3d4b68b,2,20,8,180000.0
6804ac28a628d87a352cd5d5,676541a9bf85ec5de3d4b68b,2,20,8,180000.0
6804ac28a628d87a352cd5d5,676541a9bf85ec5de3d4b68b,2,20,7,180000.0
6804ac28a628d87a352cd5d5,676541a9bf85ec5de3d4b68b,2,20,7,180000.0
6804ac28a628d87a352cd5d5,676541a9bf85ec5de3d4b68b,2,20,7,180000.0
6804ac28a628d87a352cd5d5,676541a9bf85ec5de3d4b68b,2,20,9,180000.0
6804ac28a628d87a352cd5d5,676541a9bf85ec5de3d4b68b,2,20,9,180000.0
6804ac28a628d87a352cd5d5,676541a9bf85ec5de3d4b68b,2,20,9,180000.0
6804ac28a628d87a352cd5d5,676541a9bf85ec5de3d4b68b,2,20,9,180000.0
6804ac28a628d87a352cd5d5,676541a9bf85ec5de3d4b68b,2,20,9,180000.0
6804ac28a628d87a352cd5d5,676541a9bf85ec5de3d4b68b,2,20,8,180000.0
6804ac28a628d87a352cd5d5,676541a9bf85ec5de3d4b68b,2,20,6,180000.0
6804ac28a628d87a352cd5d5,676541a9bf85ec5de3d4b68b,2,20,6,180000.0
6804ac28a628d87a352cd5d5,676541a9bf85ec5de3d4b68b,2,20,6,180000.0
6804ac28a628d87a352cd5d5,676541a9bf85ec5de3d4b68b,2,20,7,180000.0
6804ac28a628d87a352cd5d5,676541a9bf85ec5de3d4b68b,2,20,7,180000.0
6804ac28a628d87a352cd5d5,676541a9bf85ec5de3d4b68b,2,20,6,180000.0
6804ac28a628d87a352cd5d5,676541a9bf85ec5de3d4b68b,2,20,5,180000.0
6804ac28a628d87a352cd5d5,676541a9bf85ec5de3d4b68b,2,20,5,180000.0
6804ac28a628d87a352cd5d5,676541a9bf85ec5de3d4b68b,2,20,5,180000.0
6804ac28a628d87a352cd5d5,676541a9bf85ec5de3d4b68b,2,20,4,180000.0
6804ac28a628d87a352cd5d5,676541a9bf85ec5de3d4b68b,2,20,5,180000.0
6804ac28a628d87a352cd5d5,676541a9bf85ec5de3d4b68b,2,20,4,180000.0
6804ac28a628d87a352cd5d5,676541a9bf85ec5de3d4b68b,4,6,11,180000.0
6804ac28a628d87a352cd5d5,676541a9bf85ec5de3d4b68b,4,6,12,180000.0
6804ac28a628d87a352cd5d5,676541a9bf85ec5de3d4b68b,4,6,11,180000.0
6804ac28a628d87a352cd5d5,676541a9bf85ec5de3d4b68b,4,6,12,180000.0
6804ac28a628d87a352cd5d5,676541a9bf85ec5de3d4b68b,4,6,12,180000.0
6804ac28a628d87a352cd5d5,676541a9bf85ec5de3d4b68b,4,6,12,180000.0
6804ac28a628d87a352cd5d5,676541a9bf85ec5de3d4b68b,4,6,10,180000.0
6804ac28a628d87a352cd5d5,676541a9bf85ec5de3d4b68b,4,6,11,180000.0
6804ac28a628d87a352cd5d5,676541a9bf85ec5de3d4b68b,4,6,11,180000.0
6804ac28a628d87a352cd5d5,676541a9bf85ec5de3d4b68b,4,6,10,180000.0
6804ac28a628d87a352cd5d5,676541a9bf85ec5de3d4b68b,4,6,10,180000.0
6804ac28a628d87a352cd5d5,676541a9bf85ec5de3d4b68b,4,6,10,180000.0
6804ac28a628d87a352cd5d5,676541a9bf85ec5de3d4b68b,4,6,2,180000.0
6804ac28a628d87a352cd5d5,676541a9bf85ec5de3d4b68b,4,6,2,180000.0
6804ac28a628d87a352cd5d5,676541a9bf85ec5de3d4b68b,4,6,2,180000.0
6804ac28a628d87a352cd5d5,676541a9bf85ec5de3d4b68b,4,6,3,180000.0
6804ac28a628d87a352cd5d5,676541a9bf85ec5de3d4b68b,4,6,3,180000.0
6804ac28a628d87a352cd5d5,676541a9bf85ec5de3d4b68b,4,6,3,180000.0
6804ac28a628d87a352cd5d5,676541a9bf85ec5de3d4b68b,4,6,1,180000.0
6804ac28a628d87a352cd5d5,676541a9bf85ec5de3d4b68b,4,6,2,180000.0
6804ac28a628d87a352cd5d5,676541a9bf85ec5de3d4b68b,4,6,1,180000.0
6804ac28a628d87a352cd5d5,676541a9bf85ec5de3d4b68b,4,6,8,180000.0
6804ac28a628d87a352cd5d5,676541a9bf85ec5de3d4b68b,4,6,5,180000.0
6804ac28a628d87a352cd5d5,676541a9bf85ec5de3d4b68b,4,6,8,180000.0
6804ac28a628d87a352cd5d5,676541a9bf85ec5de3d4b68b,4,6,5,180000.0
6804ac28a628d87a352cd5d5,676541a9bf85ec5de3d4b68b,4,6,9,180000.0
6804ac28a628d87a352cd5d5,676541a9bf85ec5de3d4b68b,4,6,6,180000.0
6804ac28a628d87a352cd5d5,676541a9bf85ec5de3d4b68b,4,6,8,180000.0
6804ac28a628d87a352cd5d5,676541a9bf85ec5de3d4b68b,4,6,5,180000.0
6804ac28a628d87a352cd5d5,676541a9bf85ec5de3d4b68b,4,6,10,180000.0
6804ac28a628d87a352cd5d5,676541a9bf85ec5de3d4b68b,4,6,7,180000.0
6804ac28a628d87a352cd5d5,676541a9bf85ec5de3d4b68b,4,6,5,180000.0
6804ac28a628d87a352cd5d5,676541a9bf85ec5de3d4b68b,4,6,7,180000.0
6804ac28a628d87a352cd5d5,676541a9bf85ec5de3d4b68b,4,6,5,180000.0
6804ac28a628d87a352cd5d5,676541a9bf85ec5de3d4b68b,4,6,9,180000.0
6804ac28a628d87a352cd5d5,676541a9bf85ec5de3d4b68b,4,6,6,180000.0
6804ac28a628d87a352cd5d5,676541a9bf85ec5de3d4b68b,4,6,9,180000.0
6804ac28a628d87a352cd5d5,676541a9bf85ec5de3d4b68b,4,6,4,180000.0
6804ac28a628d87a352cd5d5,676541a9bf85ec5de3d4b68b,4,6,7,180000.0
6804ac28a628d87a352cd5d5,676541a9bf85ec5de3d4b68b,4,6,9,180000.0
6804ac28a628d87a352cd5d5,676541a9bf85ec5de3d4b68b,4,6,6,180000.0
6804ac28a628d87a352cd5d5,676541a9bf85ec5de3d4b68b,4,6,7,180000.0
6804ac28a628d87a352cd5d5,676541a9bf85ec5de3d4b68b,4,6,8,180000.0
6804ac28a628d87a352cd5d5,676541a9bf85ec5de3d4b68b,4,6,7,180000.0
6804ac28a628d87a352cd5d5,676541a9bf85ec5de3d4b68b,4,6,1,180000.0
6804ac28a628d87a352cd5d5,676541a9bf85ec5de3d4b68b,4,6,1,180000.0
6804ac28a628d87a352cd5d5,676541a9bf85ec5de3d4b68b,4,6,1,180000.0
6804ac28a628d87a352cd5d5,676541a9bf85ec5de3d4b68b,4,6,6,180000.0
6804ac28a628d87a352cd5d5,676541a9bf85ec5de3d4b68b,6,7,11,200000.0
6804ac28a628d87a352cd5d5,676541a9bf85ec5de3d4b68b,6,7,12,200000.0
6804ac28a628d87a352cd5d5,676541a9bf85ec5de3d4b68b,6,7,11,200000.0
6804ac28a628d87a352cd5d5,676541a9bf85ec5de3d4b68b,6,7,12,200000.0
6804ac28a628d87a352cd5d5,676541a9bf85ec5de3d4b68b,6,7,12,200000.0
6804ac28a628d87a352cd5d5,676541a9bf85ec5de3d4b68b,6,7,12,200000.0
6804ac28a628d87a352cd5d5,676541a9bf85ec5de3d4b68b,6,7,11,200000.0
6804ac28a628d87a352cd5d5,676541a9bf85ec5de3d4b68b,6,7,11,200000.0
6804ac28a628d87a352cd5d5,676541a9bf85ec5de3d4b68b,6,7,11,200000.0
6804ac28a628d87a352cd5d5,676541a9bf85ec5de3d4b68b,6,7,10,200000.0
6804ac28a628d87a352cd5d5,676541a9bf85ec5de3d4b68b,6,7,10,200000.0
6804ac28a628d87a352cd5d5,676541a9bf85ec5de3d4b68b,6,7,10,200000.0
6804ac28a628d87a352cd5d5,676541a9bf85ec5de3d4b68b,6,7,2,200000.0
6804ac28a628d87a352cd5d5,676541a9bf85ec5de3d4b68b,6,7,2,200000.0
6804ac28a628d87a352cd5d5,676541a9bf85ec5de3d4b68b,6,7,2,200000.0
6804ac28a628d87a352cd5d5,676541a9bf85ec5de3d4b68b,6,7,3,200000.0
6804ac28a628d87a352cd5d5,676541a9bf85ec5de3d4b68b,6,7,3,200000.0
6804ac28a628d87a352cd5d5,676541a9bf85ec5de3d4b68b,6,7,3,200000.0
6804ac28a628d87a352cd5d5,676541a9bf85ec5de3d4b68b,6,7,1,200000.0
6804ac28a628d87a352cd5d5,676541a9bf85ec5de3d4b68b,6,7,2,200000.0
6804ac28a628d87a352cd5d5,676541a9bf85ec5de3d4b68b,6,7,1,200000.0
6804ac28a628d87a352cd5d5,676541a9bf85ec5de3d4b68b,6,7,1,200000.0
6804ac28a628d87a352cd5d5,676541a9bf85ec5de3d4b68b,6,7,1,200000.0
6804ac28a628d87a352cd5d5,676541a9bf85ec5de3d4b68b,6,7,1,200000.0
6804ac28a628d87a352cd5d5,676541a9bf85ec5de3d4b68b,6,7,8,200000.0
6804ac28a628d87a352cd5d5,676541a9bf85ec5de3d4b68b,6,7,8,200000.0
6804ac28a628d87a352cd5d5,676541a9bf85ec5de3d4b68b,6,7,8,200000.0
6804ac28a628d87a352cd5d5,676541a9bf85ec5de3d4b68b,6,7,7,200000.0
6804ac28a628d87a352cd5d5,676541a9bf85ec5de3d4b68b,6,7,8,200000.0
6804ac28a628d87a352cd5d5,676541a9bf85ec5de3d4b68b,6,7,7,200000.0
6804ac28a628d87a352cd5d5,676541a9bf85ec5de3d4b68b,6,7,9,200000.0
6804ac28a628d87a352cd5d5,676541a9bf85ec5de3d4b68b,6,7,10,200000.0
6804ac28a628d87a352cd5d5,676541a9bf85ec5de3d4b68b,6,7,9,200000.0
6804ac28a628d87a352cd5d5,676541a9bf85ec5de3d4b68b,6,7,9,200000.0
6804ac28a628d87a352cd5d5,676541a9bf85ec5de3d4b68b,6,7,9,200000.0
6804ac28a628d87a352cd5d5,676541a9bf85ec5de3d4b68b,6,7,8,200000.0
6804ac28a628d87a352cd5d5,676541a9bf85ec5de3d4b68b,6,7,6,200000.0
6804ac28a628d87a352cd5d5,676541a9bf85ec5de3d4b68b,6,7,6,200000.0
6804ac28a628d87a352cd5d5,676541a9bf85ec5de3d4b68b,6,7,6,200000.0
6804ac28a628d87a352cd5d5,676541a9bf85ec5de3d4b68b,6,7,7,200000.0
6804ac28a628d87a352cd5d5,676541a9bf85ec5de3d4b68b,6,7,7,200000.0
6804ac28a628d87a352cd5d5,676541a9bf85ec5de3d4b68b,6,7,6,200000.0
6804ac28a628d87a352cd5d5,676541a9bf85ec5de3d4b68b,6,7,5,200000.0
6804ac28a628d87a352cd5d5,676541a9bf85ec5de3d4b68b,6,7,5,200000.0
6804ac28a628d87a352cd5d5,676541a9bf85ec5de3d4b68b,6,7,5,200000.0
6804ac28a628d87a352cd5d5,676541a9bf85ec5de3d4b68b,6,7,4,200000.0
6804ac28a628d87a352cd5d5,676541a9bf85ec5de3d4b68b,6,7,5,200000.0
6804ac28a628d87a352cd5d5,676541a9bf85ec5de3d4b68b,6,7,5,200000.0
6804ac28a628d87a352cd5d5,676541a9bf85ec5de3d4b68b,6,22,11,200000.0
6804ac28a628d87a352cd5d5,676541a9bf85ec5de3d4b68b,6,22,12,200000.0
6804ac28a628d87a352cd5d5,676541a9bf85ec5de3d4b68b,6,22,11,200000.0
6804ac28a628d87a352cd5d5,676541a9bf85ec5de3d4b68b,6,22,12,200000.0
6804ac28a628d87a352cd5d5,676541a9bf85ec5de3d4b68b,6,22,12,200000.0
6804ac28a628d87a352cd5d5,676541a9bf85ec5de3d4b68b,6,22,12,200000.0
6804ac28a628d87a352cd5d5,676541a9bf85ec5de3d4b68b,6,22,11,200000.0
6804ac28a628d87a352cd5d5,676541a9bf85ec5de3d4b68b,6,22,11,200000.0
6804ac28a628d87a352cd5d5,676541a9bf85ec5de3d4b68b,6,22,11,200000.0
6804ac28a628d87a352cd5d5,676541a9bf85ec5de3d4b68b,6,22,10,200000.0
6804ac28a628d87a352cd5d5,676541a9bf85ec5de3d4b68b,6,22,10,200000.0
6804ac28a628d87a352cd5d5,676541a9bf85ec5de3d4b68b,6,22,10,200000.0
6804ac28a628d87a352cd5d5,676541a9bf85ec5de3d4b68b,6,22,2,200000.0
6804ac28a628d87a352cd5d5,676541a9bf85ec5de3d4b68b,6,22,2,200000.0
6804ac28a628d87a352cd5d5,676541a9bf85ec5de3d4b68b,6,22,2,200000.0
6804ac28a628d87a352cd5d5,676541a9bf85ec5de3d4b68b,6,22,3,200000.0
6804ac28a628d87a352cd5d5,676541a9bf85ec5de3d4b68b,6,22,3,200000.0
6804ac28a628d87a352cd5d5,676541a9bf85ec5de3d4b68b,6,22,3,200000.0
6804ac28a628d87a352cd5d5,676541a9bf85ec5de3d4b68b,6,22,1,200000.0
6804ac28a628d87a352cd5d5,676541a9bf85ec5de3d4b68b,6,22,2,200000.0
6804ac28a628d87a352cd5d5,676541a9bf85ec5de3d4b68b,6,22,1,200000.0
6804ac28a628d87a352cd5d5,676541a9bf85ec5de3d4b68b,6,22,1,200000.0
6804ac28a628d87a352cd5d5,676541a9bf85ec5de3d4b68b,6,22,1,200000.0
6804ac28a628d87a352cd5d5,676541a9bf85ec5de3d4b68b,6,22,1,200000.0
6804ac28a628d87a352cd5d5,676541a9bf85ec5de3d4b68b,6,22,8,200000.0
6804ac28a628d87a352cd5d5,676541a9bf85ec5de3d4b68b,6,22,8,200000.0
6804ac28a628d87a352cd5d5,676541a9bf85ec5de3d4b68b,6,22,8,200000.0
6804ac28a628d87a352cd5d5,676541a9bf85ec5de3d4b68b,6,22,7,200000.0
6804ac28a628d87a352cd5d5,676541a9bf85ec5de3d4b68b,6,22,8,200000.0
6804ac28a628d87a352cd5d5,676541a9bf85ec5de3d4b68b,6,22,7,200000.0
6804ac28a628d87a352cd5d5,676541a9bf85ec5de3d4b68b,6,22,9,200000.0
6804ac28a628d87a352cd5d5,676541a9bf85ec5de3d4b68b,6,22,10,200000.0
6804ac28a628d87a352cd5d5,676541a9bf85ec5de3d4b68b,6,22,9,200000.0
6804ac28a628d87a352cd5d5,676541a9bf85ec5de3d4b68b,6,22,9,200000.0
6804ac28a628d87a352cd5d5,676541a9bf85ec5de3d4b68b,6,22,9,200000.0
6804ac28a628d87a352cd5d5,676541a9bf85ec5de3d4b68b,6,22,8,200000.0
6804ac28a628d87a352cd5d5,676541a9bf85ec5de3d4b68b,6,22,6,200000.0
6804ac28a628d87a352cd5d5,676541a9bf85ec5de3d4b68b,6,22,5,200000.0
6804ac28a628d87a352cd5d5,676541a9bf85ec5de3d4b68b,6,22,7,200000.0
6804ac28a628d87a352cd5d5,676541a9bf85ec5de3d4b68b,6,22,6,200000.0
6804ac28a628d87a352cd5d5,676541a9bf85ec5de3d4b68b,6,22,5,200000.0
6804ac28a628d87a352cd5d5,676541a9bf85ec5de3d4b68b,6,22,7,200000.0
6804ac28a628d87a352cd5d5,676541a9bf85ec5de3d4b68b,6,22,6,200000.0
6804ac28a628d87a352cd5d5,676541a9bf85ec5de3d4b68b,6,22,6,200000.0
6804ac28a628d87a352cd5d5,676541a9bf85ec5de3d4b68b,6,22,5,200000.0
6804ac28a628d87a352cd5d5,676541a9bf85ec5de3d4b68b,6,22,5,200000.0
6804ac28a628d87a352cd5d5,676541a9bf85ec5de3d4b68b,6,22,4,200000.0
6804ac28a628d87a352cd5d5,676541a9bf85ec5de3d4b68b,6,22,5,200000.0
6804ac28a628d87a352cd5d5,676541a9bf85ec5de3d4b68b,7,21,11,200000.0
6804ac28a628d87a352cd5d5,676541a9bf85ec5de3d4b68b,7,21,12,200000.0
6804ac28a628d87a352cd5d5,676541a9bf85ec5de3d4b68b,7,21,11,200000.0
6804ac28a628d87a352cd5d5,676541a9bf85ec5de3d4b68b,7,21,12,200000.0
6804ac28a628d87a352cd5d5,676541a9bf85ec5de3d4b68b,7,21,12,200000.0
6804ac28a628d87a352cd5d5,676541a9bf85ec5de3d4b68b,7,21,12,200000.0
6804ac28a628d87a352cd5d5,676541a9bf85ec5de3d4b68b,7,21,11,200000.0
6804ac28a628d87a352cd5d5,676541a9bf85ec5de3d4b68b,7,21,11,200000.0
6804ac28a628d87a352cd5d5,676541a9bf85ec5de3d4b68b,7,21,11,200000.0
6804ac28a628d87a352cd5d5,676541a9bf85ec5de3d4b68b,7,21,10,200000.0
6804ac28a628d87a352cd5d5,676541a9bf85ec5de3d4b68b,7,21,10,200000.0
6804ac28a628d87a352cd5d5,676541a9bf85ec5de3d4b68b,7,21,10,200000.0
6804ac28a628d87a352cd5d5,676541a9bf85ec5de3d4b68b,7,21,2,200000.0
6804ac28a628d87a352cd5d5,676541a9bf85ec5de3d4b68b,7,21,3,200000.0
6804ac28a628d87a352cd5d5,676541a9bf85ec5de3d4b68b,7,21,2,200000.0
6804ac28a628d87a352cd5d5,676541a9bf85ec5de3d4b68b,7,21,3,200000.0
6804ac28a628d87a352cd5d5,676541a9bf85ec5de3d4b68b,7,21,3,200000.0
6804ac28a628d87a352cd5d5,676541a9bf85ec5de3d4b68b,7,21,3,200000.0
6804ac28a628d87a352cd5d5,676541a9bf85ec5de3d4b68b,7,21,1,200000.0
6804ac28a628d87a352cd5d5,676541a9bf85ec5de3d4b68b,7,21,2,200000.0
6804ac28a628d87a352cd5d5,676541a9bf85ec5de3d4b68b,7,21,2,200000.0
6804ac28a628d87a352cd5d5,676541a9bf85ec5de3d4b68b,7,21,1,200000.0
6804ac28a628d87a352cd5d5,676541a9bf85ec5de3d4b68b,7,21,1,200000.0
6804ac28a628d87a352cd5d5,676541a9bf85ec5de3d4b68b,7,21,1,200000.0
6804ac28a628d87a352cd5d5,676541a9bf85ec5de3d4b68b,7,21,8,200000.0
6804ac28a628d87a352cd5d5,676541a9bf85ec5de3d4b68b,7,21,8,200000.0
6804ac28a628d87a352cd5d5,676541a9bf85ec5de3d4b68b,7,21,8,200000.0
6804ac28a628d87a352cd5d5,676541a9bf85ec5de3d4b68b,7,21,7,200000.0
6804ac28a628d87a352cd5d5,676541a9bf85ec5de3d4b68b,7,21,8,200000.0
6804ac28a628d87a352cd5d5,676541a9bf85ec5de3d4b68b,7,21,7,200000.0
6804ac28a628d87a352cd5d5,676541a9bf85ec5de3d4b68b,7,21,9,200000.0
6804ac28a628d87a352cd5d5,676541a9bf85ec5de3d4b68b,7,21,10,200000.0
6804ac28a628d87a352cd5d5,676541a9bf85ec5de3d4b68b,7,21,9,200000.0
6804ac28a628d87a352cd5d5,676541a9bf85ec5de3d4b68b,7,21,9,200000.0
6804ac28a628d87a352cd5d5,676541a9bf85ec5de3d4b68b,7,21,9,200000.0
6804ac28a628d87a352cd5d5,676541a9bf85ec5de3d4b68b,7,21,8,200000.0
6804ac28a628d87a352cd5d5,676541a9bf85ec5de3d4b68b,7,21,6,200000.0
6804ac28a628d87a352cd5d5,676541a9bf85ec5de3d4b68b,7,21,6,200000.0
6804ac28a628d87a352cd5d5,676541a9bf85ec5de3d4b68b,7,21,7,200000.0
6804ac28a628d87a352cd5d5,676541a9bf85ec5de3d4b68b,7,21,6,200000.0
6804ac28a628d87a352cd5d5,676541a9bf85ec5de3d4b68b,7,21,7,200000.0
6804ac28a628d87a352cd5d5,676541a9bf85ec5de3d4b68b,7,21,5,200000.0
6804ac28a628d87a352cd5d5,676541a9bf85ec5de3d4b68b,7,21,5,200000.0
6804ac28a628d87a352cd5d5,676541a9bf85ec5de3d4b68b,7,21,4,200000.0
6804ac28a628d87a352cd5d5,676541a9bf85ec5de3d4b68b,7,21,6,200000.0
6804ac28a628d87a352cd5d5,676541a9bf85ec5de3d4b68b,7,21,5,200000.0
6804ac28a628d87a352cd5d5,676541a9bf85ec5de3d4b68b,7,21,6,200000.0
6804ac28a628d87a352cd5d5,676541a9bf85ec5de3d4b68b,7,21,5,200000.0
6804ac28a628d87a352cd5d5,676541a9bf85ec5de3d4b68b,7,22,11,200000.0
6804ac28a628d87a352cd5d5,676541a9bf85ec5de3d4b68b,7,22,12,200000.0
6804ac28a628d87a352cd5d5,676541a9bf85ec5de3d4b68b,7,22,11,200000.0
6804ac28a628d87a352cd5d5,676541a9bf85ec5de3d4b68b,7,22,12,200000.0
6804ac28a628d87a352cd5d5,676541a9bf85ec5de3d4b68b,7,22,12,200000.0
6804ac28a628d87a352cd5d5,676541a9bf85ec5de3d4b68b,7,22,12,200000.0
6804ac28a628d87a352cd5d5,676541a9bf85ec5de3d4b68b,7,22,11,200000.0
6804ac28a628d87a352cd5d5,676541a9bf85ec5de3d4b68b,7,22,11,200000.0
6804ac28a628d87a352cd5d5,676541a9bf85ec5de3d4b68b,7,22,11,200000.0
6804ac28a628d87a352cd5d5,676541a9bf85ec5de3d4b68b,7,22,10,200000.0
6804ac28a628d87a352cd5d5,676541a9bf85ec5de3d4b68b,7,22,10,200000.0
6804ac28a628d87a352cd5d5,676541a9bf85ec5de3d4b68b,7,22,10,200000.0
6804ac28a628d87a352cd5d5,676541a9bf85ec5de3d4b68b,7,22,2,200000.0
6804ac28a628d87a352cd5d5,676541a9bf85ec5de3d4b68b,7,22,3,200000.0
6804ac28a628d87a352cd5d5,676541a9bf85ec5de3d4b68b,7,22,2,200000.0
6804ac28a628d87a352cd5d5,676541a9bf85ec5de3d4b68b,7,22,3,200000.0
6804ac28a628d87a352cd5d5,676541a9bf85ec5de3d4b68b,7,22,3,200000.0
6804ac28a628d87a352cd5d5,676541a9bf85ec5de3d4b68b,7,22,3,200000.0
6804ac28a628d87a352cd5d5,676541a9bf85ec5de3d4b68b,7,22,1,200000.0
6804ac28a628d87a352cd5d5,676541a9bf85ec5de3d4b68b,7,22,2,200000.0
6804ac28a628d87a352cd5d5,676541a9bf85ec5de3d4b68b,7,22,2,200000.0
6804ac28a628d87a352cd5d5,676541a9bf85ec5de3d4b68b,7,22,1,200000.0
6804ac28a628d87a352cd5d5,676541a9bf85ec5de3d4b68b,7,22,1,200000.0
6804ac28a628d87a352cd5d5,676541a9bf85ec5de3d4b68b,7,22,1,200000.0
6804ac28a628d87a352cd5d5,676541a9bf85ec5de3d4b68b,7,22,8,200000.0
6804ac28a628d87a352cd5d5,676541a9bf85ec5de3d4b68b,7,22,8,200000.0
6804ac28a628d87a352cd5d5,676541a9bf85ec5de3d4b68b,7,22,8,200000.0
6804ac28a628d87a352cd5d5,676541a9bf85ec5de3d4b68b,7,22,7,200000.0
6804ac28a628d87a352cd5d5,676541a9bf85ec5de3d4b68b,7,22,8,200000.0
6804ac28a628d87a352cd5d5,676541a9bf85ec5de3d4b68b,7,22,7,200000.0
6804ac28a628d87a352cd5d5,676541a9bf85ec5de3d4b68b,7,22,9,200000.0
6804ac28a628d87a352cd5d5,676541a9bf85ec5de3d4b68b,7,22,10,200000.0
6804ac28a628d87a352cd5d5,676541a9bf85ec5de3d4b68b,7,22,9,200000.0
6804ac28a628d87a352cd5d5,676541a9bf85ec5de3d4b68b,7,22,9,200000.0
6804ac28a628d87a352cd5d5,676541a9bf85ec5de3d4b68b,7,22,9,200000.0
6804ac28a628d87a352cd5d5,676541a9bf85ec5de3d4b68b,7,22,8,200000.0
6804ac28a628d87a352cd5d5,676541a9bf85ec5de3d4b68b,7,22,6,200000.0
6804ac28a628d87a352cd5d5,676541a9bf85ec5de3d4b68b,7,22,6,200000.0
6804ac28a628d87a352cd5d5,676541a9bf85ec5de3d4b68b,7,22,5,200000.0
6804ac28a628d87a352cd5d5,676541a9bf85ec5de3d4b68b,7,22,6,200000.0
6804ac28a628d87a352cd5d5,676541a9bf85ec5de3d4b68b,7,22,6,200000.0
6804ac28a628d87a352cd5d5,676541a9bf85ec5de3d4b68b,7,22,7,200000.0
6804ac28a628d87a352cd5d5,676541a9bf85ec5de3d4b68b,7,22,7,200000.0
6804ac28a628d87a352cd5d5,676541a9bf85ec5de3d4b68b,7,22,5,200000.0
6804ac28a628d87a352cd5d5,676541a9bf85ec5de3d4b68b,7,22,5,200000.0
6804ac28a628d87a352cd5d5,676541a9bf85ec5de3d4b68b,7,22,5,200000.0
6804ac28a628d87a352cd5d5,676541a9bf85ec5de3d4b68b,7,22,4,200000.0
6804ac28a628d87a352cd5d5,676541a9bf85ec5de3d4b68b,7,22,6,200000.0
6804ac28a628d87a352cd5d5,676541a9bf85ec5de3d4b68b,7,18,11,200000.0
6804ac28a628d87a352cd5d5,676541a9bf85ec5de3d4b68b,7,18,12,200000.0
6804ac28a628d87a352cd5d5,676541a9bf85ec5de3d4b68b,7,18,11,200000.0
6804ac28a628d87a352cd5d5,676541a9bf85ec5de3d4b68b,7,18,12,200000.0
6804ac28a628d87a352cd5d5,676541a9bf85ec5de3d4b68b,7,18,12,200000.0
6804ac28a628d87a352cd5d5,676541a9bf85ec5de3d4b68b,7,18,12,200000.0
6804ac28a628d87a352cd5d5,676541a9bf85ec5de3d4b68b,7,18,11,200000.0
6804ac28a628d87a352cd5d5,676541a9bf85ec5de3d4b68b,7,18,11,200000.0
6804ac28a628d87a352cd5d5,676541a9bf85ec5de3d4b68b,7,18,11,200000.0
6804ac28a628d87a352cd5d5,676541a9bf85ec5de3d4b68b,7,18,10,200000.0
6804ac28a628d87a352cd5d5,676541a9bf85ec5de3d4b68b,7,18,10,200000.0
6804ac28a628d87a352cd5d5,676541a9bf85ec5de3d4b68b,7,18,10,200000.0
6804ac28a628d87a352cd5d5,676541a9bf85ec5de3d4b68b,7,18,2,200000.0
6804ac28a628d87a352cd5d5,676541a9bf85ec5de3d4b68b,7,18,3,200000.0
6804ac28a628d87a352cd5d5,676541a9bf85ec5de3d4b68b,7,18,2,200000.0
6804ac28a628d87a352cd5d5,676541a9bf85ec5de3d4b68b,7,18,3,200000.0
6804ac28a628d87a352cd5d5,676541a9bf85ec5de3d4b68b,7,18,3,200000.0
6804ac28a628d87a352cd5d5,676541a9bf85ec5de3d4b68b,7,18,3,200000.0
6804ac28a628d87a352cd5d5,676541a9bf85ec5de3d4b68b,7,18,1,200000.0
6804ac28a628d87a352cd5d5,676541a9bf85ec5de3d4b68b,7,18,2,200000.0
6804ac28a628d87a352cd5d5,676541a9bf85ec5de3d4b68b,7,18,2,200000.0
6804ac28a628d87a352cd5d5,676541a9bf85ec5de3d4b68b,7,18,1,200000.0
6804ac28a628d87a352cd5d5,676541a9bf85ec5de3d4b68b,7,18,1,200000.0
6804ac28a628d87a352cd5d5,676541a9bf85ec5de3d4b68b,7,18,1,200000.0
6804ac28a628d87a352cd5d5,676541a9bf85ec5de3d4b68b,7,18,8,200000.0
6804ac28a628d87a352cd5d5,676541a9bf85ec5de3d4b68b,7,18,8,200000.0
6804ac28a628d87a352cd5d5,676541a9bf85ec5de3d4b68b,7,18,8,200000.0
6804ac28a628d87a352cd5d5,676541a9bf85ec5de3d4b68b,7,18,7,200000.0
6804ac28a628d87a352cd5d5,676541a9bf85ec5de3d4b68b,7,18,8,200000.0
6804ac28a628d87a352cd5d5,676541a9bf85ec5de3d4b68b,7,18,7,200000.0
6804ac28a628d87a352cd5d5,676541a9bf85ec5de3d4b68b,7,18,9,200000.0
6804ac28a628d87a352cd5d5,676541a9bf85ec5de3d4b68b,7,18,10,200000.0
6804ac28a628d87a352cd5d5,676541a9bf85ec5de3d4b68b,7,18,9,200000.0
6804ac28a628d87a352cd5d5,676541a9bf85ec5de3d4b68b,7,18,9,200000.0
6804ac28a628d87a352cd5d5,676541a9bf85ec5de3d4b68b,7,18,9,200000.0
6804ac28a628d87a352cd5d5,676541a9bf85ec5de3d4b68b,7,18,8,200000.0
6804ac28a628d87a352cd5d5,676541a9bf85ec5de3d4b68b,7,18,6,200000.0
6804ac28a628d87a352cd5d5,676541a9bf85ec5de3d4b68b,7,18,6,200000.0
6804ac28a628d87a352cd5d5,676541a9bf85ec5de3d4b68b,7,18,6,200000.0
6804ac28a628d87a352cd5d5,676541a9bf85ec5de3d4b68b,7,18,7,200000.0
6804ac28a628d87a352cd5d5,676541a9bf85ec5de3d4b68b,7,18,7,200000.0
6804ac28a628d87a352cd5d5,676541a9bf85ec5de3d4b68b,7,18,6,200000.0
6804ac28a628d87a352cd5d5,676541a9bf85ec5de3d4b68b,7,18,5,200000.0
6804ac28a628d87a352cd5d5,676541a9bf85ec5de3d4b68b,7,18,6,200000.0
6804ac28a628d87a352cd5d5,676541a9bf85ec5de3d4b68b,7,18,5,200000.0
6804ac28a628d87a352cd5d5,676541a9bf85ec5de3d4b68b,7,18,5,200000.0
6804ac28a628d87a352cd5d5,676541a9bf85ec5de3d4b68b,7,18,5,200000.0
6804ac28a628d87a352cd5d5,676541a9bf85ec5de3d4b68b,7,18,4,200000.0
6804af99a628d87a352cd5e2,67654209bf85ec5de3d4b68e,6,13,11,100000.0
6804af99a628d87a352cd5e2,67654209bf85ec5de3d4b68e,6,13,11,100000.0
6804af99a628d87a352cd5e2,67654209bf85ec5de3d4b68e,6,13,11,100000.0
6804af99a628d87a352cd5e2,67654209bf85ec5de3d4b68e,6,13,12,100000.0
6804af99a628d87a352cd5e2,67654209bf85ec5de3d4b68e,6,13,12,100000.0
6804af99a628d87a352cd5e2,67654209bf85ec5de3d4b68e,6,13,12,100000.0
6804af99a628d87a352cd5e2,67654209bf85ec5de3d4b68e,6,13,10,100000.0
6804af99a628d87a352cd5e2,67654209bf85ec5de3d4b68e,6,13,11,100000.0
6804af99a628d87a352cd5e2,67654209bf85ec5de3d4b68e,6,13,11,100000.0
6804af99a628d87a352cd5e2,67654209bf85ec5de3d4b68e,6,13,10,100000.0
6804af99a628d87a352cd5e2,67654209bf85ec5de3d4b68e,6,13,10,100000.0
6804af99a628d87a352cd5e2,67654209bf85ec5de3d4b68e,6,13,10,100000.0
6804af99a628d87a352cd5e2,67654209bf85ec5de3d4b68e,6,13,2,100000.0
6804af99a628d87a352cd5e2,67654209bf85ec5de3d4b68e,6,13,2,100000.0
6804af99a628d87a352cd5e2,67654209bf85ec5de3d4b68e,6,13,2,100000.0
6804af99a628d87a352cd5e2,67654209bf85ec5de3d4b68e,6,13,3,100000.0
6804af99a628d87a352cd5e2,67654209bf85ec5de3d4b68e,6,13,3,100000.0
6804af99a628d87a352cd5e2,67654209bf85ec5de3d4b68e,6,13,2,100000.0
6804af99a628d87a352cd5e2,67654209bf85ec5de3d4b68e,6,13,1,100000.0
6804af99a628d87a352cd5e2,67654209bf85ec5de3d4b68e,6,13,1,100000.0
6804af99a628d87a352cd5e2,67654209bf85ec5de3d4b68e,6,13,1,100000.0
6804af99a628d87a352cd5e2,67654209bf85ec5de3d4b68e,6,13,1,100000.0
6804af99a628d87a352cd5e2,67654209bf85ec5de3d4b68e,6,13,1,100000.0
6804af99a628d87a352cd5e2,67654209bf85ec5de3d4b68e,6,13,12,100000.0
6804af99a628d87a352cd5e2,67654209bf85ec5de3d4b68e,6,13,8,100000.0
6804af99a628d87a352cd5e2,67654209bf85ec5de3d4b68e,6,13,8,100000.0
6804af99a628d87a352cd5e2,67654209bf85ec5de3d4b68e,6,13,8,100000.0
6804af99a628d87a352cd5e2,67654209bf85ec5de3d4b68e,6,13,7,100000.0
6804af99a628d87a352cd5e2,67654209bf85ec5de3d4b68e,6,13,7,100000.0
6804af99a628d87a352cd5e2,67654209bf85ec5de3d4b68e,6,13,7,100000.0
6804af99a628d87a352cd5e2,67654209bf85ec5de3d4b68e,6,13,9,100000.0
6804af99a628d87a352cd5e2,67654209bf85ec5de3d4b68e,6,13,9,100000.0
6804af99a628d87a352cd5e2,67654209bf85ec5de3d4b68e,6,13,9,100000.0
6804af99a628d87a352cd5e2,67654209bf85ec5de3d4b68e,6,13,8,100000.0
6804af99a628d87a352cd5e2,67654209bf85ec5de3d4b68e,6,13,9,100000.0
6804af99a628d87a352cd5e2,67654209bf85ec5de3d4b68e,6,13,8,100000.0
6804af99a628d87a352cd5e2,67654209bf85ec5de3d4b68e,6,13,6,100000.0
6804af99a628d87a352cd5e2,67654209bf85ec5de3d4b68e,6,13,6,100000.0
6804af99a628d87a352cd5e2,67654209bf85ec5de3d4b68e,6,13,5,100000.0
6804af99a628d87a352cd5e2,67654209bf85ec5de3d4b68e,6,13,6,100000.0
6804af99a628d87a352cd5e2,67654209bf85ec5de3d4b68e,6,13,7,100000.0
6804af99a628d87a352cd5e2,67654209bf85ec5de3d4b68e,6,13,6,100000.0
6804af99a628d87a352cd5e2,67654209bf85ec5de3d4b68e,6,13,5,100000.0
6804af99a628d87a352cd5e2,67654209bf85ec5de3d4b68e,6,13,5,100000.0
6804af99a628d87a352cd5e2,67654209bf85ec5de3d4b68e,6,13,4,100000.0
6804af99a628d87a352cd5e2,67654209bf85ec5de3d4b68e,6,13,5,100000.0
6804af99a628d87a352cd5e2,67654209bf85ec5de3d4b68e,6,13,4,100000.0
6804af99a628d87a352cd5e2,67654209bf85ec5de3d4b68e,6,13,5,100000.0
6804af99a628d87a352cd5e2,67654209bf85ec5de3d4b68e,6,14,11,100000.0
6804af99a628d87a352cd5e2,67654209bf85ec5de3d4b68e,6,14,11,100000.0
6804af99a628d87a352cd5e2,67654209bf85ec5de3d4b68e,6,14,11,100000.0
6804af99a628d87a352cd5e2,67654209bf85ec5de3d4b68e,6,14,12,100000.0
6804af99a628d87a352cd5e2,67654209bf85ec5de3d4b68e,6,14,12,100000.0
6804af99a628d87a352cd5e2,67654209bf85ec5de3d4b68e,6,14,12,100000.0
6804af99a628d87a352cd5e2,67654209bf85ec5de3d4b68e,6,14,10,100000.0
6804af99a628d87a352cd5e2,67654209bf85ec5de3d4b68e,6,14,11,100000.0
6804af99a628d87a352cd5e2,67654209bf85ec5de3d4b68e,6,14,11,100000.0
6804af99a628d87a352cd5e2,67654209bf85ec5de3d4b68e,6,14,10,100000.0
6804af99a628d87a352cd5e2,67654209bf85ec5de3d4b68e,6,14,10,100000.0
6804af99a628d87a352cd5e2,67654209bf85ec5de3d4b68e,6,14,10,100000.0
6804af99a628d87a352cd5e2,67654209bf85ec5de3d4b68e,6,14,2,100000.0
6804af99a628d87a352cd5e2,67654209bf85ec5de3d4b68e,6,14,2,100000.0
6804af99a628d87a352cd5e2,67654209bf85ec5de3d4b68e,6,14,2,100000.0
6804af99a628d87a352cd5e2,67654209bf85ec5de3d4b68e,6,14,3,100000.0
6804af99a628d87a352cd5e2,67654209bf85ec5de3d4b68e,6,14,3,100000.0
6804af99a628d87a352cd5e2,67654209bf85ec5de3d4b68e,6,14,2,100000.0
6804af99a628d87a352cd5e2,67654209bf85ec5de3d4b68e,6,14,1,100000.0
6804af99a628d87a352cd5e2,67654209bf85ec5de3d4b68e,6,14,1,100000.0
6804af99a628d87a352cd5e2,67654209bf85ec5de3d4b68e,6,14,1,100000.0
6804af99a628d87a352cd5e2,67654209bf85ec5de3d4b68e,6,14,1,100000.0
6804af99a628d87a352cd5e2,67654209bf85ec5de3d4b68e,6,14,1,100000.0
6804af99a628d87a352cd5e2,67654209bf85ec5de3d4b68e,6,14,12,100000.0
6804af99a628d87a352cd5e2,67654209bf85ec5de3d4b68e,6,14,8,100000.0
6804af99a628d87a352cd5e2,67654209bf85ec5de3d4b68e,6,14,8,100000.0
6804af99a628d87a352cd5e2,67654209bf85ec5de3d4b68e,6,14,8,100000.0
6804af99a628d87a352cd5e2,67654209bf85ec5de3d4b68e,6,14,7,100000.0
6804af99a628d87a352cd5e2,67654209bf85ec5de3d4b68e,6,14,7,100000.0
6804af99a628d87a352cd5e2,67654209bf85ec5de3d4b68e,6,14,7,100000.0
6804af99a628d87a352cd5e2,67654209bf85ec5de3d4b68e,6,14,9,100000.0
6804af99a628d87a352cd5e2,67654209bf85ec5de3d4b68e,6,14,9,100000.0
6804af99a628d87a352cd5e2,67654209bf85ec5de3d4b68e,6,14,9,100000.0
6804af99a628d87a352cd5e2,67654209bf85ec5de3d4b68e,6,14,8,100000.0
6804af99a628d87a352cd5e2,67654209bf85ec5de3d4b68e,6,14,9,100000.0
6804af99a628d87a352cd5e2,67654209bf85ec5de3d4b68e,6,14,8,100000.0
6804af99a628d87a352cd5e2,67654209bf85ec5de3d4b68e,6,14,6,100000.0
6804af99a628d87a352cd5e2,67654209bf85ec5de3d4b68e,6,14,6,100000.0
6804af99a628d87a352cd5e2,67654209bf85ec5de3d4b68e,6,14,5,100000.0
6804af99a628d87a352cd5e2,67654209bf85ec5de3d4b68e,6,14,6,100000.0
6804af99a628d87a352cd5e2,67654209bf85ec5de3d4b68e,6,14,7,100000.0
6804af99a628d87a352cd5e2,67654209bf85ec5de3d4b68e,6,14,6,100000.0
6804af99a628d87a352cd5e2,67654209bf85ec5de3d4b68e,6,14,5,100000.0
6804af99a628d87a352cd5e2,67654209bf85ec5de3d4b68e,6,14,5,100000.0
6804af99a628d87a352cd5e2,67654209bf85ec5de3d4b68e,6,14,5,100000.0
6804af99a628d87a352cd5e2,67654209bf85ec5de3d4b68e,6,14,4,100000.0
6804af99a628d87a352cd5e2,67654209bf85ec5de3d4b68e,6,14,5,100000.0
6804af99a628d87a352cd5e2,67654209bf85ec5de3d4b68e,6,14,4,100000.0
6804af99a628d87a352cd5e2,67654209bf85ec5de3d4b68e,7,5,11,100000.0
6804af99a628d87a352cd5e2,67654209bf85ec5de3d4b68e,7,5,11,100000.0
6804af99a628d87a352cd5e2,67654209bf85ec5de3d4b68e,7,5,11,100000.0
6804af99a628d87a352cd5e2,67654209bf85ec5de3d4b68e,7,5,12,100000.0
6804af99a628d87a352cd5e2,67654209bf85ec5de3d4b68e,7,5,12,100000.0
6804af99a628d87a352cd5e2,67654209bf85ec5de3d4b68e,7,5,12,100000.0
6804af99a628d87a352cd5e2,67654209bf85ec5de3d4b68e,7,5,10,100000.0
6804af99a628d87a352cd5e2,67654209bf85ec5de3d4b68e,7,5,11,100000.0
6804af99a628d87a352cd5e2,67654209bf85ec5de3d4b68e,7,5,11,100000.0
6804af99a628d87a352cd5e2,67654209bf85ec5de3d4b68e,7,5,10,100000.0
6804af99a628d87a352cd5e2,67654209bf85ec5de3d4b68e,7,5,10,100000.0
6804af99a628d87a352cd5e2,67654209bf85ec5de3d4b68e,7,5,10,100000.0
6804af99a628d87a352cd5e2,67654209bf85ec5de3d4b68e,7,5,8,100000.0
6804af99a628d87a352cd5e2,67654209bf85ec5de3d4b68e,7,5,2,100000.0
6804af99a628d87a352cd5e2,67654209bf85ec5de3d4b68e,7,5,2,100000.0
6804af99a628d87a352cd5e2,67654209bf85ec5de3d4b68e,7,5,8,100000.0
6804af99a628d87a352cd5e2,67654209bf85ec5de3d4b68e,7,5,8,100000.0
6804af99a628d87a352cd5e2,67654209bf85ec5de3d4b68e,7,5,7,100000.0
6804af99a628d87a352cd5e2,67654209bf85ec5de3d4b68e,7,5,7,100000.0
6804af99a628d87a352cd5e2,67654209bf85ec5de3d4b68e,7,5,7,100000.0
6804af99a628d87a352cd5e2,67654209bf85ec5de3d4b68e,7,5,2,100000.0
6804af99a628d87a352cd5e2,67654209bf85ec5de3d4b68e,7,5,9,100000.0
6804af99a628d87a352cd5e2,67654209bf85ec5de3d4b68e,7,5,3,100000.0
6804af99a628d87a352cd5e2,67654209bf85ec5de3d4b68e,7,5,9,100000.0
6804af99a628d87a352cd5e2,67654209bf85ec5de3d4b68e,7,5,3,100000.0
6804af99a628d87a352cd5e2,67654209bf85ec5de3d4b68e,7,5,9,100000.0
6804af99a628d87a352cd5e2,67654209bf85ec5de3d4b68e,7,5,3,100000.0
6804af99a628d87a352cd5e2,67654209bf85ec5de3d4b68e,7,5,8,100000.0
6804af99a628d87a352cd5e2,67654209bf85ec5de3d4b68e,7,5,5,100000.0
6804af99a628d87a352cd5e2,67654209bf85ec5de3d4b68e,7,5,4,100000.0
6804af99a628d87a352cd5e2,67654209bf85ec5de3d4b68e,7,5,5,100000.0
6804af99a628d87a352cd5e2,67654209bf85ec5de3d4b68e,7,5,5,100000.0
6804af99a628d87a352cd5e2,67654209bf85ec5de3d4b68e,7,5,5,100000.0
6804af99a628d87a352cd5e2,67654209bf85ec5de3d4b68e,7,5,1,100000.0
6804af99a628d87a352cd5e2,67654209bf85ec5de3d4b68e,7,5,6,100000.0
6804af99a628d87a352cd5e2,67654209bf85ec5de3d4b68e,7,5,4,100000.0
6804af99a628d87a352cd5e2,67654209bf85ec5de3d4b68e,7,5,6,100000.0
6804af99a628d87a352cd5e2,67654209bf85ec5de3d4b68e,7,5,2,100000.0
6804af99a628d87a352cd5e2,67654209bf85ec5de3d4b68e,7,5,6,100000.0
6804af99a628d87a352cd5e2,67654209bf85ec5de3d4b68e,7,5,7,100000.0
6804af99a628d87a352cd5e2,67654209bf85ec5de3d4b68e,7,5,6,100000.0
6804af99a628d87a352cd5e2,67654209bf85ec5de3d4b68e,7,5,6,100000.0
6804af99a628d87a352cd5e2,67654209bf85ec5de3d4b68e,7,5,1,100000.0
6804af99a628d87a352cd5e2,67654209bf85ec5de3d4b68e,7,5,1,100000.0
6804af99a628d87a352cd5e2,67654209bf85ec5de3d4b68e,7,5,12,100000.0
6804af99a628d87a352cd5e2,67654209bf85ec5de3d4b68e,7,5,1,100000.0
6804af99a628d87a352cd5e2,67654209bf85ec5de3d4b68e,7,5,8,100000.0
6804af99a628d87a352cd5e2,67654209bf85ec5de3d4b68e,7,5,9,100000.0
6804af99a628d87a352cd5e2,67654209bf85ec5de3d4b68e,7,6,11,100000.0
6804af99a628d87a352cd5e2,67654209bf85ec5de3d4b68e,7,6,12,100000.0
6804af99a628d87a352cd5e2,67654209bf85ec5de3d4b68e,7,6,11,100000.0
6804af99a628d87a352cd5e2,67654209bf85ec5de3d4b68e,7,6,12,100000.0
6804af99a628d87a352cd5e2,67654209bf85ec5de3d4b68e,7,6,12,100000.0
6804af99a628d87a352cd5e2,67654209bf85ec5de3d4b68e,7,6,12,100000.0
6804af99a628d87a352cd5e2,67654209bf85ec5de3d4b68e,7,6,11,100000.0
6804af99a628d87a352cd5e2,67654209bf85ec5de3d4b68e,7,6,11,100000.0
6804af99a628d87a352cd5e2,67654209bf85ec5de3d4b68e,7,6,11,100000.0
6804af99a628d87a352cd5e2,67654209bf85ec5de3d4b68e,7,6,10,100000.0
6804af99a628d87a352cd5e2,67654209bf85ec5de3d4b68e,7,6,10,100000.0
6804af99a628d87a352cd5e2,67654209bf85ec5de3d4b68e,7,6,10,100000.0
6804af99a628d87a352cd5e2,67654209bf85ec5de3d4b68e,7,6,2,100000.0
6804af99a628d87a352cd5e2,67654209bf85ec5de3d4b68e,7,6,3,100000.0
6804af99a628d87a352cd5e2,67654209bf85ec5de3d4b68e,7,6,2,100000.0
6804af99a628d87a352cd5e2,67654209bf85ec5de3d4b68e,7,6,3,100000.0
6804af99a628d87a352cd5e2,67654209bf85ec5de3d4b68e,7,6,3,100000.0
6804af99a628d87a352cd5e2,67654209bf85ec5de3d4b68e,7,6,3,100000.0
6804af99a628d87a352cd5e2,67654209bf85ec5de3d4b68e,7,6,1,100000.0
6804af99a628d87a352cd5e2,67654209bf85ec5de3d4b68e,7,6,2,100000.0
6804af99a628d87a352cd5e2,67654209bf85ec5de3d4b68e,7,6,2,100000.0
6804af99a628d87a352cd5e2,67654209bf85ec5de3d4b68e,7,6,1,100000.0
6804af99a628d87a352cd5e2,67654209bf85ec5de3d4b68e,7,6,1,100000.0
6804af99a628d87a352cd5e2,67654209bf85ec5de3d4b68e,7,6,1,100000.0
6804af99a628d87a352cd5e2,67654209bf85ec5de3d4b68e,7,6,8,100000.0
6804af99a628d87a352cd5e2,67654209bf85ec5de3d4b68e,7,6,8,100000.0
6804af99a628d87a352cd5e2,67654209bf85ec5de3d4b68e,7,6,8,100000.0
6804af99a628d87a352cd5e2,67654209bf85ec5de3d4b68e,7,6,7,100000.0
6804af99a628d87a352cd5e2,67654209bf85ec5de3d4b68e,7,6,8,100000.0
6804af99a628d87a352cd5e2,67654209bf85ec5de3d4b68e,7,6,7,100000.0
6804af99a628d87a352cd5e2,67654209bf85ec5de3d4b68e,7,6,9,100000.0
6804af99a628d87a352cd5e2,67654209bf85ec5de3d4b68e,7,6,10,100000.0
6804af99a628d87a352cd5e2,67654209bf85ec5de3d4b68e,7,6,9,100000.0
6804af99a628d87a352cd5e2,67654209bf85ec5de3d4b68e,7,6,9,100000.0
6804af99a628d87a352cd5e2,67654209bf85ec5de3d4b68e,7,6,9,100000.0
6804af99a628d87a352cd5e2,67654209bf85ec5de3d4b68e,7,6,8,100000.0
6804af99a628d87a352cd5e2,67654209bf85ec5de3d4b68e,7,6,6,100000.0
6804af99a628d87a352cd5e2,67654209bf85ec5de3d4b68e,7,6,6,100000.0
6804af99a628d87a352cd5e2,67654209bf85ec5de3d4b68e,7,6,6,100000.0
6804af99a628d87a352cd5e2,67654209bf85ec5de3d4b68e,7,6,7,100000.0
6804af99a628d87a352cd5e2,67654209bf85ec5de3d4b68e,7,6,7,100000.0
6804af99a628d87a352cd5e2,67654209bf85ec5de3d4b68e,7,6,6,100000.0
6804af99a628d87a352cd5e2,67654209bf85ec5de3d4b68e,7,6,5,100000.0
6804af99a628d87a352cd5e2,67654209bf85ec5de3d4b68e,7,6,5,100000.0
6804af99a628d87a352cd5e2,67654209bf85ec5de3d4b68e,7,6,4,100000.0
6804af99a628d87a352cd5e2,67654209bf85ec5de3d4b68e,7,6,6,100000.0
6804af99a628d87a352cd5e2,67654209bf85ec5de3d4b68e,7,6,5,100000.0
6804af99a628d87a352cd5e2,67654209bf85ec5de3d4b68e,7,6,5,100000.0
6804ac8da628d87a352cd5d7,676541a9bf85ec5de3d4b68b,7,19,11,240000.0
6804ac8da628d87a352cd5d7,676541a9bf85ec5de3d4b68b,7,19,12,240000.0
6804ac8da628d87a352cd5d7,676541a9bf85ec5de3d4b68b,7,19,11,240000.0
6804ac8da628d87a352cd5d7,676541a9bf85ec5de3d4b68b,7,19,12,240000.0
6804ac8da628d87a352cd5d7,676541a9bf85ec5de3d4b68b,7,19,12,240000.0
6804ac8da628d87a352cd5d7,676541a9bf85ec5de3d4b68b,7,19,12,240000.0
6804ac8da628d87a352cd5d7,676541a9bf85ec5de3d4b68b,7,19,11,240000.0
6804ac8da628d87a352cd5d7,676541a9bf85ec5de3d4b68b,7,19,11,240000.0
6804ac8da628d87a352cd5d7,676541a9bf85ec5de3d4b68b,7,19,11,240000.0
6804ac8da628d87a352cd5d7,676541a9bf85ec5de3d4b68b,7,19,10,240000.0
6804ac8da628d87a352cd5d7,676541a9bf85ec5de3d4b68b,7,19,10,240000.0
6804ac8da628d87a352cd5d7,676541a9bf85ec5de3d4b68b,7,19,10,240000.0
6804ac8da628d87a352cd5d7,676541a9bf85ec5de3d4b68b,7,19,2,240000.0
6804ac8da628d87a352cd5d7,676541a9bf85ec5de3d4b68b,7,19,3,240000.0
6804ac8da628d87a352cd5d7,676541a9bf85ec5de3d4b68b,7,19,2,240000.0
6804ac8da628d87a352cd5d7,676541a9bf85ec5de3d4b68b,7,19,3,240000.0
6804ac8da628d87a352cd5d7,676541a9bf85ec5de3d4b68b,7,19,3,240000.0
6804ac8da628d87a352cd5d7,676541a9bf85ec5de3d4b68b,7,19,3,240000.0
6804ac8da628d87a352cd5d7,676541a9bf85ec5de3d4b68b,7,19,1,240000.0
6804ac8da628d87a352cd5d7,676541a9bf85ec5de3d4b68b,7,19,2,240000.0
6804ac8da628d87a352cd5d7,676541a9bf85ec5de3d4b68b,7,19,2,240000.0
6804ac8da628d87a352cd5d7,676541a9bf85ec5de3d4b68b,7,19,1,240000.0
6804ac8da628d87a352cd5d7,676541a9bf85ec5de3d4b68b,7,19,1,240000.0
6804ac8da628d87a352cd5d7,676541a9bf85ec5de3d4b68b,7,19,1,240000.0
6804ac8da628d87a352cd5d7,676541a9bf85ec5de3d4b68b,7,19,8,240000.0
6804ac8da628d87a352cd5d7,676541a9bf85ec5de3d4b68b,7,19,8,240000.0
6804ac8da628d87a352cd5d7,676541a9bf85ec5de3d4b68b,7,19,8,240000.0
6804ac8da628d87a352cd5d7,676541a9bf85ec5de3d4b68b,7,19,7,240000.0
6804ac8da628d87a352cd5d7,676541a9bf85ec5de3d4b68b,7,19,8,240000.0
6804ac8da628d87a352cd5d7,676541a9bf85ec5de3d4b68b,7,19,7,240000.0
6804ac8da628d87a352cd5d7,676541a9bf85ec5de3d4b68b,7,19,9,240000.0
6804ac8da628d87a352cd5d7,676541a9bf85ec5de3d4b68b,7,19,10,240000.0
6804ac8da628d87a352cd5d7,676541a9bf85ec5de3d4b68b,7,19,9,240000.0
6804ac8da628d87a352cd5d7,676541a9bf85ec5de3d4b68b,7,19,9,240000.0
6804ac8da628d87a352cd5d7,676541a9bf85ec5de3d4b68b,7,19,6,240000.0
6804ac8da628d87a352cd5d7,676541a9bf85ec5de3d4b68b,7,19,8,240000.0
6804ac8da628d87a352cd5d7,676541a9bf85ec5de3d4b68b,7,19,6,240000.0
6804ac8da628d87a352cd5d7,676541a9bf85ec5de3d4b68b,7,19,9,240000.0
6804ac8da628d87a352cd5d7,676541a9bf85ec5de3d4b68b,7,19,6,240000.0
6804ac8da628d87a352cd5d7,676541a9bf85ec5de3d4b68b,7,19,7,240000.0
6804ac8da628d87a352cd5d7,676541a9bf85ec5de3d4b68b,7,19,6,240000.0
6804ac8da628d87a352cd5d7,676541a9bf85ec5de3d4b68b,7,19,5,240000.0
6804ac8da628d87a352cd5d7,676541a9bf85ec5de3d4b68b,7,19,7,240000.0
6804ac8da628d87a352cd5d7,676541a9bf85ec5de3d4b68b,7,19,5,240000.0
6804ac8da628d87a352cd5d7,676541a9bf85ec5de3d4b68b,7,19,5,240000.0
6804ac8da628d87a352cd5d7,676541a9bf85ec5de3d4b68b,7,19,6,240000.0
6804ac8da628d87a352cd5d7,676541a9bf85ec5de3d4b68b,7,19,5,240000.0
6804ac8da628d87a352cd5d7,676541a9bf85ec5de3d4b68b,7,19,4,240000.0
6804ac8da628d87a352cd5d7,676541a9bf85ec5de3d4b68b,7,20,11,240000.0
6804ac8da628d87a352cd5d7,676541a9bf85ec5de3d4b68b,7,20,12,240000.0
6804ac8da628d87a352cd5d7,676541a9bf85ec5de3d4b68b,7,20,11,240000.0
6804ac8da628d87a352cd5d7,676541a9bf85ec5de3d4b68b,7,20,12,240000.0
6804ac8da628d87a352cd5d7,676541a9bf85ec5de3d4b68b,7,20,12,240000.0
6804ac8da628d87a352cd5d7,676541a9bf85ec5de3d4b68b,7,20,12,240000.0
6804ac8da628d87a352cd5d7,676541a9bf85ec5de3d4b68b,7,20,11,240000.0
6804ac8da628d87a352cd5d7,676541a9bf85ec5de3d4b68b,7,20,11,240000.0
6804ac8da628d87a352cd5d7,676541a9bf85ec5de3d4b68b,7,20,11,240000.0
6804ac8da628d87a352cd5d7,676541a9bf85ec5de3d4b68b,7,20,10,240000.0
6804ac8da628d87a352cd5d7,676541a9bf85ec5de3d4b68b,7,20,10,240000.0
6804ac8da628d87a352cd5d7,676541a9bf85ec5de3d4b68b,7,20,10,240000.0
6804ac8da628d87a352cd5d7,676541a9bf85ec5de3d4b68b,7,20,2,240000.0
6804ac8da628d87a352cd5d7,676541a9bf85ec5de3d4b68b,7,20,8,240000.0
6804ac8da628d87a352cd5d7,676541a9bf85ec5de3d4b68b,7,20,3,240000.0
6804ac8da628d87a352cd5d7,676541a9bf85ec5de3d4b68b,7,20,8,240000.0
6804ac8da628d87a352cd5d7,676541a9bf85ec5de3d4b68b,7,20,2,240000.0
6804ac8da628d87a352cd5d7,676541a9bf85ec5de3d4b68b,7,20,8,240000.0
6804ac8da628d87a352cd5d7,676541a9bf85ec5de3d4b68b,7,20,7,240000.0
6804ac8da628d87a352cd5d7,676541a9bf85ec5de3d4b68b,7,20,8,240000.0
6804ac8da628d87a352cd5d7,676541a9bf85ec5de3d4b68b,7,20,3,240000.0
6804ac8da628d87a352cd5d7,676541a9bf85ec5de3d4b68b,7,20,7,240000.0
6804ac8da628d87a352cd5d7,676541a9bf85ec5de3d4b68b,7,20,9,240000.0
6804ac8da628d87a352cd5d7,676541a9bf85ec5de3d4b68b,7,20,1,240000.0
6804ac8da628d87a352cd5d7,676541a9bf85ec5de3d4b68b,7,20,3,240000.0
6804ac8da628d87a352cd5d7,676541a9bf85ec5de3d4b68b,7,20,10,240000.0
6804ac8da628d87a352cd5d7,676541a9bf85ec5de3d4b68b,7,20,3,240000.0
6804ac8da628d87a352cd5d7,676541a9bf85ec5de3d4b68b,7,20,9,240000.0
6804ac8da628d87a352cd5d7,676541a9bf85ec5de3d4b68b,7,20,9,240000.0
6804ac8da628d87a352cd5d7,676541a9bf85ec5de3d4b68b,7,20,2,240000.0
6804ac8da628d87a352cd5d7,676541a9bf85ec5de3d4b68b,7,20,1,240000.0
6804ac8da628d87a352cd5d7,676541a9bf85ec5de3d4b68b,7,20,9,240000.0
6804ac8da628d87a352cd5d7,676541a9bf85ec5de3d4b68b,7,20,2,240000.0
6804ac8da628d87a352cd5d7,676541a9bf85ec5de3d4b68b,7,20,8,240000.0
6804ac8da628d87a352cd5d7,676541a9bf85ec5de3d4b68b,7,20,1,240000.0
6804ac8da628d87a352cd5d7,676541a9bf85ec5de3d4b68b,7,20,5,240000.0
6804ac8da628d87a352cd5d7,676541a9bf85ec5de3d4b68b,7,20,1,240000.0
6804ac8da628d87a352cd5d7,676541a9bf85ec5de3d4b68b,7,20,6,240000.0
6804ac8da628d87a352cd5d7,676541a9bf85ec5de3d4b68b,7,20,6,240000.0
6804ac8da628d87a352cd5d7,676541a9bf85ec5de3d4b68b,7,20,6,240000.0
6804ac8da628d87a352cd5d7,676541a9bf85ec5de3d4b68b,7,20,5,240000.0
6804ac8da628d87a352cd5d7,676541a9bf85ec5de3d4b68b,7,20,6,240000.0
6804ac8da628d87a352cd5d7,676541a9bf85ec5de3d4b68b,7,20,4,240000.0
6804ac8da628d87a352cd5d7,676541a9bf85ec5de3d4b68b,7,20,7,240000.0
6804ac8da628d87a352cd5d7,676541a9bf85ec5de3d4b68b,7,20,5,240000.0
6804ac8da628d87a352cd5d7,676541a9bf85ec5de3d4b68b,7,20,5,240000.0
6804ac8da628d87a352cd5d7,676541a9bf85ec5de3d4b68b,7,20,7,240000.0
6804ac8da628d87a352cd5d7,676541a9bf85ec5de3d4b68b,7,20,6,240000.0
6804ac8da628d87a352cd5d7,676541a9bf85ec5de3d4b68b,7,6,11,240000.0
6804ac8da628d87a352cd5d7,676541a9bf85ec5de3d4b68b,7,6,12,240000.0
6804ac8da628d87a352cd5d7,676541a9bf85ec5de3d4b68b,7,6,11,240000.0
6804ac8da628d87a352cd5d7,676541a9bf85ec5de3d4b68b,7,6,12,240000.0
6804ac8da628d87a352cd5d7,676541a9bf85ec5de3d4b68b,7,6,12,240000.0
6804ac8da628d87a352cd5d7,676541a9bf85ec5de3d4b68b,7,6,12,240000.0
6804ac8da628d87a352cd5d7,676541a9bf85ec5de3d4b68b,7,6,11,240000.0
6804ac8da628d87a352cd5d7,676541a9bf85ec5de3d4b68b,7,6,11,240000.0
6804ac8da628d87a352cd5d7,676541a9bf85ec5de3d4b68b,7,6,11,240000.0
6804ac8da628d87a352cd5d7,676541a9bf85ec5de3d4b68b,7,6,10,240000.0
6804ac8da628d87a352cd5d7,676541a9bf85ec5de3d4b68b,7,6,10,240000.0
6804ac8da628d87a352cd5d7,676541a9bf85ec5de3d4b68b,7,6,10,240000.0
6804ac8da628d87a352cd5d7,676541a9bf85ec5de3d4b68b,7,6,2,240000.0
6804ac8da628d87a352cd5d7,676541a9bf85ec5de3d4b68b,7,6,3,240000.0
6804ac8da628d87a352cd5d7,676541a9bf85ec5de3d4b68b,7,6,2,240000.0
6804ac8da628d87a352cd5d7,676541a9bf85ec5de3d4b68b,7,6,3,240000.0
6804ac8da628d87a352cd5d7,676541a9bf85ec5de3d4b68b,7,6,3,240000.0
6804ac8da628d87a352cd5d7,676541a9bf85ec5de3d4b68b,7,6,3,240000.0
6804ac8da628d87a352cd5d7,676541a9bf85ec5de3d4b68b,7,6,1,240000.0
6804ac8da628d87a352cd5d7,676541a9bf85ec5de3d4b68b,7,6,2,240000.0
6804ac8da628d87a352cd5d7,676541a9bf85ec5de3d4b68b,7,6,2,240000.0
6804ac8da628d87a352cd5d7,676541a9bf85ec5de3d4b68b,7,6,1,240000.0
6804ac8da628d87a352cd5d7,676541a9bf85ec5de3d4b68b,7,6,1,240000.0
6804ac8da628d87a352cd5d7,676541a9bf85ec5de3d4b68b,7,6,1,240000.0
6804ac8da628d87a352cd5d7,676541a9bf85ec5de3d4b68b,7,6,8,240000.0
6804ac8da628d87a352cd5d7,676541a9bf85ec5de3d4b68b,7,6,8,240000.0
6804ac8da628d87a352cd5d7,676541a9bf85ec5de3d4b68b,7,6,8,240000.0
6804ac8da628d87a352cd5d7,676541a9bf85ec5de3d4b68b,7,6,7,240000.0
6804ac8da628d87a352cd5d7,676541a9bf85ec5de3d4b68b,7,6,8,240000.0
6804ac8da628d87a352cd5d7,676541a9bf85ec5de3d4b68b,7,6,7,240000.0
6804ac8da628d87a352cd5d7,676541a9bf85ec5de3d4b68b,7,6,9,240000.0
6804ac8da628d87a352cd5d7,676541a9bf85ec5de3d4b68b,7,6,10,240000.0
6804ac8da628d87a352cd5d7,676541a9bf85ec5de3d4b68b,7,6,9,240000.0
6804ac8da628d87a352cd5d7,676541a9bf85ec5de3d4b68b,7,6,9,240000.0
6804ac8da628d87a352cd5d7,676541a9bf85ec5de3d4b68b,7,6,9,240000.0
6804ac8da628d87a352cd5d7,676541a9bf85ec5de3d4b68b,7,6,8,240000.0
6804ac8da628d87a352cd5d7,676541a9bf85ec5de3d4b68b,7,6,6,240000.0
6804ac8da628d87a352cd5d7,676541a9bf85ec5de3d4b68b,7,6,6,240000.0
6804ac8da628d87a352cd5d7,676541a9bf85ec5de3d4b68b,7,6,6,240000.0
6804ac8da628d87a352cd5d7,676541a9bf85ec5de3d4b68b,7,6,7,240000.0
6804ac8da628d87a352cd5d7,676541a9bf85ec5de3d4b68b,7,6,7,240000.0
6804ac8da628d87a352cd5d7,676541a9bf85ec5de3d4b68b,7,6,6,240000.0
6804ac8da628d87a352cd5d7,676541a9bf85ec5de3d4b68b,7,6,5,240000.0
6804ac8da628d87a352cd5d7,676541a9bf85ec5de3d4b68b,7,6,6,240000.0
6804ac8da628d87a352cd5d7,676541a9bf85ec5de3d4b68b,7,6,5,240000.0
6804ac8da628d87a352cd5d7,676541a9bf85ec5de3d4b68b,7,6,5,240000.0
6804ac8da628d87a352cd5d7,676541a9bf85ec5de3d4b68b,7,6,5,240000.0
6804ac8da628d87a352cd5d7,676541a9bf85ec5de3d4b68b,7,6,4,240000.0
6804ac8da628d87a352cd5d7,676541a9bf85ec5de3d4b68b,6,18,11,240000.0
6804ac8da628d87a352cd5d7,676541a9bf85ec5de3d4b68b,6,18,12,240000.0
6804ac8da628d87a352cd5d7,676541a9bf85ec5de3d4b68b,6,18,11,240000.0
6804ac8da628d87a352cd5d7,676541a9bf85ec5de3d4b68b,6,18,12,240000.0
6804ac8da628d87a352cd5d7,676541a9bf85ec5de3d4b68b,6,18,12,240000.0
6804ac8da628d87a352cd5d7,676541a9bf85ec5de3d4b68b,6,18,12,240000.0
6804ac8da628d87a352cd5d7,676541a9bf85ec5de3d4b68b,6,18,11,240000.0
6804ac8da628d87a352cd5d7,676541a9bf85ec5de3d4b68b,6,18,11,240000.0
6804ac8da628d87a352cd5d7,676541a9bf85ec5de3d4b68b,6,18,11,240000.0
6804ac8da628d87a352cd5d7,676541a9bf85ec5de3d4b68b,6,18,10,240000.0
6804ac8da628d87a352cd5d7,676541a9bf85ec5de3d4b68b,6,18,10,240000.0
6804ac8da628d87a352cd5d7,676541a9bf85ec5de3d4b68b,6,18,10,240000.0
6804ac8da628d87a352cd5d7,676541a9bf85ec5de3d4b68b,6,18,2,240000.0
6804ac8da628d87a352cd5d7,676541a9bf85ec5de3d4b68b,6,18,2,240000.0
6804ac8da628d87a352cd5d7,676541a9bf85ec5de3d4b68b,6,18,2,240000.0
6804ac8da628d87a352cd5d7,676541a9bf85ec5de3d4b68b,6,18,3,240000.0
6804ac8da628d87a352cd5d7,676541a9bf85ec5de3d4b68b,6,18,3,240000.0
6804ac8da628d87a352cd5d7,676541a9bf85ec5de3d4b68b,6,18,3,240000.0
6804ac8da628d87a352cd5d7,676541a9bf85ec5de3d4b68b,6,18,1,240000.0
6804ac8da628d87a352cd5d7,676541a9bf85ec5de3d4b68b,6,18,2,240000.0
6804ac8da628d87a352cd5d7,676541a9bf85ec5de3d4b68b,6,18,1,240000.0
6804ac8da628d87a352cd5d7,676541a9bf85ec5de3d4b68b,6,18,1,240000.0
6804ac8da628d87a352cd5d7,676541a9bf85ec5de3d4b68b,6,18,1,240000.0
6804ac8da628d87a352cd5d7,676541a9bf85ec5de3d4b68b,6,18,1,240000.0
6804ac8da628d87a352cd5d7,676541a9bf85ec5de3d4b68b,6,18,8,240000.0
6804ac8da628d87a352cd5d7,676541a9bf85ec5de3d4b68b,6,18,8,240000.0
6804ac8da628d87a352cd5d7,676541a9bf85ec5de3d4b68b,6,18,8,240000.0
6804ac8da628d87a352cd5d7,676541a9bf85ec5de3d4b68b,6,18,7,240000.0
6804ac8da628d87a352cd5d7,676541a9bf85ec5de3d4b68b,6,18,8,240000.0
6804ac8da628d87a352cd5d7,676541a9bf85ec5de3d4b68b,6,18,7,240000.0
6804ac8da628d87a352cd5d7,676541a9bf85ec5de3d4b68b,6,18,9,240000.0
6804ac8da628d87a352cd5d7,676541a9bf85ec5de3d4b68b,6,18,10,240000.0
6804ac8da628d87a352cd5d7,676541a9bf85ec5de3d4b68b,6,18,9,240000.0
6804ac8da628d87a352cd5d7,676541a9bf85ec5de3d4b68b,6,18,9,240000.0
6804ac8da628d87a352cd5d7,676541a9bf85ec5de3d4b68b,6,18,9,240000.0
6804ac8da628d87a352cd5d7,676541a9bf85ec5de3d4b68b,6,18,8,240000.0
6804ac8da628d87a352cd5d7,676541a9bf85ec5de3d4b68b,6,18,6,240000.0
6804ac8da628d87a352cd5d7,676541a9bf85ec5de3d4b68b,6,18,6,240000.0
6804ac8da628d87a352cd5d7,676541a9bf85ec5de3d4b68b,6,18,6,240000.0
6804ac8da628d87a352cd5d7,676541a9bf85ec5de3d4b68b,6,18,7,240000.0
6804ac8da628d87a352cd5d7,676541a9bf85ec5de3d4b68b,6,18,7,240000.0
6804ac8da628d87a352cd5d7,676541a9bf85ec5de3d4b68b,6,18,6,240000.0
6804ac8da628d87a352cd5d7,676541a9bf85ec5de3d4b68b,6,18,5,240000.0
6804ac8da628d87a352cd5d7,676541a9bf85ec5de3d4b68b,6,18,5,240000.0
6804ac8da628d87a352cd5d7,676541a9bf85ec5de3d4b68b,6,18,5,240000.0
6804ac8da628d87a352cd5d7,676541a9bf85ec5de3d4b68b,6,18,4,240000.0
6804ac8da628d87a352cd5d7,676541a9bf85ec5de3d4b68b,6,18,5,240000.0
6804ac8da628d87a352cd5d7,676541a9bf85ec5de3d4b68b,6,18,5,240000.0
6804ac8da628d87a352cd5d7,676541a9bf85ec5de3d4b68b,2,19,11,200000.0
6804ac8da628d87a352cd5d7,676541a9bf85ec5de3d4b68b,2,19,12,200000.0
6804ac8da628d87a352cd5d7,676541a9bf85ec5de3d4b68b,2,19,11,200000.0
6804ac8da628d87a352cd5d7,676541a9bf85ec5de3d4b68b,2,19,12,200000.0
6804ac8da628d87a352cd5d7,676541a9bf85ec5de3d4b68b,2,19,12,200000.0
6804ac8da628d87a352cd5d7,676541a9bf85ec5de3d4b68b,2,19,12,200000.0
6804ac8da628d87a352cd5d7,676541a9bf85ec5de3d4b68b,2,19,10,200000.0
6804ac8da628d87a352cd5d7,676541a9bf85ec5de3d4b68b,2,19,11,200000.0
6804ac8da628d87a352cd5d7,676541a9bf85ec5de3d4b68b,2,19,11,200000.0
6804ac8da628d87a352cd5d7,676541a9bf85ec5de3d4b68b,2,19,10,200000.0
6804ac8da628d87a352cd5d7,676541a9bf85ec5de3d4b68b,2,19,10,200000.0
6804ac8da628d87a352cd5d7,676541a9bf85ec5de3d4b68b,2,19,10,200000.0
6804ac8da628d87a352cd5d7,676541a9bf85ec5de3d4b68b,2,19,2,200000.0
6804ac8da628d87a352cd5d7,676541a9bf85ec5de3d4b68b,2,19,2,200000.0
6804ac8da628d87a352cd5d7,676541a9bf85ec5de3d4b68b,2,19,2,200000.0
6804ac8da628d87a352cd5d7,676541a9bf85ec5de3d4b68b,2,19,3,200000.0
6804ac8da628d87a352cd5d7,676541a9bf85ec5de3d4b68b,2,19,3,200000.0
6804ac8da628d87a352cd5d7,676541a9bf85ec5de3d4b68b,2,19,3,200000.0
6804ac8da628d87a352cd5d7,676541a9bf85ec5de3d4b68b,2,19,8,200000.0
6804ac8da628d87a352cd5d7,676541a9bf85ec5de3d4b68b,2,19,8,200000.0
6804ac8da628d87a352cd5d7,676541a9bf85ec5de3d4b68b,2,19,8,200000.0
6804ac8da628d87a352cd5d7,676541a9bf85ec5de3d4b68b,2,19,1,200000.0
6804ac8da628d87a352cd5d7,676541a9bf85ec5de3d4b68b,2,19,7,200000.0
6804ac8da628d87a352cd5d7,676541a9bf85ec5de3d4b68b,2,19,7,200000.0
6804ac8da628d87a352cd5d7,676541a9bf85ec5de3d4b68b,2,19,7,200000.0
6804ac8da628d87a352cd5d7,676541a9bf85ec5de3d4b68b,2,19,2,200000.0
6804ac8da628d87a352cd5d7,676541a9bf85ec5de3d4b68b,2,19,6,200000.0
6804ac8da628d87a352cd5d7,676541a9bf85ec5de3d4b68b,2,19,1,200000.0
6804ac8da628d87a352cd5d7,676541a9bf85ec5de3d4b68b,2,19,1,200000.0
6804ac8da628d87a352cd5d7,676541a9bf85ec5de3d4b68b,2,19,6,200000.0
6804ac8da628d87a352cd5d7,676541a9bf85ec5de3d4b68b,2,19,1,200000.0
6804ac8da628d87a352cd5d7,676541a9bf85ec5de3d4b68b,2,19,5,200000.0
6804ac8da628d87a352cd5d7,676541a9bf85ec5de3d4b68b,2,19,6,200000.0
6804ac8da628d87a352cd5d7,676541a9bf85ec5de3d4b68b,2,19,5,200000.0
6804ac8da628d87a352cd5d7,676541a9bf85ec5de3d4b68b,2,19,7,200000.0
6804ac8da628d87a352cd5d7,676541a9bf85ec5de3d4b68b,2,19,5,200000.0
6804ac8da628d87a352cd5d7,676541a9bf85ec5de3d4b68b,2,19,7,200000.0
6804ac8da628d87a352cd5d7,676541a9bf85ec5de3d4b68b,2,19,4,200000.0
6804ac8da628d87a352cd5d7,676541a9bf85ec5de3d4b68b,2,19,5,200000.0
6804ac8da628d87a352cd5d7,676541a9bf85ec5de3d4b68b,2,19,9,200000.0
6804ac8da628d87a352cd5d7,676541a9bf85ec5de3d4b68b,2,19,4,200000.0
6804ac8da628d87a352cd5d7,676541a9bf85ec5de3d4b68b,2,19,9,200000.0
6804ac8da628d87a352cd5d7,676541a9bf85ec5de3d4b68b,2,19,6,200000.0
6804ac8da628d87a352cd5d7,676541a9bf85ec5de3d4b68b,2,19,9,200000.0
6804ac8da628d87a352cd5d7,676541a9bf85ec5de3d4b68b,2,19,9,200000.0
6804ac8da628d87a352cd5d7,676541a9bf85ec5de3d4b68b,2,19,8,200000.0
6804ac8da628d87a352cd5d7,676541a9bf85ec5de3d4b68b,2,19,9,200000.0
6804ac8da628d87a352cd5d7,676541a9bf85ec5de3d4b68b,2,19,12,200000.0
6804ac8da628d87a352cd5d7,676541a9bf85ec5de3d4b68b,4,19,8,200000.0
6804ac8da628d87a352cd5d7,676541a9bf85ec5de3d4b68b,4,19,8,200000.0
6804ac8da628d87a352cd5d7,676541a9bf85ec5de3d4b68b,4,19,8,200000.0
6804ac8da628d87a352cd5d7,676541a9bf85ec5de3d4b68b,4,19,7,200000.0
6804ac8da628d87a352cd5d7,676541a9bf85ec5de3d4b68b,4,19,7,200000.0
6804ac8da628d87a352cd5d7,676541a9bf85ec5de3d4b68b,4,19,7,200000.0
6804ac8da628d87a352cd5d7,676541a9bf85ec5de3d4b68b,4,19,9,200000.0
6804ac8da628d87a352cd5d7,676541a9bf85ec5de3d4b68b,4,19,10,200000.0
6804ac8da628d87a352cd5d7,676541a9bf85ec5de3d4b68b,4,19,9,200000.0
6804ac8da628d87a352cd5d7,676541a9bf85ec5de3d4b68b,4,19,7,200000.0
6804ac8da628d87a352cd5d7,676541a9bf85ec5de3d4b68b,4,19,7,200000.0
6804ac8da628d87a352cd5d7,676541a9bf85ec5de3d4b68b,4,19,6,200000.0
6804ac8da628d87a352cd5d7,676541a9bf85ec5de3d4b68b,4,19,6,200000.0
6804ac8da628d87a352cd5d7,676541a9bf85ec5de3d4b68b,4,19,5,200000.0
6804ac8da628d87a352cd5d7,676541a9bf85ec5de3d4b68b,4,19,5,200000.0
6804ac8da628d87a352cd5d7,676541a9bf85ec5de3d4b68b,4,19,5,200000.0
6804ac8da628d87a352cd5d7,676541a9bf85ec5de3d4b68b,4,19,5,200000.0
6804ac8da628d87a352cd5d7,676541a9bf85ec5de3d4b68b,4,19,4,200000.0
6804ac8da628d87a352cd5d7,676541a9bf85ec5de3d4b68b,4,19,9,200000.0
6804ac8da628d87a352cd5d7,676541a9bf85ec5de3d4b68b,4,19,5,200000.0
6804ac8da628d87a352cd5d7,676541a9bf85ec5de3d4b68b,4,19,6,200000.0
6804ac8da628d87a352cd5d7,676541a9bf85ec5de3d4b68b,4,19,9,200000.0
6804ac8da628d87a352cd5d7,676541a9bf85ec5de3d4b68b,4,19,8,200000.0
6804ac8da628d87a352cd5d7,676541a9bf85ec5de3d4b68b,4,19,6,200000.0
6804ac6aa628d87a352cd5d6,676541a9bf85ec5de3d4b68b,6,20,11,100000.0
6804ac6aa628d87a352cd5d6,676541a9bf85ec5de3d4b68b,6,20,11,100000.0
6804ac6aa628d87a352cd5d6,676541a9bf85ec5de3d4b68b,6,20,11,100000.0
6804ac6aa628d87a352cd5d6,676541a9bf85ec5de3d4b68b,6,20,12,100000.0
6804ac6aa628d87a352cd5d6,676541a9bf85ec5de3d4b68b,6,20,12,100000.0
6804ac6aa628d87a352cd5d6,676541a9bf85ec5de3d4b68b,6,20,12,100000.0
6804ac6aa628d87a352cd5d6,676541a9bf85ec5de3d4b68b,6,20,10,100000.0
6804ac6aa628d87a352cd5d6,676541a9bf85ec5de3d4b68b,6,20,11,100000.0
6804ac6aa628d87a352cd5d6,676541a9bf85ec5de3d4b68b,6,20,11,100000.0
6804ac6aa628d87a352cd5d6,676541a9bf85ec5de3d4b68b,6,20,10,100000.0
6804ac6aa628d87a352cd5d6,676541a9bf85ec5de3d4b68b,6,20,10,100000.0
6804ac6aa628d87a352cd5d6,676541a9bf85ec5de3d4b68b,6,20,10,100000.0
6804ac6aa628d87a352cd5d6,676541a9bf85ec5de3d4b68b,6,20,2,100000.0
6804ac6aa628d87a352cd5d6,676541a9bf85ec5de3d4b68b,6,20,2,100000.0
6804ac6aa628d87a352cd5d6,676541a9bf85ec5de3d4b68b,6,20,2,100000.0
6804ac6aa628d87a352cd5d6,676541a9bf85ec5de3d4b68b,6,20,3,100000.0
6804ac6aa628d87a352cd5d6,676541a9bf85ec5de3d4b68b,6,20,3,100000.0
6804ac6aa628d87a352cd5d6,676541a9bf85ec5de3d4b68b,6,20,2,100000.0
6804ac6aa628d87a352cd5d6,676541a9bf85ec5de3d4b68b,6,20,1,100000.0
6804ac6aa628d87a352cd5d6,676541a9bf85ec5de3d4b68b,6,20,1,100000.0
6804ac6aa628d87a352cd5d6,676541a9bf85ec5de3d4b68b,6,20,1,100000.0
6804ac6aa628d87a352cd5d6,676541a9bf85ec5de3d4b68b,6,20,1,100000.0
6804ac6aa628d87a352cd5d6,676541a9bf85ec5de3d4b68b,6,20,1,100000.0
6804ac6aa628d87a352cd5d6,676541a9bf85ec5de3d4b68b,6,20,12,100000.0
6804ac6aa628d87a352cd5d6,676541a9bf85ec5de3d4b68b,6,20,8,100000.0
6804ac6aa628d87a352cd5d6,676541a9bf85ec5de3d4b68b,6,20,8,100000.0
6804ac6aa628d87a352cd5d6,676541a9bf85ec5de3d4b68b,6,20,8,100000.0
6804ac6aa628d87a352cd5d6,676541a9bf85ec5de3d4b68b,6,20,7,100000.0
6804ac6aa628d87a352cd5d6,676541a9bf85ec5de3d4b68b,6,20,7,100000.0
6804ac6aa628d87a352cd5d6,676541a9bf85ec5de3d4b68b,6,20,7,100000.0
6804ac6aa628d87a352cd5d6,676541a9bf85ec5de3d4b68b,6,20,9,100000.0
6804ac6aa628d87a352cd5d6,676541a9bf85ec5de3d4b68b,6,20,9,100000.0
6804ac6aa628d87a352cd5d6,676541a9bf85ec5de3d4b68b,6,20,9,100000.0
6804ac6aa628d87a352cd5d6,676541a9bf85ec5de3d4b68b,6,20,8,100000.0
6804ac6aa628d87a352cd5d6,676541a9bf85ec5de3d4b68b,6,20,9,100000.0
6804ac6aa628d87a352cd5d6,676541a9bf85ec5de3d4b68b,6,20,8,100000.0
6804ac6aa628d87a352cd5d6,676541a9bf85ec5de3d4b68b,6,20,6,100000.0
6804ac6aa628d87a352cd5d6,676541a9bf85ec5de3d4b68b,6,20,6,100000.0
6804ac6aa628d87a352cd5d6,676541a9bf85ec5de3d4b68b,6,20,5,100000.0
6804ac6aa628d87a352cd5d6,676541a9bf85ec5de3d4b68b,6,20,6,100000.0
6804ac6aa628d87a352cd5d6,676541a9bf85ec5de3d4b68b,6,20,7,100000.0
6804ac6aa628d87a352cd5d6,676541a9bf85ec5de3d4b68b,6,20,6,100000.0
6804ac6aa628d87a352cd5d6,676541a9bf85ec5de3d4b68b,6,20,5,100000.0
6804ac6aa628d87a352cd5d6,676541a9bf85ec5de3d4b68b,6,20,5,100000.0
6804ac6aa628d87a352cd5d6,676541a9bf85ec5de3d4b68b,6,20,5,100000.0
6804ac6aa628d87a352cd5d6,676541a9bf85ec5de3d4b68b,6,20,4,100000.0
6804ac6aa628d87a352cd5d6,676541a9bf85ec5de3d4b68b,6,20,5,100000.0
6804ac6aa628d87a352cd5d6,676541a9bf85ec5de3d4b68b,6,20,4,100000.0
6804ac6aa628d87a352cd5d6,676541a9bf85ec5de3d4b68b,6,19,11,100000.0
6804ac6aa628d87a352cd5d6,676541a9bf85ec5de3d4b68b,6,19,11,100000.0
6804ac6aa628d87a352cd5d6,676541a9bf85ec5de3d4b68b,6,19,11,100000.0
6804ac6aa628d87a352cd5d6,676541a9bf85ec5de3d4b68b,6,19,12,100000.0
6804ac6aa628d87a352cd5d6,676541a9bf85ec5de3d4b68b,6,19,12,100000.0
6804ac6aa628d87a352cd5d6,676541a9bf85ec5de3d4b68b,6,19,12,100000.0
6804ac6aa628d87a352cd5d6,676541a9bf85ec5de3d4b68b,6,19,10,100000.0
6804ac6aa628d87a352cd5d6,676541a9bf85ec5de3d4b68b,6,19,11,100000.0
6804ac6aa628d87a352cd5d6,676541a9bf85ec5de3d4b68b,6,19,11,100000.0
6804ac6aa628d87a352cd5d6,676541a9bf85ec5de3d4b68b,6,19,10,100000.0
6804ac6aa628d87a352cd5d6,676541a9bf85ec5de3d4b68b,6,19,10,100000.0
6804ac6aa628d87a352cd5d6,676541a9bf85ec5de3d4b68b,6,19,10,100000.0
6804ac6aa628d87a352cd5d6,676541a9bf85ec5de3d4b68b,6,19,2,100000.0
6804ac6aa628d87a352cd5d6,676541a9bf85ec5de3d4b68b,6,19,2,100000.0
6804ac6aa628d87a352cd5d6,676541a9bf85ec5de3d4b68b,6,19,2,100000.0
6804ac6aa628d87a352cd5d6,676541a9bf85ec5de3d4b68b,6,19,3,100000.0
6804ac6aa628d87a352cd5d6,676541a9bf85ec5de3d4b68b,6,19,3,100000.0
6804ac6aa628d87a352cd5d6,676541a9bf85ec5de3d4b68b,6,19,2,100000.0
6804ac6aa628d87a352cd5d6,676541a9bf85ec5de3d4b68b,6,19,1,100000.0
6804ac6aa628d87a352cd5d6,676541a9bf85ec5de3d4b68b,6,19,1,100000.0
6804ac6aa628d87a352cd5d6,676541a9bf85ec5de3d4b68b,6,19,1,100000.0
6804ac6aa628d87a352cd5d6,676541a9bf85ec5de3d4b68b,6,19,1,100000.0
6804ac6aa628d87a352cd5d6,676541a9bf85ec5de3d4b68b,6,19,1,100000.0
6804ac6aa628d87a352cd5d6,676541a9bf85ec5de3d4b68b,6,19,12,100000.0
6804ac6aa628d87a352cd5d6,676541a9bf85ec5de3d4b68b,6,19,8,100000.0
6804ac6aa628d87a352cd5d6,676541a9bf85ec5de3d4b68b,6,19,8,100000.0
6804ac6aa628d87a352cd5d6,676541a9bf85ec5de3d4b68b,6,19,8,100000.0
6804ac6aa628d87a352cd5d6,676541a9bf85ec5de3d4b68b,6,19,7,100000.0
6804ac6aa628d87a352cd5d6,676541a9bf85ec5de3d4b68b,6,19,7,100000.0
6804ac6aa628d87a352cd5d6,676541a9bf85ec5de3d4b68b,6,19,7,100000.0
6804ac6aa628d87a352cd5d6,676541a9bf85ec5de3d4b68b,6,19,9,100000.0
6804ac6aa628d87a352cd5d6,676541a9bf85ec5de3d4b68b,6,19,9,100000.0
6804ac6aa628d87a352cd5d6,676541a9bf85ec5de3d4b68b,6,19,9,100000.0
6804ac6aa628d87a352cd5d6,676541a9bf85ec5de3d4b68b,6,19,8,100000.0
6804ac6aa628d87a352cd5d6,676541a9bf85ec5de3d4b68b,6,19,9,100000.0
6804ac6aa628d87a352cd5d6,676541a9bf85ec5de3d4b68b,6,19,8,100000.0
6804ac6aa628d87a352cd5d6,676541a9bf85ec5de3d4b68b,6,19,6,100000.0
6804ac6aa628d87a352cd5d6,676541a9bf85ec5de3d4b68b,6,19,6,100000.0
6804ac6aa628d87a352cd5d6,676541a9bf85ec5de3d4b68b,6,19,5,100000.0
6804ac6aa628d87a352cd5d6,676541a9bf85ec5de3d4b68b,6,19,6,100000.0
6804ac6aa628d87a352cd5d6,676541a9bf85ec5de3d4b68b,6,19,7,100000.0
6804ac6aa628d87a352cd5d6,676541a9bf85ec5de3d4b68b,6,19,6,100000.0
6804ac6aa628d87a352cd5d6,676541a9bf85ec5de3d4b68b,6,19,5,100000.0
6804ac6aa628d87a352cd5d6,676541a9bf85ec5de3d4b68b,6,19,5,100000.0
6804ac6aa628d87a352cd5d6,676541a9bf85ec5de3d4b68b,6,19,5,100000.0
6804ac6aa628d87a352cd5d6,676541a9bf85ec5de3d4b68b,6,19,4,100000.0
6804ac6aa628d87a352cd5d6,676541a9bf85ec5de3d4b68b,6,19,5,100000.0
6804ac6aa628d87a352cd5d6,676541a9bf85ec5de3d4b68b,6,19,4,100000.0
6804ac6aa628d87a352cd5d6,676541a9bf85ec5de3d4b68b,6,18,11,100000.0
6804ac6aa628d87a352cd5d6,676541a9bf85ec5de3d4b68b,6,18,11,100000.0
6804ac6aa628d87a352cd5d6,676541a9bf85ec5de3d4b68b,6,18,11,100000.0
6804ac6aa628d87a352cd5d6,676541a9bf85ec5de3d4b68b,6,18,12,100000.0
6804ac6aa628d87a352cd5d6,676541a9bf85ec5de3d4b68b,6,18,12,100000.0
6804ac6aa628d87a352cd5d6,676541a9bf85ec5de3d4b68b,6,18,12,100000.0
6804ac6aa628d87a352cd5d6,676541a9bf85ec5de3d4b68b,6,18,10,100000.0
6804ac6aa628d87a352cd5d6,676541a9bf85ec5de3d4b68b,6,18,11,100000.0
6804ac6aa628d87a352cd5d6,676541a9bf85ec5de3d4b68b,6,18,11,100000.0
6804ac6aa628d87a352cd5d6,676541a9bf85ec5de3d4b68b,6,18,10,100000.0
6804ac6aa628d87a352cd5d6,676541a9bf85ec5de3d4b68b,6,18,10,100000.0
6804ac6aa628d87a352cd5d6,676541a9bf85ec5de3d4b68b,6,18,10,100000.0
6804ac6aa628d87a352cd5d6,676541a9bf85ec5de3d4b68b,6,18,2,100000.0
6804ac6aa628d87a352cd5d6,676541a9bf85ec5de3d4b68b,6,18,2,100000.0
6804ac6aa628d87a352cd5d6,676541a9bf85ec5de3d4b68b,6,18,2,100000.0
6804ac6aa628d87a352cd5d6,676541a9bf85ec5de3d4b68b,6,18,3,100000.0
6804ac6aa628d87a352cd5d6,676541a9bf85ec5de3d4b68b,6,18,3,100000.0
6804ac6aa628d87a352cd5d6,676541a9bf85ec5de3d4b68b,6,18,2,100000.0
6804ac6aa628d87a352cd5d6,676541a9bf85ec5de3d4b68b,6,18,1,100000.0
6804ac6aa628d87a352cd5d6,676541a9bf85ec5de3d4b68b,6,18,1,100000.0
6804ac6aa628d87a352cd5d6,676541a9bf85ec5de3d4b68b,6,18,1,100000.0
6804ac6aa628d87a352cd5d6,676541a9bf85ec5de3d4b68b,6,18,1,100000.0
6804ac6aa628d87a352cd5d6,676541a9bf85ec5de3d4b68b,6,18,1,100000.0
6804ac6aa628d87a352cd5d6,676541a9bf85ec5de3d4b68b,6,18,12,100000.0
6804ac6aa628d87a352cd5d6,676541a9bf85ec5de3d4b68b,6,18,6,100000.0
6804ac6aa628d87a352cd5d6,676541a9bf85ec5de3d4b68b,6,18,6,100000.0
6804ac6aa628d87a352cd5d6,676541a9bf85ec5de3d4b68b,6,18,5,100000.0
6804ac6aa628d87a352cd5d6,676541a9bf85ec5de3d4b68b,6,18,6,100000.0
6804ac6aa628d87a352cd5d6,676541a9bf85ec5de3d4b68b,6,18,7,100000.0
6804ac6aa628d87a352cd5d6,676541a9bf85ec5de3d4b68b,6,18,8,100000.0
6804ac6aa628d87a352cd5d6,676541a9bf85ec5de3d4b68b,6,18,6,100000.0
6804ac6aa628d87a352cd5d6,676541a9bf85ec5de3d4b68b,6,18,5,100000.0
6804ac6aa628d87a352cd5d6,676541a9bf85ec5de3d4b68b,6,18,7,100000.0
6804ac6aa628d87a352cd5d6,676541a9bf85ec5de3d4b68b,6,18,8,100000.0
6804ac6aa628d87a352cd5d6,676541a9bf85ec5de3d4b68b,6,18,8,100000.0
6804ac6aa628d87a352cd5d6,676541a9bf85ec5de3d4b68b,6,18,5,100000.0
6804ac6aa628d87a352cd5d6,676541a9bf85ec5de3d4b68b,6,18,4,100000.0
6804ac6aa628d87a352cd5d6,676541a9bf85ec5de3d4b68b,6,18,5,100000.0
6804ac6aa628d87a352cd5d6,676541a9bf85ec5de3d4b68b,6,18,5,100000.0
6804ac6aa628d87a352cd5d6,676541a9bf85ec5de3d4b68b,6,18,4,100000.0
6804ac6aa628d87a352cd5d6,676541a9bf85ec5de3d4b68b,6,18,8,100000.0
6804ac6aa628d87a352cd5d6,676541a9bf85ec5de3d4b68b,6,18,9,100000.0
6804ac6aa628d87a352cd5d6,676541a9bf85ec5de3d4b68b,6,18,8,100000.0
6804ac6aa628d87a352cd5d6,676541a9bf85ec5de3d4b68b,6,18,9,100000.0
6804ac6aa628d87a352cd5d6,676541a9bf85ec5de3d4b68b,6,18,9,100000.0
6804ac6aa628d87a352cd5d6,676541a9bf85ec5de3d4b68b,6,18,9,100000.0
6804ac6aa628d87a352cd5d6,676541a9bf85ec5de3d4b68b,6,18,7,100000.0
6804ac6aa628d87a352cd5d6,676541a9bf85ec5de3d4b68b,6,18,7,100000.0
6804ac6aa628d87a352cd5d6,676541a9bf85ec5de3d4b68b,6,7,11,100000.0
6804ac6aa628d87a352cd5d6,676541a9bf85ec5de3d4b68b,6,7,11,100000.0
6804ac6aa628d87a352cd5d6,676541a9bf85ec5de3d4b68b,6,7,11,100000.0
6804ac6aa628d87a352cd5d6,676541a9bf85ec5de3d4b68b,6,7,12,100000.0
6804ac6aa628d87a352cd5d6,676541a9bf85ec5de3d4b68b,6,7,12,100000.0
6804ac6aa628d87a352cd5d6,676541a9bf85ec5de3d4b68b,6,7,12,100000.0
6804ac6aa628d87a352cd5d6,676541a9bf85ec5de3d4b68b,6,7,10,100000.0
6804ac6aa628d87a352cd5d6,676541a9bf85ec5de3d4b68b,6,7,11,100000.0
6804ac6aa628d87a352cd5d6,676541a9bf85ec5de3d4b68b,6,7,11,100000.0
6804ac6aa628d87a352cd5d6,676541a9bf85ec5de3d4b68b,6,7,10,100000.0
6804ac6aa628d87a352cd5d6,676541a9bf85ec5de3d4b68b,6,7,10,100000.0
6804ac6aa628d87a352cd5d6,676541a9bf85ec5de3d4b68b,6,7,10,100000.0
6804ac6aa628d87a352cd5d6,676541a9bf85ec5de3d4b68b,6,7,2,100000.0
6804ac6aa628d87a352cd5d6,676541a9bf85ec5de3d4b68b,6,7,2,100000.0
6804ac6aa628d87a352cd5d6,676541a9bf85ec5de3d4b68b,6,7,2,100000.0
6804ac6aa628d87a352cd5d6,676541a9bf85ec5de3d4b68b,6,7,3,100000.0
6804ac6aa628d87a352cd5d6,676541a9bf85ec5de3d4b68b,6,7,3,100000.0
6804ac6aa628d87a352cd5d6,676541a9bf85ec5de3d4b68b,6,7,2,100000.0
6804ac6aa628d87a352cd5d6,676541a9bf85ec5de3d4b68b,6,7,1,100000.0
6804ac6aa628d87a352cd5d6,676541a9bf85ec5de3d4b68b,6,7,1,100000.0
6804ac6aa628d87a352cd5d6,676541a9bf85ec5de3d4b68b,6,7,1,100000.0
6804ac6aa628d87a352cd5d6,676541a9bf85ec5de3d4b68b,6,7,1,100000.0
6804ac6aa628d87a352cd5d6,676541a9bf85ec5de3d4b68b,6,7,1,100000.0
6804ac6aa628d87a352cd5d6,676541a9bf85ec5de3d4b68b,6,7,12,100000.0
6804ac6aa628d87a352cd5d6,676541a9bf85ec5de3d4b68b,6,7,8,100000.0
6804ac6aa628d87a352cd5d6,676541a9bf85ec5de3d4b68b,6,7,8,100000.0
6804ac6aa628d87a352cd5d6,676541a9bf85ec5de3d4b68b,6,7,8,100000.0
6804ac6aa628d87a352cd5d6,676541a9bf85ec5de3d4b68b,6,7,7,100000.0
6804ac6aa628d87a352cd5d6,676541a9bf85ec5de3d4b68b,6,7,7,100000.0
6804ac6aa628d87a352cd5d6,676541a9bf85ec5de3d4b68b,6,7,7,100000.0
6804ac6aa628d87a352cd5d6,676541a9bf85ec5de3d4b68b,6,7,9,100000.0
6804ac6aa628d87a352cd5d6,676541a9bf85ec5de3d4b68b,6,7,9,100000.0
6804ac6aa628d87a352cd5d6,676541a9bf85ec5de3d4b68b,6,7,9,100000.0
6804ac6aa628d87a352cd5d6,676541a9bf85ec5de3d4b68b,6,7,8,100000.0
6804ac6aa628d87a352cd5d6,676541a9bf85ec5de3d4b68b,6,7,9,100000.0
6804ac6aa628d87a352cd5d6,676541a9bf85ec5de3d4b68b,6,7,8,100000.0
6804ac6aa628d87a352cd5d6,676541a9bf85ec5de3d4b68b,6,7,6,100000.0
6804ac6aa628d87a352cd5d6,676541a9bf85ec5de3d4b68b,6,7,6,100000.0
6804ac6aa628d87a352cd5d6,676541a9bf85ec5de3d4b68b,6,7,5,100000.0
6804ac6aa628d87a352cd5d6,676541a9bf85ec5de3d4b68b,6,7,6,100000.0
6804ac6aa628d87a352cd5d6,676541a9bf85ec5de3d4b68b,6,7,7,100000.0
6804ac6aa628d87a352cd5d6,676541a9bf85ec5de3d4b68b,6,7,6,100000.0
6804ac6aa628d87a352cd5d6,676541a9bf85ec5de3d4b68b,6,7,5,100000.0
6804ac6aa628d87a352cd5d6,676541a9bf85ec5de3d4b68b,6,7,5,100000.0
6804ac6aa628d87a352cd5d6,676541a9bf85ec5de3d4b68b,6,7,5,100000.0
6804ac6aa628d87a352cd5d6,676541a9bf85ec5de3d4b68b,6,7,4,100000.0
6804ac6aa628d87a352cd5d6,676541a9bf85ec5de3d4b68b,6,7,5,100000.0
6804ac6aa628d87a352cd5d6,676541a9bf85ec5de3d4b68b,6,7,4,100000.0
6804ac6aa628d87a352cd5d6,676541a9bf85ec5de3d4b68b,7,7,11,100000.0
6804ac6aa628d87a352cd5d6,676541a9bf85ec5de3d4b68b,7,7,11,100000.0
6804ac6aa628d87a352cd5d6,676541a9bf85ec5de3d4b68b,7,7,11,100000.0
6804ac6aa628d87a352cd5d6,676541a9bf85ec5de3d4b68b,7,7,12,100000.0
6804ac6aa628d87a352cd5d6,676541a9bf85ec5de3d4b68b,7,7,12,100000.0
6804ac6aa628d87a352cd5d6,676541a9bf85ec5de3d4b68b,7,7,12,100000.0
6804ac6aa628d87a352cd5d6,676541a9bf85ec5de3d4b68b,7,7,10,100000.0
6804ac6aa628d87a352cd5d6,676541a9bf85ec5de3d4b68b,7,7,11,100000.0
6804ac6aa628d87a352cd5d6,676541a9bf85ec5de3d4b68b,7,7,11,100000.0
6804ac6aa628d87a352cd5d6,676541a9bf85ec5de3d4b68b,7,7,10,100000.0
6804ac6aa628d87a352cd5d6,676541a9bf85ec5de3d4b68b,7,7,10,100000.0
6804ac6aa628d87a352cd5d6,676541a9bf85ec5de3d4b68b,7,7,10,100000.0
6804ac6aa628d87a352cd5d6,676541a9bf85ec5de3d4b68b,7,7,2,100000.0
6804ac6aa628d87a352cd5d6,676541a9bf85ec5de3d4b68b,7,7,2,100000.0
6804ac6aa628d87a352cd5d6,676541a9bf85ec5de3d4b68b,7,7,2,100000.0
6804ac6aa628d87a352cd5d6,676541a9bf85ec5de3d4b68b,7,7,8,100000.0
6804ac6aa628d87a352cd5d6,676541a9bf85ec5de3d4b68b,7,7,3,100000.0
6804ac6aa628d87a352cd5d6,676541a9bf85ec5de3d4b68b,7,7,8,100000.0
6804ac6aa628d87a352cd5d6,676541a9bf85ec5de3d4b68b,7,7,3,100000.0
6804ac6aa628d87a352cd5d6,676541a9bf85ec5de3d4b68b,7,7,3,100000.0
6804ac6aa628d87a352cd5d6,676541a9bf85ec5de3d4b68b,7,7,8,100000.0
6804ac6aa628d87a352cd5d6,676541a9bf85ec5de3d4b68b,7,7,1,100000.0
6804ac6aa628d87a352cd5d6,676541a9bf85ec5de3d4b68b,7,7,7,100000.0
6804ac6aa628d87a352cd5d6,676541a9bf85ec5de3d4b68b,7,7,7,100000.0
6804ac6aa628d87a352cd5d6,676541a9bf85ec5de3d4b68b,7,7,6,100000.0
6804ac6aa628d87a352cd5d6,676541a9bf85ec5de3d4b68b,7,7,7,100000.0
6804ac6aa628d87a352cd5d6,676541a9bf85ec5de3d4b68b,7,7,5,100000.0
6804ac6aa628d87a352cd5d6,676541a9bf85ec5de3d4b68b,7,7,2,100000.0
6804ac6aa628d87a352cd5d6,676541a9bf85ec5de3d4b68b,7,7,6,100000.0
6804ac6aa628d87a352cd5d6,676541a9bf85ec5de3d4b68b,7,7,6,100000.0
6804ac6aa628d87a352cd5d6,676541a9bf85ec5de3d4b68b,7,7,7,100000.0
6804ac6aa628d87a352cd5d6,676541a9bf85ec5de3d4b68b,7,7,1,100000.0
6804ac6aa628d87a352cd5d6,676541a9bf85ec5de3d4b68b,7,7,5,100000.0
6804ac6aa628d87a352cd5d6,676541a9bf85ec5de3d4b68b,7,7,12,100000.0
6804ac6aa628d87a352cd5d6,676541a9bf85ec5de3d4b68b,7,7,1,100000.0
6804ac6aa628d87a352cd5d6,676541a9bf85ec5de3d4b68b,7,7,6,100000.0
6804ac6aa628d87a352cd5d6,676541a9bf85ec5de3d4b68b,7,7,8,100000.0
6804ac6aa628d87a352cd5d6,676541a9bf85ec5de3d4b68b,7,7,6,100000.0
6804ac6aa628d87a352cd5d6,676541a9bf85ec5de3d4b68b,7,7,4,100000.0
6804ac6aa628d87a352cd5d6,676541a9bf85ec5de3d4b68b,7,7,4,100000.0
6804ac6aa628d87a352cd5d6,676541a9bf85ec5de3d4b68b,7,7,8,100000.0
6804ac6aa628d87a352cd5d6,676541a9bf85ec5de3d4b68b,7,7,5,100000.0
6804ac6aa628d87a352cd5d6,676541a9bf85ec5de3d4b68b,7,7,9,100000.0
6804ac6aa628d87a352cd5d6,676541a9bf85ec5de3d4b68b,7,7,9,100000.0
6804ac6aa628d87a352cd5d6,676541a9bf85ec5de3d4b68b,7,7,5,100000.0
6804ac6aa628d87a352cd5d6,676541a9bf85ec5de3d4b68b,7,7,1,100000.0
6804ac6aa628d87a352cd5d6,676541a9bf85ec5de3d4b68b,7,7,9,100000.0
6804ac6aa628d87a352cd5d6,676541a9bf85ec5de3d4b68b,7,7,9,100000.0
6804acafa628d87a352cd5d8,676541a9bf85ec5de3d4b68b,4,19,7,100000.0
6804acafa628d87a352cd5d8,676541a9bf85ec5de3d4b68b,4,19,8,100000.0
6804acafa628d87a352cd5d8,676541a9bf85ec5de3d4b68b,4,19,8,100000.0
6804acafa628d87a352cd5d8,676541a9bf85ec5de3d4b68b,4,19,7,100000.0
6804acafa628d87a352cd5d8,676541a9bf85ec5de3d4b68b,4,19,7,100000.0
6804acafa628d87a352cd5d8,676541a9bf85ec5de3d4b68b,4,19,7,100000.0
6804acafa628d87a352cd5d8,676541a9bf85ec5de3d4b68b,4,19,9,100000.0
6804acafa628d87a352cd5d8,676541a9bf85ec5de3d4b68b,4,19,9,100000.0
6804acafa628d87a352cd5d8,676541a9bf85ec5de3d4b68b,4,19,9,100000.0
6804acafa628d87a352cd5d8,676541a9bf85ec5de3d4b68b,4,19,8,100000.0
6804acafa628d87a352cd5d8,676541a9bf85ec5de3d4b68b,4,19,9,100000.0
6804acafa628d87a352cd5d8,676541a9bf85ec5de3d4b68b,4,19,8,100000.0
6804acafa628d87a352cd5d8,676541a9bf85ec5de3d4b68b,4,19,5,100000.0
6804acafa628d87a352cd5d8,676541a9bf85ec5de3d4b68b,4,19,5,100000.0
6804acafa628d87a352cd5d8,676541a9bf85ec5de3d4b68b,4,19,5,100000.0
6804acafa628d87a352cd5d8,676541a9bf85ec5de3d4b68b,4,19,4,100000.0
6804acafa628d87a352cd5d8,676541a9bf85ec5de3d4b68b,4,19,5,100000.0
6804acafa628d87a352cd5d8,676541a9bf85ec5de3d4b68b,4,19,4,100000.0
6804acafa628d87a352cd5d8,676541a9bf85ec5de3d4b68b,4,19,6,100000.0
6804acafa628d87a352cd5d8,676541a9bf85ec5de3d4b68b,4,19,5,100000.0
6804acafa628d87a352cd5d8,676541a9bf85ec5de3d4b68b,4,19,6,100000.0
6804acafa628d87a352cd5d8,676541a9bf85ec5de3d4b68b,4,19,6,100000.0
6804acafa628d87a352cd5d8,676541a9bf85ec5de3d4b68b,4,19,7,100000.0
6804acafa628d87a352cd5d8,676541a9bf85ec5de3d4b68b,4,19,6,100000.0
6804acafa628d87a352cd5d8,676541a9bf85ec5de3d4b68b,6,18,8,150000.0
6804acafa628d87a352cd5d8,676541a9bf85ec5de3d4b68b,6,18,8,150000.0
6804acafa628d87a352cd5d8,676541a9bf85ec5de3d4b68b,6,18,8,150000.0
6804acafa628d87a352cd5d8,676541a9bf85ec5de3d4b68b,6,18,7,150000.0
6804acafa628d87a352cd5d8,676541a9bf85ec5de3d4b68b,6,18,7,150000.0
6804acafa628d87a352cd5d8,676541a9bf85ec5de3d4b68b,6,18,7,150000.0
6804acafa628d87a352cd5d8,676541a9bf85ec5de3d4b68b,6,18,9,150000.0
6804acafa628d87a352cd5d8,676541a9bf85ec5de3d4b68b,6,18,9,150000.0
6804acafa628d87a352cd5d8,676541a9bf85ec5de3d4b68b,6,18,9,150000.0
6804acafa628d87a352cd5d8,676541a9bf85ec5de3d4b68b,6,18,8,150000.0
6804acafa628d87a352cd5d8,676541a9bf85ec5de3d4b68b,6,18,9,150000.0
6804acafa628d87a352cd5d8,676541a9bf85ec5de3d4b68b,6,18,8,150000.0
6804acafa628d87a352cd5d8,676541a9bf85ec5de3d4b68b,6,18,6,150000.0
6804acafa628d87a352cd5d8,676541a9bf85ec5de3d4b68b,6,18,6,150000.0
6804acafa628d87a352cd5d8,676541a9bf85ec5de3d4b68b,6,18,7,150000.0
6804acafa628d87a352cd5d8,676541a9bf85ec5de3d4b68b,6,18,6,150000.0
6804acafa628d87a352cd5d8,676541a9bf85ec5de3d4b68b,6,18,6,150000.0
6804acafa628d87a352cd5d8,676541a9bf85ec5de3d4b68b,6,18,5,150000.0
6804acafa628d87a352cd5d8,676541a9bf85ec5de3d4b68b,6,18,4,150000.0
6804acafa628d87a352cd5d8,676541a9bf85ec5de3d4b68b,6,18,5,150000.0
6804acafa628d87a352cd5d8,676541a9bf85ec5de3d4b68b,6,18,5,150000.0
6804acafa628d87a352cd5d8,676541a9bf85ec5de3d4b68b,6,18,5,150000.0
6804acafa628d87a352cd5d8,676541a9bf85ec5de3d4b68b,6,18,4,150000.0
6804acafa628d87a352cd5d8,676541a9bf85ec5de3d4b68b,6,18,5,150000.0
6804ac6aa628d87a352cd5d6,676541a9bf85ec5de3d4b68b,1,19,12,100000.0
6804ac6aa628d87a352cd5d6,676541a9bf85ec5de3d4b68b,1,19,8,100000.0
6804ac6aa628d87a352cd5d6,676541a9bf85ec5de3d4b68b,1,19,8,100000.0
6804ac6aa628d87a352cd5d6,676541a9bf85ec5de3d4b68b,1,19,8,100000.0
6804ac6aa628d87a352cd5d6,676541a9bf85ec5de3d4b68b,1,19,7,100000.0
6804ac6aa628d87a352cd5d6,676541a9bf85ec5de3d4b68b,1,19,8,100000.0
6804ac6aa628d87a352cd5d6,676541a9bf85ec5de3d4b68b,1,19,7,100000.0
6804ac6aa628d87a352cd5d6,676541a9bf85ec5de3d4b68b,1,19,9,100000.0
6804ac6aa628d87a352cd5d6,676541a9bf85ec5de3d4b68b,1,19,10,100000.0
6804ac6aa628d87a352cd5d6,676541a9bf85ec5de3d4b68b,1,19,9,100000.0
6804ac6aa628d87a352cd5d6,676541a9bf85ec5de3d4b68b,1,19,12,100000.0
6804ac6aa628d87a352cd5d6,676541a9bf85ec5de3d4b68b,1,19,9,100000.0
6804ac6aa628d87a352cd5d6,676541a9bf85ec5de3d4b68b,1,19,11,100000.0
6804ac6aa628d87a352cd5d6,676541a9bf85ec5de3d4b68b,1,19,9,100000.0
6804ac6aa628d87a352cd5d6,676541a9bf85ec5de3d4b68b,1,19,12,100000.0
6804ac6aa628d87a352cd5d6,676541a9bf85ec5de3d4b68b,1,19,9,100000.0
6804ac6aa628d87a352cd5d6,676541a9bf85ec5de3d4b68b,1,19,12,100000.0
6804ac6aa628d87a352cd5d6,676541a9bf85ec5de3d4b68b,1,19,12,100000.0
6804ac6aa628d87a352cd5d6,676541a9bf85ec5de3d4b68b,1,19,11,100000.0
6804ac6aa628d87a352cd5d6,676541a9bf85ec5de3d4b68b,1,19,11,100000.0
6804ac6aa628d87a352cd5d6,676541a9bf85ec5de3d4b68b,1,19,11,100000.0
6804ac6aa628d87a352cd5d6,676541a9bf85ec5de3d4b68b,1,19,10,100000.0
6804ac6aa628d87a352cd5d6,676541a9bf85ec5de3d4b68b,1,19,10,100000.0
6804ac6aa628d87a352cd5d6,676541a9bf85ec5de3d4b68b,1,19,2,100000.0
6804ac6aa628d87a352cd5d6,676541a9bf85ec5de3d4b68b,1,19,10,100000.0
6804ac6aa628d87a352cd5d6,676541a9bf85ec5de3d4b68b,1,19,3,100000.0
6804ac6aa628d87a352cd5d6,676541a9bf85ec5de3d4b68b,1,19,2,100000.0
6804ac6aa628d87a352cd5d6,676541a9bf85ec5de3d4b68b,1,19,5,100000.0
6804ac6aa628d87a352cd5d6,676541a9bf85ec5de3d4b68b,1,19,3,100000.0
6804ac6aa628d87a352cd5d6,676541a9bf85ec5de3d4b68b,1,19,6,100000.0
6804ac6aa628d87a352cd5d6,676541a9bf85ec5de3d4b68b,1,19,3,100000.0
6804ac6aa628d87a352cd5d6,676541a9bf85ec5de3d4b68b,1,19,5,100000.0
6804ac6aa628d87a352cd5d6,676541a9bf85ec5de3d4b68b,1,19,5,100000.0
6804ac6aa628d87a352cd5d6,676541a9bf85ec5de3d4b68b,1,19,3,100000.0
6804ac6aa628d87a352cd5d6,676541a9bf85ec5de3d4b68b,1,19,4,100000.0
6804ac6aa628d87a352cd5d6,676541a9bf85ec5de3d4b68b,1,19,1,100000.0
6804ac6aa628d87a352cd5d6,676541a9bf85ec5de3d4b68b,1,19,6,100000.0
6804ac6aa628d87a352cd5d6,676541a9bf85ec5de3d4b68b,1,19,7,100000.0
6804ac6aa628d87a352cd5d6,676541a9bf85ec5de3d4b68b,1,19,2,100000.0
6804ac6aa628d87a352cd5d6,676541a9bf85ec5de3d4b68b,1,19,5,100000.0
6804ac6aa628d87a352cd5d6,676541a9bf85ec5de3d4b68b,1,19,6,100000.0
6804ac6aa628d87a352cd5d6,676541a9bf85ec5de3d4b68b,1,19,7,100000.0
6804ac6aa628d87a352cd5d6,676541a9bf85ec5de3d4b68b,1,19,2,100000.0
6804ac6aa628d87a352cd5d6,676541a9bf85ec5de3d4b68b,1,19,1,100000.0
6804ac6aa628d87a352cd5d6,676541a9bf85ec5de3d4b68b,1,19,1,100000.0
6804ac6aa628d87a352cd5d6,676541a9bf85ec5de3d4b68b,1,19,6,100000.0
6804ac6aa628d87a352cd5d6,676541a9bf85ec5de3d4b68b,1,19,6,100000.0
6804ac6aa628d87a352cd5d6,676541a9bf85ec5de3d4b68b,1,19,1,100000.0
6804af99a628d87a352cd5e2,67654209bf85ec5de3d4b68e,4,18,6,100000.0
6804af99a628d87a352cd5e2,67654209bf85ec5de3d4b68e,4,18,6,100000.0
6804af99a628d87a352cd5e2,67654209bf85ec5de3d4b68e,4,18,5,100000.0
6804af99a628d87a352cd5e2,67654209bf85ec5de3d4b68e,4,18,6,100000.0
6804af99a628d87a352cd5e2,67654209bf85ec5de3d4b68e,4,18,7,100000.0
6804af99a628d87a352cd5e2,67654209bf85ec5de3d4b68e,4,18,6,100000.0
6804af99a628d87a352cd5e2,67654209bf85ec5de3d4b68e,4,18,5,100000.0
6804af99a628d87a352cd5e2,67654209bf85ec5de3d4b68e,4,18,5,100000.0
6804af99a628d87a352cd5e2,67654209bf85ec5de3d4b68e,4,18,5,100000.0
6804af99a628d87a352cd5e2,67654209bf85ec5de3d4b68e,4,18,4,100000.0
6804af99a628d87a352cd5e2,67654209bf85ec5de3d4b68e,4,18,5,100000.0
6804af99a628d87a352cd5e2,67654209bf85ec5de3d4b68e,4,18,4,100000.0
6804ae9fa628d87a352cd5de,676541ebbf85ec5de3d4b68d,7,19,11,200000.0
6804ae9fa628d87a352cd5de,676541ebbf85ec5de3d4b68d,7,19,12,200000.0
6804ae9fa628d87a352cd5de,676541ebbf85ec5de3d4b68d,7,19,11,200000.0
6804ae9fa628d87a352cd5de,676541ebbf85ec5de3d4b68d,7,19,12,200000.0
6804ae9fa628d87a352cd5de,676541ebbf85ec5de3d4b68d,7,19,12,200000.0
6804ae9fa628d87a352cd5de,676541ebbf85ec5de3d4b68d,7,19,12,200000.0
6804ae9fa628d87a352cd5de,676541ebbf85ec5de3d4b68d,7,19,11,200000.0
6804ae9fa628d87a352cd5de,676541ebbf85ec5de3d4b68d,7,19,11,200000.0
6804ae9fa628d87a352cd5de,676541ebbf85ec5de3d4b68d,7,19,11,200000.0
6804ae9fa628d87a352cd5de,676541ebbf85ec5de3d4b68d,7,19,10,200000.0
6804ae9fa628d87a352cd5de,676541ebbf85ec5de3d4b68d,7,19,10,200000.0
6804ae9fa628d87a352cd5de,676541ebbf85ec5de3d4b68d,7,19,10,200000.0
6804ae9fa628d87a352cd5de,676541ebbf85ec5de3d4b68d,7,19,2,200000.0
6804ae9fa628d87a352cd5de,676541ebbf85ec5de3d4b68d,7,19,3,200000.0
6804ae9fa628d87a352cd5de,676541ebbf85ec5de3d4b68d,7,19,2,200000.0
6804ae9fa628d87a352cd5de,676541ebbf85ec5de3d4b68d,7,19,3,200000.0
6804ae9fa628d87a352cd5de,676541ebbf85ec5de3d4b68d,7,19,3,200000.0
6804ae9fa628d87a352cd5de,676541ebbf85ec5de3d4b68d,7,19,3,200000.0
6804ae9fa628d87a352cd5de,676541ebbf85ec5de3d4b68d,7,19,1,200000.0
6804ae9fa628d87a352cd5de,676541ebbf85ec5de3d4b68d,7,19,2,200000.0
6804ae9fa628d87a352cd5de,676541ebbf85ec5de3d4b68d,7,19,2,200000.0
6804ae9fa628d87a352cd5de,676541ebbf85ec5de3d4b68d,7,19,1,200000.0
6804ae9fa628d87a352cd5de,676541ebbf85ec5de3d4b68d,7,19,1,200000.0
6804ae9fa628d87a352cd5de,676541ebbf85ec5de3d4b68d,7,19,1,200000.0
6804ae9fa628d87a352cd5de,676541ebbf85ec5de3d4b68d,7,19,8,200000.0
6804ae9fa628d87a352cd5de,676541ebbf85ec5de3d4b68d,7,19,8,200000.0
6804ae9fa628d87a352cd5de,676541ebbf85ec5de3d4b68d,7,19,8,200000.0
6804ae9fa628d87a352cd5de,676541ebbf85ec5de3d4b68d,7,19,7,200000.0
6804ae9fa628d87a352cd5de,676541ebbf85ec5de3d4b68d,7,19,8,200000.0
6804ae9fa628d87a352cd5de,676541ebbf85ec5de3d4b68d,7,19,7,200000.0
6804ae9fa628d87a352cd5de,676541ebbf85ec5de3d4b68d,7,19,9,200000.0
6804ae9fa628d87a352cd5de,676541ebbf85ec5de3d4b68d,7,19,10,200000.0
6804ae9fa628d87a352cd5de,676541ebbf85ec5de3d4b68d,7,19,9,200000.0
6804ae9fa628d87a352cd5de,676541ebbf85ec5de3d4b68d,7,19,9,200000.0
6804ae9fa628d87a352cd5de,676541ebbf85ec5de3d4b68d,7,19,9,200000.0
6804ae9fa628d87a352cd5de,676541ebbf85ec5de3d4b68d,7,19,8,200000.0
6804ae9fa628d87a352cd5de,676541ebbf85ec5de3d4b68d,7,19,6,200000.0
6804ae9fa628d87a352cd5de,676541ebbf85ec5de3d4b68d,7,19,6,200000.0
6804ae9fa628d87a352cd5de,676541ebbf85ec5de3d4b68d,7,19,6,200000.0
6804ae9fa628d87a352cd5de,676541ebbf85ec5de3d4b68d,7,19,7,200000.0
6804ae9fa628d87a352cd5de,676541ebbf85ec5de3d4b68d,7,19,7,200000.0
6804ae9fa628d87a352cd5de,676541ebbf85ec5de3d4b68d,7,19,6,200000.0
6804ae9fa628d87a352cd5de,676541ebbf85ec5de3d4b68d,7,19,5,200000.0
6804ae9fa628d87a352cd5de,676541ebbf85ec5de3d4b68d,7,19,6,200000.0
6804ae9fa628d87a352cd5de,676541ebbf85ec5de3d4b68d,7,19,5,200000.0
6804ae9fa628d87a352cd5de,676541ebbf85ec5de3d4b68d,7,19,5,200000.0
6804ae9fa628d87a352cd5de,676541ebbf85ec5de3d4b68d,7,19,5,200000.0
6804ae9fa628d87a352cd5de,676541ebbf85ec5de3d4b68d,7,19,4,200000.0
6804ae9fa628d87a352cd5de,676541ebbf85ec5de3d4b68d,7,6,11,200000.0
6804ae9fa628d87a352cd5de,676541ebbf85ec5de3d4b68d,7,6,12,200000.0
6804ae9fa628d87a352cd5de,676541ebbf85ec5de3d4b68d,7,6,11,200000.0
6804ae9fa628d87a352cd5de,676541ebbf85ec5de3d4b68d,7,6,12,200000.0
6804ae9fa628d87a352cd5de,676541ebbf85ec5de3d4b68d,7,6,12,200000.0
6804ae9fa628d87a352cd5de,676541ebbf85ec5de3d4b68d,7,6,12,200000.0
6804ae9fa628d87a352cd5de,676541ebbf85ec5de3d4b68d,7,6,11,200000.0
6804ae9fa628d87a352cd5de,676541ebbf85ec5de3d4b68d,7,6,11,200000.0
6804ae9fa628d87a352cd5de,676541ebbf85ec5de3d4b68d,7,6,11,200000.0
6804ae9fa628d87a352cd5de,676541ebbf85ec5de3d4b68d,7,6,10,200000.0
6804ae9fa628d87a352cd5de,676541ebbf85ec5de3d4b68d,7,6,10,200000.0
6804ae9fa628d87a352cd5de,676541ebbf85ec5de3d4b68d,7,6,10,200000.0
6804ae9fa628d87a352cd5de,676541ebbf85ec5de3d4b68d,7,6,2,200000.0
6804ae9fa628d87a352cd5de,676541ebbf85ec5de3d4b68d,7,6,3,200000.0
6804ae9fa628d87a352cd5de,676541ebbf85ec5de3d4b68d,7,6,2,200000.0
6804ae9fa628d87a352cd5de,676541ebbf85ec5de3d4b68d,7,6,3,200000.0
6804ae9fa628d87a352cd5de,676541ebbf85ec5de3d4b68d,7,6,3,200000.0
6804ae9fa628d87a352cd5de,676541ebbf85ec5de3d4b68d,7,6,3,200000.0
6804ae9fa628d87a352cd5de,676541ebbf85ec5de3d4b68d,7,6,1,200000.0
6804ae9fa628d87a352cd5de,676541ebbf85ec5de3d4b68d,7,6,2,200000.0
6804ae9fa628d87a352cd5de,676541ebbf85ec5de3d4b68d,7,6,2,200000.0
6804ae9fa628d87a352cd5de,676541ebbf85ec5de3d4b68d,7,6,8,200000.0
6804ae9fa628d87a352cd5de,676541ebbf85ec5de3d4b68d,7,6,8,200000.0
6804ae9fa628d87a352cd5de,676541ebbf85ec5de3d4b68d,7,6,1,200000.0
6804ae9fa628d87a352cd5de,676541ebbf85ec5de3d4b68d,7,6,1,200000.0
6804ae9fa628d87a352cd5de,676541ebbf85ec5de3d4b68d,7,6,8,200000.0
6804ae9fa628d87a352cd5de,676541ebbf85ec5de3d4b68d,7,6,1,200000.0
6804ae9fa628d87a352cd5de,676541ebbf85ec5de3d4b68d,7,6,7,200000.0
6804ae9fa628d87a352cd5de,676541ebbf85ec5de3d4b68d,7,6,6,200000.0
6804ae9fa628d87a352cd5de,676541ebbf85ec5de3d4b68d,7,6,8,200000.0
6804ae9fa628d87a352cd5de,676541ebbf85ec5de3d4b68d,7,6,6,200000.0
6804ae9fa628d87a352cd5de,676541ebbf85ec5de3d4b68d,7,6,9,200000.0
6804ae9fa628d87a352cd5de,676541ebbf85ec5de3d4b68d,7,6,7,200000.0
6804ae9fa628d87a352cd5de,676541ebbf85ec5de3d4b68d,7,6,6,200000.0
6804ae9fa628d87a352cd5de,676541ebbf85ec5de3d4b68d,7,6,10,200000.0
6804ae9fa628d87a352cd5de,676541ebbf85ec5de3d4b68d,7,6,5,200000.0
6804ae9fa628d87a352cd5de,676541ebbf85ec5de3d4b68d,7,6,7,200000.0
6804ae9fa628d87a352cd5de,676541ebbf85ec5de3d4b68d,7,6,9,200000.0
6804ae9fa628d87a352cd5de,676541ebbf85ec5de3d4b68d,7,6,9,200000.0
6804ae9fa628d87a352cd5de,676541ebbf85ec5de3d4b68d,7,6,6,200000.0
6804ae9fa628d87a352cd5de,676541ebbf85ec5de3d4b68d,7,6,7,200000.0
6804ae9fa628d87a352cd5de,676541ebbf85ec5de3d4b68d,7,6,9,200000.0
6804ae9fa628d87a352cd5de,676541ebbf85ec5de3d4b68d,7,6,5,200000.0
6804ae9fa628d87a352cd5de,676541ebbf85ec5de3d4b68d,7,6,6,200000.0
6804ae9fa628d87a352cd5de,676541ebbf85ec5de3d4b68d,7,6,8,200000.0
6804ae9fa628d87a352cd5de,676541ebbf85ec5de3d4b68d,7,6,5,200000.0
6804ae9fa628d87a352cd5de,676541ebbf85ec5de3d4b68d,7,6,4,200000.0
6804ae9fa628d87a352cd5de,676541ebbf85ec5de3d4b68d,7,6,5,200000.0
6804ac8da628d87a352cd5d7,676541a9bf85ec5de3d4b68b,4,18,8,200000.0
6804ac8da628d87a352cd5d7,676541a9bf85ec5de3d4b68b,4,18,8,200000.0
6804ac8da628d87a352cd5d7,676541a9bf85ec5de3d4b68b,4,18,8,200000.0
6804ac8da628d87a352cd5d7,676541a9bf85ec5de3d4b68b,4,18,7,200000.0
6804ac8da628d87a352cd5d7,676541a9bf85ec5de3d4b68b,4,18,7,200000.0
6804ac8da628d87a352cd5d7,676541a9bf85ec5de3d4b68b,4,18,7,200000.0
6804ac8da628d87a352cd5d7,676541a9bf85ec5de3d4b68b,4,18,9,200000.0
6804ac8da628d87a352cd5d7,676541a9bf85ec5de3d4b68b,4,18,10,200000.0
6804ac8da628d87a352cd5d7,676541a9bf85ec5de3d4b68b,4,18,9,200000.0
6804ac8da628d87a352cd5d7,676541a9bf85ec5de3d4b68b,4,18,9,200000.0
6804ac8da628d87a352cd5d7,676541a9bf85ec5de3d4b68b,4,18,9,200000.0
6804ac8da628d87a352cd5d7,676541a9bf85ec5de3d4b68b,4,18,8,200000.0
6804ac8da628d87a352cd5d7,676541a9bf85ec5de3d4b68b,4,18,6,200000.0
6804ac8da628d87a352cd5d7,676541a9bf85ec5de3d4b68b,4,18,6,200000.0
6804ac8da628d87a352cd5d7,676541a9bf85ec5de3d4b68b,4,18,6,200000.0
6804ac8da628d87a352cd5d7,676541a9bf85ec5de3d4b68b,4,18,7,200000.0
6804ac8da628d87a352cd5d7,676541a9bf85ec5de3d4b68b,4,18,7,200000.0
6804ac8da628d87a352cd5d7,676541a9bf85ec5de3d4b68b,4,18,6,200000.0
6804ac8da628d87a352cd5d7,676541a9bf85ec5de3d4b68b,4,18,5,200000.0
6804ac8da628d87a352cd5d7,676541a9bf85ec5de3d4b68b,4,18,5,200000.0
6804ac8da628d87a352cd5d7,676541a9bf85ec5de3d4b68b,4,18,5,200000.0
6804ac8da628d87a352cd5d7,676541a9bf85ec5de3d4b68b,4,18,5,200000.0
6804ac8da628d87a352cd5d7,676541a9bf85ec5de3d4b68b,4,18,5,200000.0
6804ac8da628d87a352cd5d7,676541a9bf85ec5de3d4b68b,4,18,4,200000.0
6804ac8da628d87a352cd5d7,676541a9bf85ec5de3d4b68b,6,6,11,240000.0
6804ac8da628d87a352cd5d7,676541a9bf85ec5de3d4b68b,6,6,12,240000.0
6804ac8da628d87a352cd5d7,676541a9bf85ec5de3d4b68b,6,6,11,240000.0
6804ac8da628d87a352cd5d7,676541a9bf85ec5de3d4b68b,6,6,12,240000.0
6804ac8da628d87a352cd5d7,676541a9bf85ec5de3d4b68b,6,6,12,240000.0
6804ac8da628d87a352cd5d7,676541a9bf85ec5de3d4b68b,6,6,12,240000.0
6804ac8da628d87a352cd5d7,676541a9bf85ec5de3d4b68b,6,6,11,240000.0
6804ac8da628d87a352cd5d7,676541a9bf85ec5de3d4b68b,6,6,11,240000.0
6804ac8da628d87a352cd5d7,676541a9bf85ec5de3d4b68b,6,6,11,240000.0
6804ac8da628d87a352cd5d7,676541a9bf85ec5de3d4b68b,6,6,10,240000.0
6804ac8da628d87a352cd5d7,676541a9bf85ec5de3d4b68b,6,6,10,240000.0
6804ac8da628d87a352cd5d7,676541a9bf85ec5de3d4b68b,6,6,10,240000.0
6804ac8da628d87a352cd5d7,676541a9bf85ec5de3d4b68b,6,6,2,240000.0
6804ac8da628d87a352cd5d7,676541a9bf85ec5de3d4b68b,6,6,2,240000.0
6804ac8da628d87a352cd5d7,676541a9bf85ec5de3d4b68b,6,6,2,240000.0
6804ac8da628d87a352cd5d7,676541a9bf85ec5de3d4b68b,6,6,3,240000.0
6804ac8da628d87a352cd5d7,676541a9bf85ec5de3d4b68b,6,6,3,240000.0
6804ac8da628d87a352cd5d7,676541a9bf85ec5de3d4b68b,6,6,3,240000.0
6804ac8da628d87a352cd5d7,676541a9bf85ec5de3d4b68b,6,6,1,240000.0
6804ac8da628d87a352cd5d7,676541a9bf85ec5de3d4b68b,6,6,2,240000.0
6804ac8da628d87a352cd5d7,676541a9bf85ec5de3d4b68b,6,6,1,240000.0
6804ac8da628d87a352cd5d7,676541a9bf85ec5de3d4b68b,6,6,8,240000.0
6804ac8da628d87a352cd5d7,676541a9bf85ec5de3d4b68b,6,6,8,240000.0
6804ac8da628d87a352cd5d7,676541a9bf85ec5de3d4b68b,6,6,8,240000.0
6804ac8da628d87a352cd5d7,676541a9bf85ec5de3d4b68b,6,6,7,240000.0
6804ac8da628d87a352cd5d7,676541a9bf85ec5de3d4b68b,6,6,1,240000.0
6804ac8da628d87a352cd5d7,676541a9bf85ec5de3d4b68b,6,6,8,240000.0
6804ac8da628d87a352cd5d7,676541a9bf85ec5de3d4b68b,6,6,1,240000.0
6804ac8da628d87a352cd5d7,676541a9bf85ec5de3d4b68b,6,6,7,240000.0
6804ac8da628d87a352cd5d7,676541a9bf85ec5de3d4b68b,6,6,1,240000.0
6804ac8da628d87a352cd5d7,676541a9bf85ec5de3d4b68b,6,6,9,240000.0
6804ac8da628d87a352cd5d7,676541a9bf85ec5de3d4b68b,6,6,10,240000.0
6804ac8da628d87a352cd5d7,676541a9bf85ec5de3d4b68b,6,6,9,240000.0
6804ac8da628d87a352cd5d7,676541a9bf85ec5de3d4b68b,6,6,9,240000.0
6804ac8da628d87a352cd5d7,676541a9bf85ec5de3d4b68b,6,6,9,240000.0
6804ac8da628d87a352cd5d7,676541a9bf85ec5de3d4b68b,6,6,6,240000.0
6804ac8da628d87a352cd5d7,676541a9bf85ec5de3d4b68b,6,6,4,240000.0
6804ac8da628d87a352cd5d7,676541a9bf85ec5de3d4b68b,6,6,5,240000.0
6804ac8da628d87a352cd5d7,676541a9bf85ec5de3d4b68b,6,6,5,240000.0
6804ac8da628d87a352cd5d7,676541a9bf85ec5de3d4b68b,6,6,6,240000.0
6804ac8da628d87a352cd5d7,676541a9bf85ec5de3d4b68b,6,6,7,240000.0
6804ac8da628d87a352cd5d7,676541a9bf85ec5de3d4b68b,6,6,5,240000.0
6804ac8da628d87a352cd5d7,676541a9bf85ec5de3d4b68b,6,6,6,240000.0
6804ac8da628d87a352cd5d7,676541a9bf85ec5de3d4b68b,6,6,6,240000.0
6804ac8da628d87a352cd5d7,676541a9bf85ec5de3d4b68b,6,6,5,240000.0
6804ac8da628d87a352cd5d7,676541a9bf85ec5de3d4b68b,6,6,5,240000.0
6804ac8da628d87a352cd5d7,676541a9bf85ec5de3d4b68b,6,6,7,240000.0
6804ac8da628d87a352cd5d7,676541a9bf85ec5de3d4b68b,6,6,8,240000.0
6804ac8da628d87a352cd5d7,676541a9bf85ec5de3d4b68b,6,20,11,240000.0
6804ac8da628d87a352cd5d7,676541a9bf85ec5de3d4b68b,6,20,12,240000.0
6804ac8da628d87a352cd5d7,676541a9bf85ec5de3d4b68b,6,20,11,240000.0
6804ac8da628d87a352cd5d7,676541a9bf85ec5de3d4b68b,6,20,12,240000.0
6804ac8da628d87a352cd5d7,676541a9bf85ec5de3d4b68b,6,20,12,240000.0
6804ac8da628d87a352cd5d7,676541a9bf85ec5de3d4b68b,6,20,12,240000.0
6804ac8da628d87a352cd5d7,676541a9bf85ec5de3d4b68b,6,20,11,240000.0
6804ac8da628d87a352cd5d7,676541a9bf85ec5de3d4b68b,6,20,11,240000.0
6804ac8da628d87a352cd5d7,676541a9bf85ec5de3d4b68b,6,20,11,240000.0
6804ac8da628d87a352cd5d7,676541a9bf85ec5de3d4b68b,6,20,10,240000.0
6804ac8da628d87a352cd5d7,676541a9bf85ec5de3d4b68b,6,20,10,240000.0
6804ac8da628d87a352cd5d7,676541a9bf85ec5de3d4b68b,6,20,10,240000.0
6804ac8da628d87a352cd5d7,676541a9bf85ec5de3d4b68b,6,20,2,240000.0
6804ac8da628d87a352cd5d7,676541a9bf85ec5de3d4b68b,6,20,2,240000.0
6804ac8da628d87a352cd5d7,676541a9bf85ec5de3d4b68b,6,20,2,240000.0
6804ac8da628d87a352cd5d7,676541a9bf85ec5de3d4b68b,6,20,3,240000.0
6804ac8da628d87a352cd5d7,676541a9bf85ec5de3d4b68b,6,20,3,240000.0
6804ac8da628d87a352cd5d7,676541a9bf85ec5de3d4b68b,6,20,3,240000.0
6804ac8da628d87a352cd5d7,676541a9bf85ec5de3d4b68b,6,20,1,240000.0
6804ac8da628d87a352cd5d7,676541a9bf85ec5de3d4b68b,6,20,2,240000.0
6804ac8da628d87a352cd5d7,676541a9bf85ec5de3d4b68b,6,20,1,240000.0
6804ac8da628d87a352cd5d7,676541a9bf85ec5de3d4b68b,6,20,1,240000.0
6804ac8da628d87a352cd5d7,676541a9bf85ec5de3d4b68b,6,20,1,240000.0
6804ac8da628d87a352cd5d7,676541a9bf85ec5de3d4b68b,6,20,1,240000.0
6804ac8da628d87a352cd5d7,676541a9bf85ec5de3d4b68b,6,20,8,240000.0
6804ac8da628d87a352cd5d7,676541a9bf85ec5de3d4b68b,6,20,8,240000.0
6804ac8da628d87a352cd5d7,676541a9bf85ec5de3d4b68b,6,20,8,240000.0
6804ac8da628d87a352cd5d7,676541a9bf85ec5de3d4b68b,6,20,7,240000.0
6804ac8da628d87a352cd5d7,676541a9bf85ec5de3d4b68b,6,20,8,240000.0
6804ac8da628d87a352cd5d7,676541a9bf85ec5de3d4b68b,6,20,7,240000.0
6804ac8da628d87a352cd5d7,676541a9bf85ec5de3d4b68b,6,20,9,240000.0
6804ac8da628d87a352cd5d7,676541a9bf85ec5de3d4b68b,6,20,10,240000.0
6804ac8da628d87a352cd5d7,676541a9bf85ec5de3d4b68b,6,20,9,240000.0
6804ac8da628d87a352cd5d7,676541a9bf85ec5de3d4b68b,6,20,9,240000.0
6804ac8da628d87a352cd5d7,676541a9bf85ec5de3d4b68b,6,20,9,240000.0
6804ac8da628d87a352cd5d7,676541a9bf85ec5de3d4b68b,6,20,8,240000.0
6804ac8da628d87a352cd5d7,676541a9bf85ec5de3d4b68b,6,20,6,240000.0
6804ac8da628d87a352cd5d7,676541a9bf85ec5de3d4b68b,6,20,6,240000.0
6804ac8da628d87a352cd5d7,676541a9bf85ec5de3d4b68b,6,20,6,240000.0
6804ac8da628d87a352cd5d7,676541a9bf85ec5de3d4b68b,6,20,7,240000.0
6804ac8da628d87a352cd5d7,676541a9bf85ec5de3d4b68b,6,20,7,240000.0
6804ac8da628d87a352cd5d7,676541a9bf85ec5de3d4b68b,6,20,6,240000.0
6804ac8da628d87a352cd5d7,676541a9bf85ec5de3d4b68b,6,20,5,240000.0
6804ac8da628d87a352cd5d7,676541a9bf85ec5de3d4b68b,6,20,5,240000.0
6804ac8da628d87a352cd5d7,676541a9bf85ec5de3d4b68b,6,20,5,240000.0
6804ac8da628d87a352cd5d7,676541a9bf85ec5de3d4b68b,6,20,5,240000.0
6804ac8da628d87a352cd5d7,676541a9bf85ec5de3d4b68b,6,20,5,240000.0
6804ac8da628d87a352cd5d7,676541a9bf85ec5de3d4b68b,6,20,4,240000.0
6804ac28a628d87a352cd5d5,676541a9bf85ec5de3d4b68b,7,17,12,200000.0
6804ac28a628d87a352cd5d5,676541a9bf85ec5de3d4b68b,7,17,12,200000.0
6804ac28a628d87a352cd5d5,676541a9bf85ec5de3d4b68b,7,17,11,200000.0
6804ac28a628d87a352cd5d5,676541a9bf85ec5de3d4b68b,7,17,12,200000.0
6804ac28a628d87a352cd5d5,676541a9bf85ec5de3d4b68b,7,17,1,200000.0
6804ac28a628d87a352cd5d5,676541a9bf85ec5de3d4b68b,7,17,12,200000.0
6804ac28a628d87a352cd5d5,676541a9bf85ec5de3d4b68b,7,17,11,200000.0
6804ac28a628d87a352cd5d5,676541a9bf85ec5de3d4b68b,7,17,11,200000.0
6804ac28a628d87a352cd5d5,676541a9bf85ec5de3d4b68b,7,17,11,200000.0
6804ac28a628d87a352cd5d5,676541a9bf85ec5de3d4b68b,7,17,10,200000.0
6804ac28a628d87a352cd5d5,676541a9bf85ec5de3d4b68b,7,17,11,200000.0
6804ac28a628d87a352cd5d5,676541a9bf85ec5de3d4b68b,7,17,10,200000.0
6804ac28a628d87a352cd5d5,676541a9bf85ec5de3d4b68b,7,17,3,200000.0
6804ac28a628d87a352cd5d5,676541a9bf85ec5de3d4b68b,7,17,3,200000.0
6804ac28a628d87a352cd5d5,676541a9bf85ec5de3d4b68b,7,17,2,200000.0
6804ac28a628d87a352cd5d5,676541a9bf85ec5de3d4b68b,7,17,3,200000.0
6804ac28a628d87a352cd5d5,676541a9bf85ec5de3d4b68b,7,17,3,200000.0
6804ac28a628d87a352cd5d5,676541a9bf85ec5de3d4b68b,7,17,3,200000.0
6804ac28a628d87a352cd5d5,676541a9bf85ec5de3d4b68b,7,17,2,200000.0
6804ac28a628d87a352cd5d5,676541a9bf85ec5de3d4b68b,7,17,2,200000.0
6804ac28a628d87a352cd5d5,676541a9bf85ec5de3d4b68b,7,17,2,200000.0
6804ac28a628d87a352cd5d5,676541a9bf85ec5de3d4b68b,7,17,1,200000.0
6804ac28a628d87a352cd5d5,676541a9bf85ec5de3d4b68b,7,17,1,200000.0
6804ac28a628d87a352cd5d5,676541a9bf85ec5de3d4b68b,7,17,1,200000.0
6804ac28a628d87a352cd5d5,676541a9bf85ec5de3d4b68b,7,17,8,200000.0
6804ac28a628d87a352cd5d5,676541a9bf85ec5de3d4b68b,7,17,8,200000.0
6804ac28a628d87a352cd5d5,676541a9bf85ec5de3d4b68b,7,17,8,200000.0
6804ac28a628d87a352cd5d5,676541a9bf85ec5de3d4b68b,7,17,8,200000.0
6804ac28a628d87a352cd5d5,676541a9bf85ec5de3d4b68b,7,17,8,200000.0
6804ac28a628d87a352cd5d5,676541a9bf85ec5de3d4b68b,7,17,7,200000.0
6804ac28a628d87a352cd5d5,676541a9bf85ec5de3d4b68b,7,17,9,200000.0
6804ac28a628d87a352cd5d5,676541a9bf85ec5de3d4b68b,7,17,10,200000.0
6804ac28a628d87a352cd5d5,676541a9bf85ec5de3d4b68b,7,17,10,200000.0
6804ac28a628d87a352cd5d5,676541a9bf85ec5de3d4b68b,7,17,9,200000.0
6804ac28a628d87a352cd5d5,676541a9bf85ec5de3d4b68b,7,17,9,200000.0
6804ac28a628d87a352cd5d5,676541a9bf85ec5de3d4b68b,7,17,9,200000.0
6804ac28a628d87a352cd5d5,676541a9bf85ec5de3d4b68b,7,17,6,200000.0
6804ac28a628d87a352cd5d5,676541a9bf85ec5de3d4b68b,7,17,5,200000.0
6804ac28a628d87a352cd5d5,676541a9bf85ec5de3d4b68b,7,17,6,200000.0
6804ac28a628d87a352cd5d5,676541a9bf85ec5de3d4b68b,7,17,7,200000.0
6804ac28a628d87a352cd5d5,676541a9bf85ec5de3d4b68b,7,17,5,200000.0
6804ac28a628d87a352cd5d5,676541a9bf85ec5de3d4b68b,7,17,7,200000.0
6804ac28a628d87a352cd5d5,676541a9bf85ec5de3d4b68b,7,17,5,200000.0
6804ac28a628d87a352cd5d5,676541a9bf85ec5de3d4b68b,7,17,7,200000.0
6804ac28a628d87a352cd5d5,676541a9bf85ec5de3d4b68b,7,17,5,200000.0
6804ac28a628d87a352cd5d5,676541a9bf85ec5de3d4b68b,7,17,6,200000.0
6804ac28a628d87a352cd5d5,676541a9bf85ec5de3d4b68b,7,17,6,200000.0
6804ac28a628d87a352cd5d5,676541a9bf85ec5de3d4b68b,7,17,6,200000.0
6804b039a628d87a352cd5e4,67654209bf85ec5de3d4b68e,7,7,11,100000.0
6804b039a628d87a352cd5e4,67654209bf85ec5de3d4b68e,7,7,12,100000.0
6804b039a628d87a352cd5e4,67654209bf85ec5de3d4b68e,7,7,11,100000.0
6804b039a628d87a352cd5e4,67654209bf85ec5de3d4b68e,7,7,12,100000.0
6804b039a628d87a352cd5e4,67654209bf85ec5de3d4b68e,7,7,12,100000.0
6804b039a628d87a352cd5e4,67654209bf85ec5de3d4b68e,7,7,12,100000.0
6804b039a628d87a352cd5e4,67654209bf85ec5de3d4b68e,7,7,11,100000.0
6804b039a628d87a352cd5e4,67654209bf85ec5de3d4b68e,7,7,11,100000.0
6804b039a628d87a352cd5e4,67654209bf85ec5de3d4b68e,7,7,11,100000.0
6804b039a628d87a352cd5e4,67654209bf85ec5de3d4b68e,7,7,10,100000.0
6804b039a628d87a352cd5e4,67654209bf85ec5de3d4b68e,7,7,10,100000.0
6804b039a628d87a352cd5e4,67654209bf85ec5de3d4b68e,7,7,10,100000.0
6804b039a628d87a352cd5e4,67654209bf85ec5de3d4b68e,7,7,2,100000.0
6804b039a628d87a352cd5e4,67654209bf85ec5de3d4b68e,7,7,3,100000.0
6804b039a628d87a352cd5e4,67654209bf85ec5de3d4b68e,7,7,2,100000.0
6804b039a628d87a352cd5e4,67654209bf85ec5de3d4b68e,7,7,3,100000.0
6804b039a628d87a352cd5e4,67654209bf85ec5de3d4b68e,7,7,3,100000.0
6804b039a628d87a352cd5e4,67654209bf85ec5de3d4b68e,7,7,3,100000.0
6804b039a628d87a352cd5e4,67654209bf85ec5de3d4b68e,7,7,1,100000.0
6804b039a628d87a352cd5e4,67654209bf85ec5de3d4b68e,7,7,2,100000.0
6804b039a628d87a352cd5e4,67654209bf85ec5de3d4b68e,7,7,2,100000.0
6804b039a628d87a352cd5e4,67654209bf85ec5de3d4b68e,7,7,1,100000.0
6804b039a628d87a352cd5e4,67654209bf85ec5de3d4b68e,7,7,1,100000.0
6804b039a628d87a352cd5e4,67654209bf85ec5de3d4b68e,7,7,1,100000.0
6804b039a628d87a352cd5e4,67654209bf85ec5de3d4b68e,7,7,8,100000.0
6804b039a628d87a352cd5e4,67654209bf85ec5de3d4b68e,7,7,8,100000.0
6804b039a628d87a352cd5e4,67654209bf85ec5de3d4b68e,7,7,8,100000.0
6804b039a628d87a352cd5e4,67654209bf85ec5de3d4b68e,7,7,7,100000.0
6804b039a628d87a352cd5e4,67654209bf85ec5de3d4b68e,7,7,8,100000.0
6804b039a628d87a352cd5e4,67654209bf85ec5de3d4b68e,7,7,7,100000.0
6804b039a628d87a352cd5e4,67654209bf85ec5de3d4b68e,7,7,9,100000.0
6804b039a628d87a352cd5e4,67654209bf85ec5de3d4b68e,7,7,10,100000.0
6804b039a628d87a352cd5e4,67654209bf85ec5de3d4b68e,7,7,9,100000.0
6804b039a628d87a352cd5e4,67654209bf85ec5de3d4b68e,7,7,9,100000.0
6804b039a628d87a352cd5e4,67654209bf85ec5de3d4b68e,7,7,9,100000.0
6804b039a628d87a352cd5e4,67654209bf85ec5de3d4b68e,7,7,8,100000.0
6804b039a628d87a352cd5e4,67654209bf85ec5de3d4b68e,7,7,6,100000.0
6804b039a628d87a352cd5e4,67654209bf85ec5de3d4b68e,7,7,6,100000.0
6804b039a628d87a352cd5e4,67654209bf85ec5de3d4b68e,7,7,6,100000.0
6804b039a628d87a352cd5e4,67654209bf85ec5de3d4b68e,7,7,7,100000.0
6804b039a628d87a352cd5e4,67654209bf85ec5de3d4b68e,7,7,7,100000.0
6804b039a628d87a352cd5e4,67654209bf85ec5de3d4b68e,7,7,6,100000.0
6804b039a628d87a352cd5e4,67654209bf85ec5de3d4b68e,7,7,5,100000.0
6804b039a628d87a352cd5e4,67654209bf85ec5de3d4b68e,7,7,6,100000.0
6804b039a628d87a352cd5e4,67654209bf85ec5de3d4b68e,7,7,5,100000.0
6804b039a628d87a352cd5e4,67654209bf85ec5de3d4b68e,7,7,4,100000.0
6804b039a628d87a352cd5e4,67654209bf85ec5de3d4b68e,7,7,5,100000.0
6804b039a628d87a352cd5e4,67654209bf85ec5de3d4b68e,7,7,5,100000.0
6804b039a628d87a352cd5e4,67654209bf85ec5de3d4b68e,7,19,11,100000.0
6804b039a628d87a352cd5e4,67654209bf85ec5de3d4b68e,7,19,12,100000.0
6804b039a628d87a352cd5e4,67654209bf85ec5de3d4b68e,7,19,11,100000.0
6804b039a628d87a352cd5e4,67654209bf85ec5de3d4b68e,7,19,12,100000.0
6804b039a628d87a352cd5e4,67654209bf85ec5de3d4b68e,7,19,12,100000.0
6804b039a628d87a352cd5e4,67654209bf85ec5de3d4b68e,7,19,12,100000.0
6804b039a628d87a352cd5e4,67654209bf85ec5de3d4b68e,7,19,11,100000.0
6804b039a628d87a352cd5e4,67654209bf85ec5de3d4b68e,7,19,11,100000.0
6804b039a628d87a352cd5e4,67654209bf85ec5de3d4b68e,7,19,11,100000.0
6804b039a628d87a352cd5e4,67654209bf85ec5de3d4b68e,7,19,10,100000.0
6804b039a628d87a352cd5e4,67654209bf85ec5de3d4b68e,7,19,10,100000.0
6804b039a628d87a352cd5e4,67654209bf85ec5de3d4b68e,7,19,10,100000.0
6804b039a628d87a352cd5e4,67654209bf85ec5de3d4b68e,7,19,2,100000.0
6804b039a628d87a352cd5e4,67654209bf85ec5de3d4b68e,7,19,3,100000.0
6804b039a628d87a352cd5e4,67654209bf85ec5de3d4b68e,7,19,2,100000.0
6804b039a628d87a352cd5e4,67654209bf85ec5de3d4b68e,7,19,3,100000.0
6804b039a628d87a352cd5e4,67654209bf85ec5de3d4b68e,7,19,3,100000.0
6804b039a628d87a352cd5e4,67654209bf85ec5de3d4b68e,7,19,3,100000.0
6804b039a628d87a352cd5e4,67654209bf85ec5de3d4b68e,7,19,1,100000.0
6804b039a628d87a352cd5e4,67654209bf85ec5de3d4b68e,7,19,2,100000.0
6804b039a628d87a352cd5e4,67654209bf85ec5de3d4b68e,7,19,2,100000.0
6804b039a628d87a352cd5e4,67654209bf85ec5de3d4b68e,7,19,1,100000.0
6804b039a628d87a352cd5e4,67654209bf85ec5de3d4b68e,7,19,1,100000.0
6804b039a628d87a352cd5e4,67654209bf85ec5de3d4b68e,7,19,1,100000.0
6804b039a628d87a352cd5e4,67654209bf85ec5de3d4b68e,7,19,8,100000.0
6804b039a628d87a352cd5e4,67654209bf85ec5de3d4b68e,7,19,8,100000.0
6804b039a628d87a352cd5e4,67654209bf85ec5de3d4b68e,7,19,8,100000.0
6804b039a628d87a352cd5e4,67654209bf85ec5de3d4b68e,7,19,7,100000.0
6804b039a628d87a352cd5e4,67654209bf85ec5de3d4b68e,7,19,8,100000.0
6804b039a628d87a352cd5e4,67654209bf85ec5de3d4b68e,7,19,7,100000.0
6804b039a628d87a352cd5e4,67654209bf85ec5de3d4b68e,7,19,9,100000.0
6804b039a628d87a352cd5e4,67654209bf85ec5de3d4b68e,7,19,10,100000.0
6804b039a628d87a352cd5e4,67654209bf85ec5de3d4b68e,7,19,9,100000.0
6804b039a628d87a352cd5e4,67654209bf85ec5de3d4b68e,7,19,9,100000.0
6804b039a628d87a352cd5e4,67654209bf85ec5de3d4b68e,7,19,9,100000.0
6804b039a628d87a352cd5e4,67654209bf85ec5de3d4b68e,7,19,8,100000.0
6804b039a628d87a352cd5e4,67654209bf85ec5de3d4b68e,7,19,6,100000.0
6804b039a628d87a352cd5e4,67654209bf85ec5de3d4b68e,7,19,6,100000.0
6804b039a628d87a352cd5e4,67654209bf85ec5de3d4b68e,7,19,6,100000.0
6804b039a628d87a352cd5e4,67654209bf85ec5de3d4b68e,7,19,7,100000.0
6804b039a628d87a352cd5e4,67654209bf85ec5de3d4b68e,7,19,7,100000.0
6804b039a628d87a352cd5e4,67654209bf85ec5de3d4b68e,7,19,6,100000.0
6804b039a628d87a352cd5e4,67654209bf85ec5de3d4b68e,7,19,5,100000.0
6804b039a628d87a352cd5e4,67654209bf85ec5de3d4b68e,7,19,5,100000.0
6804b039a628d87a352cd5e4,67654209bf85ec5de3d4b68e,7,19,4,100000.0
6804b039a628d87a352cd5e4,67654209bf85ec5de3d4b68e,7,19,5,100000.0
6804b039a628d87a352cd5e4,67654209bf85ec5de3d4b68e,7,19,6,100000.0
6804b039a628d87a352cd5e4,67654209bf85ec5de3d4b68e,7,19,5,100000.0
6804b039a628d87a352cd5e4,67654209bf85ec5de3d4b68e,7,18,11,100000.0
6804b039a628d87a352cd5e4,67654209bf85ec5de3d4b68e,7,18,12,100000.0
6804b039a628d87a352cd5e4,67654209bf85ec5de3d4b68e,7,18,11,100000.0
6804b039a628d87a352cd5e4,67654209bf85ec5de3d4b68e,7,18,12,100000.0
6804b039a628d87a352cd5e4,67654209bf85ec5de3d4b68e,7,18,12,100000.0
6804b039a628d87a352cd5e4,67654209bf85ec5de3d4b68e,7,18,12,100000.0
6804b039a628d87a352cd5e4,67654209bf85ec5de3d4b68e,7,18,11,100000.0
6804b039a628d87a352cd5e4,67654209bf85ec5de3d4b68e,7,18,11,100000.0
6804b039a628d87a352cd5e4,67654209bf85ec5de3d4b68e,7,18,11,100000.0
6804b039a628d87a352cd5e4,67654209bf85ec5de3d4b68e,7,18,10,100000.0
6804b039a628d87a352cd5e4,67654209bf85ec5de3d4b68e,7,18,10,100000.0
6804b039a628d87a352cd5e4,67654209bf85ec5de3d4b68e,7,18,10,100000.0
6804b039a628d87a352cd5e4,67654209bf85ec5de3d4b68e,7,18,2,100000.0
6804b039a628d87a352cd5e4,67654209bf85ec5de3d4b68e,7,18,3,100000.0
6804b039a628d87a352cd5e4,67654209bf85ec5de3d4b68e,7,18,2,100000.0
6804b039a628d87a352cd5e4,67654209bf85ec5de3d4b68e,7,18,3,100000.0
6804b039a628d87a352cd5e4,67654209bf85ec5de3d4b68e,7,18,3,100000.0
6804b039a628d87a352cd5e4,67654209bf85ec5de3d4b68e,7,18,3,100000.0
6804b039a628d87a352cd5e4,67654209bf85ec5de3d4b68e,7,18,8,100000.0
6804b039a628d87a352cd5e4,67654209bf85ec5de3d4b68e,7,18,1,100000.0
6804b039a628d87a352cd5e4,67654209bf85ec5de3d4b68e,7,18,8,100000.0
6804b039a628d87a352cd5e4,67654209bf85ec5de3d4b68e,7,18,2,100000.0
6804b039a628d87a352cd5e4,67654209bf85ec5de3d4b68e,7,18,2,100000.0
6804b039a628d87a352cd5e4,67654209bf85ec5de3d4b68e,7,18,8,100000.0
6804b039a628d87a352cd5e4,67654209bf85ec5de3d4b68e,7,18,7,100000.0
6804b039a628d87a352cd5e4,67654209bf85ec5de3d4b68e,7,18,8,100000.0
6804b039a628d87a352cd5e4,67654209bf85ec5de3d4b68e,7,18,6,100000.0
6804b039a628d87a352cd5e4,67654209bf85ec5de3d4b68e,7,18,7,100000.0
6804b039a628d87a352cd5e4,67654209bf85ec5de3d4b68e,7,18,6,100000.0
6804b039a628d87a352cd5e4,67654209bf85ec5de3d4b68e,7,18,9,100000.0
6804b039a628d87a352cd5e4,67654209bf85ec5de3d4b68e,7,18,5,100000.0
6804b039a628d87a352cd5e4,67654209bf85ec5de3d4b68e,7,18,10,100000.0
6804b039a628d87a352cd5e4,67654209bf85ec5de3d4b68e,7,18,6,100000.0
6804b039a628d87a352cd5e4,67654209bf85ec5de3d4b68e,7,18,6,100000.0
6804b039a628d87a352cd5e4,67654209bf85ec5de3d4b68e,7,18,5,100000.0
6804b039a628d87a352cd5e4,67654209bf85ec5de3d4b68e,7,18,9,100000.0
6804b039a628d87a352cd5e4,67654209bf85ec5de3d4b68e,7,18,6,100000.0
6804b039a628d87a352cd5e4,67654209bf85ec5de3d4b68e,7,18,5,100000.0
6804b039a628d87a352cd5e4,67654209bf85ec5de3d4b68e,7,18,5,100000.0
6804b039a628d87a352cd5e4,67654209bf85ec5de3d4b68e,7,18,9,100000.0
6804b039a628d87a352cd5e4,67654209bf85ec5de3d4b68e,7,18,1,100000.0
6804b039a628d87a352cd5e4,67654209bf85ec5de3d4b68e,7,18,4,100000.0
6804b039a628d87a352cd5e4,67654209bf85ec5de3d4b68e,7,18,7,100000.0
6804b039a628d87a352cd5e4,67654209bf85ec5de3d4b68e,7,18,9,100000.0
6804b039a628d87a352cd5e4,67654209bf85ec5de3d4b68e,7,18,1,100000.0
6804b039a628d87a352cd5e4,67654209bf85ec5de3d4b68e,7,18,1,100000.0
6804b039a628d87a352cd5e4,67654209bf85ec5de3d4b68e,7,18,8,100000.0
6804b039a628d87a352cd5e4,67654209bf85ec5de3d4b68e,7,18,7,100000.0
6804af52a628d87a352cd5e1,67654209bf85ec5de3d4b68e,6,6,11,100000.0
6804af52a628d87a352cd5e1,67654209bf85ec5de3d4b68e,6,6,11,100000.0
6804af52a628d87a352cd5e1,67654209bf85ec5de3d4b68e,6,6,11,100000.0
6804af52a628d87a352cd5e1,67654209bf85ec5de3d4b68e,6,6,12,100000.0
6804af52a628d87a352cd5e1,67654209bf85ec5de3d4b68e,6,6,12,100000.0
6804af52a628d87a352cd5e1,67654209bf85ec5de3d4b68e,6,6,12,100000.0
6804af52a628d87a352cd5e1,67654209bf85ec5de3d4b68e,6,6,10,100000.0
6804af52a628d87a352cd5e1,67654209bf85ec5de3d4b68e,6,6,11,100000.0
6804af52a628d87a352cd5e1,67654209bf85ec5de3d4b68e,6,6,11,100000.0
6804af52a628d87a352cd5e1,67654209bf85ec5de3d4b68e,6,6,10,100000.0
6804af52a628d87a352cd5e1,67654209bf85ec5de3d4b68e,6,6,10,100000.0
6804af52a628d87a352cd5e1,67654209bf85ec5de3d4b68e,6,6,10,100000.0
6804af52a628d87a352cd5e1,67654209bf85ec5de3d4b68e,6,6,2,100000.0
6804af52a628d87a352cd5e1,67654209bf85ec5de3d4b68e,6,6,2,100000.0
6804af52a628d87a352cd5e1,67654209bf85ec5de3d4b68e,6,6,2,100000.0
6804af52a628d87a352cd5e1,67654209bf85ec5de3d4b68e,6,6,3,100000.0
6804af52a628d87a352cd5e1,67654209bf85ec5de3d4b68e,6,6,3,100000.0
6804af52a628d87a352cd5e1,67654209bf85ec5de3d4b68e,6,6,2,100000.0
6804af52a628d87a352cd5e1,67654209bf85ec5de3d4b68e,6,6,8,100000.0
6804af52a628d87a352cd5e1,67654209bf85ec5de3d4b68e,6,6,8,100000.0
6804af52a628d87a352cd5e1,67654209bf85ec5de3d4b68e,6,6,8,100000.0
6804af52a628d87a352cd5e1,67654209bf85ec5de3d4b68e,6,6,7,100000.0
6804af52a628d87a352cd5e1,67654209bf85ec5de3d4b68e,6,6,7,100000.0
6804af52a628d87a352cd5e1,67654209bf85ec5de3d4b68e,6,6,7,100000.0
6804af52a628d87a352cd5e1,67654209bf85ec5de3d4b68e,6,6,6,100000.0
6804af52a628d87a352cd5e1,67654209bf85ec5de3d4b68e,6,6,5,100000.0
6804af52a628d87a352cd5e1,67654209bf85ec5de3d4b68e,6,6,6,100000.0
6804af52a628d87a352cd5e1,67654209bf85ec5de3d4b68e,6,6,5,100000.0
6804af52a628d87a352cd5e1,67654209bf85ec5de3d4b68e,6,6,5,100000.0
6804af52a628d87a352cd5e1,67654209bf85ec5de3d4b68e,6,6,6,100000.0
6804af52a628d87a352cd5e1,67654209bf85ec5de3d4b68e,6,6,7,100000.0
6804af52a628d87a352cd5e1,67654209bf85ec5de3d4b68e,6,6,1,100000.0
6804af52a628d87a352cd5e1,67654209bf85ec5de3d4b68e,6,6,1,100000.0
6804af52a628d87a352cd5e1,67654209bf85ec5de3d4b68e,6,6,5,100000.0
6804af52a628d87a352cd5e1,67654209bf85ec5de3d4b68e,6,6,6,100000.0
6804af52a628d87a352cd5e1,67654209bf85ec5de3d4b68e,6,6,1,100000.0
6804af52a628d87a352cd5e1,67654209bf85ec5de3d4b68e,6,6,12,100000.0
6804af52a628d87a352cd5e1,67654209bf85ec5de3d4b68e,6,6,1,100000.0
6804af52a628d87a352cd5e1,67654209bf85ec5de3d4b68e,6,6,1,100000.0
6804af52a628d87a352cd5e1,67654209bf85ec5de3d4b68e,6,6,4,100000.0
6804af52a628d87a352cd5e1,67654209bf85ec5de3d4b68e,6,6,4,100000.0
6804af52a628d87a352cd5e1,67654209bf85ec5de3d4b68e,6,6,5,100000.0
6804af52a628d87a352cd5e1,67654209bf85ec5de3d4b68e,6,6,9,100000.0
6804af52a628d87a352cd5e1,67654209bf85ec5de3d4b68e,6,6,9,100000.0
6804af52a628d87a352cd5e1,67654209bf85ec5de3d4b68e,6,6,8,100000.0
6804af52a628d87a352cd5e1,67654209bf85ec5de3d4b68e,6,6,8,100000.0
6804af52a628d87a352cd5e1,67654209bf85ec5de3d4b68e,6,6,9,100000.0
6804af52a628d87a352cd5e1,67654209bf85ec5de3d4b68e,6,6,9,100000.0
6804af52a628d87a352cd5e1,67654209bf85ec5de3d4b68e,6,7,11,100000.0
6804af52a628d87a352cd5e1,67654209bf85ec5de3d4b68e,6,7,11,100000.0
6804af52a628d87a352cd5e1,67654209bf85ec5de3d4b68e,6,7,11,100000.0
6804af52a628d87a352cd5e1,67654209bf85ec5de3d4b68e,6,7,12,100000.0
6804af52a628d87a352cd5e1,67654209bf85ec5de3d4b68e,6,7,2,100000.0
6804af52a628d87a352cd5e1,67654209bf85ec5de3d4b68e,6,7,12,100000.0
6804af52a628d87a352cd5e1,67654209bf85ec5de3d4b68e,6,7,2,100000.0
6804af52a628d87a352cd5e1,67654209bf85ec5de3d4b68e,6,7,2,100000.0
6804af52a628d87a352cd5e1,67654209bf85ec5de3d4b68e,6,7,12,100000.0
6804af52a628d87a352cd5e1,67654209bf85ec5de3d4b68e,6,7,8,100000.0
6804af52a628d87a352cd5e1,67654209bf85ec5de3d4b68e,6,7,6,100000.0
6804af52a628d87a352cd5e1,67654209bf85ec5de3d4b68e,6,7,6,100000.0
6804af52a628d87a352cd5e1,67654209bf85ec5de3d4b68e,6,7,9,100000.0
6804af52a628d87a352cd5e1,67654209bf85ec5de3d4b68e,6,7,5,100000.0
6804af52a628d87a352cd5e1,67654209bf85ec5de3d4b68e,6,7,3,100000.0
6804af52a628d87a352cd5e1,67654209bf85ec5de3d4b68e,6,7,10,100000.0
6804af52a628d87a352cd5e1,67654209bf85ec5de3d4b68e,6,7,3,100000.0
6804af52a628d87a352cd5e1,67654209bf85ec5de3d4b68e,6,7,9,100000.0
6804af52a628d87a352cd5e1,67654209bf85ec5de3d4b68e,6,7,8,100000.0
6804af52a628d87a352cd5e1,67654209bf85ec5de3d4b68e,6,7,9,100000.0
6804af52a628d87a352cd5e1,67654209bf85ec5de3d4b68e,6,7,11,100000.0
6804af52a628d87a352cd5e1,67654209bf85ec5de3d4b68e,6,7,8,100000.0
6804af52a628d87a352cd5e1,67654209bf85ec5de3d4b68e,6,7,11,100000.0
6804af52a628d87a352cd5e1,67654209bf85ec5de3d4b68e,6,7,9,100000.0
6804af52a628d87a352cd5e1,67654209bf85ec5de3d4b68e,6,7,10,100000.0
6804af52a628d87a352cd5e1,67654209bf85ec5de3d4b68e,6,7,8,100000.0
6804af52a628d87a352cd5e1,67654209bf85ec5de3d4b68e,6,7,7,100000.0
6804af52a628d87a352cd5e1,67654209bf85ec5de3d4b68e,6,7,10,100000.0
6804af52a628d87a352cd5e1,67654209bf85ec5de3d4b68e,6,7,2,100000.0
6804af52a628d87a352cd5e1,67654209bf85ec5de3d4b68e,6,7,10,100000.0
6804af52a628d87a352cd5e1,67654209bf85ec5de3d4b68e,6,7,7,100000.0
6804af52a628d87a352cd5e1,67654209bf85ec5de3d4b68e,6,7,7,100000.0
6804af52a628d87a352cd5e1,67654209bf85ec5de3d4b68e,6,7,1,100000.0
6804af52a628d87a352cd5e1,67654209bf85ec5de3d4b68e,6,7,1,100000.0
6804af52a628d87a352cd5e1,67654209bf85ec5de3d4b68e,6,7,12,100000.0
6804af52a628d87a352cd5e1,67654209bf85ec5de3d4b68e,6,7,4,100000.0
6804af52a628d87a352cd5e1,67654209bf85ec5de3d4b68e,6,7,5,100000.0
6804af52a628d87a352cd5e1,67654209bf85ec5de3d4b68e,6,7,1,100000.0
6804af52a628d87a352cd5e1,67654209bf85ec5de3d4b68e,6,7,1,100000.0
6804af52a628d87a352cd5e1,67654209bf85ec5de3d4b68e,6,7,8,100000.0
6804af52a628d87a352cd5e1,67654209bf85ec5de3d4b68e,6,7,1,100000.0
6804af52a628d87a352cd5e1,67654209bf85ec5de3d4b68e,6,7,5,100000.0
6804af52a628d87a352cd5e1,67654209bf85ec5de3d4b68e,6,7,6,100000.0
6804af52a628d87a352cd5e1,67654209bf85ec5de3d4b68e,6,7,4,100000.0
6804af52a628d87a352cd5e1,67654209bf85ec5de3d4b68e,6,7,5,100000.0
6804af52a628d87a352cd5e1,67654209bf85ec5de3d4b68e,6,7,6,100000.0
6804af52a628d87a352cd5e1,67654209bf85ec5de3d4b68e,6,7,7,100000.0
6804af52a628d87a352cd5e1,67654209bf85ec5de3d4b68e,6,7,5,100000.0
6804af52a628d87a352cd5e1,67654209bf85ec5de3d4b68e,6,21,11,100000.0
6804af52a628d87a352cd5e1,67654209bf85ec5de3d4b68e,6,21,11,100000.0
6804af52a628d87a352cd5e1,67654209bf85ec5de3d4b68e,6,21,11,100000.0
6804af52a628d87a352cd5e1,67654209bf85ec5de3d4b68e,6,21,12,100000.0
6804af52a628d87a352cd5e1,67654209bf85ec5de3d4b68e,6,21,12,100000.0
6804af52a628d87a352cd5e1,67654209bf85ec5de3d4b68e,6,21,12,100000.0
6804af52a628d87a352cd5e1,67654209bf85ec5de3d4b68e,6,21,8,100000.0
6804af52a628d87a352cd5e1,67654209bf85ec5de3d4b68e,6,21,10,100000.0
6804af52a628d87a352cd5e1,67654209bf85ec5de3d4b68e,6,21,11,100000.0
6804af52a628d87a352cd5e1,67654209bf85ec5de3d4b68e,6,21,6,100000.0
6804af52a628d87a352cd5e1,67654209bf85ec5de3d4b68e,6,21,11,100000.0
6804af52a628d87a352cd5e1,67654209bf85ec5de3d4b68e,6,21,2,100000.0
6804af52a628d87a352cd5e1,67654209bf85ec5de3d4b68e,6,21,6,100000.0
6804af52a628d87a352cd5e1,67654209bf85ec5de3d4b68e,6,21,8,100000.0
6804af52a628d87a352cd5e1,67654209bf85ec5de3d4b68e,6,21,5,100000.0
6804af52a628d87a352cd5e1,67654209bf85ec5de3d4b68e,6,21,9,100000.0
6804af52a628d87a352cd5e1,67654209bf85ec5de3d4b68e,6,21,5,100000.0
6804af52a628d87a352cd5e1,67654209bf85ec5de3d4b68e,6,21,2,100000.0
6804af52a628d87a352cd5e1,67654209bf85ec5de3d4b68e,6,21,8,100000.0
6804af52a628d87a352cd5e1,67654209bf85ec5de3d4b68e,6,21,10,100000.0
6804af52a628d87a352cd5e1,67654209bf85ec5de3d4b68e,6,21,2,100000.0
6804af52a628d87a352cd5e1,67654209bf85ec5de3d4b68e,6,21,3,100000.0
6804af52a628d87a352cd5e1,67654209bf85ec5de3d4b68e,6,21,5,100000.0
6804af52a628d87a352cd5e1,67654209bf85ec5de3d4b68e,6,21,1,100000.0
6804af52a628d87a352cd5e1,67654209bf85ec5de3d4b68e,6,21,10,100000.0
6804af52a628d87a352cd5e1,67654209bf85ec5de3d4b68e,6,21,6,100000.0
6804af52a628d87a352cd5e1,67654209bf85ec5de3d4b68e,6,21,9,100000.0
6804af52a628d87a352cd5e1,67654209bf85ec5de3d4b68e,6,21,1,100000.0
6804af52a628d87a352cd5e1,67654209bf85ec5de3d4b68e,6,21,3,100000.0
6804af52a628d87a352cd5e1,67654209bf85ec5de3d4b68e,6,21,7,100000.0
6804af52a628d87a352cd5e1,67654209bf85ec5de3d4b68e,6,21,8,100000.0
6804af52a628d87a352cd5e1,67654209bf85ec5de3d4b68e,6,21,10,100000.0
6804af52a628d87a352cd5e1,67654209bf85ec5de3d4b68e,6,21,9,100000.0
6804af52a628d87a352cd5e1,67654209bf85ec5de3d4b68e,6,21,2,100000.0
6804af52a628d87a352cd5e1,67654209bf85ec5de3d4b68e,6,21,1,100000.0
6804af52a628d87a352cd5e1,67654209bf85ec5de3d4b68e,6,21,7,100000.0
6804af52a628d87a352cd5e1,67654209bf85ec5de3d4b68e,6,21,9,100000.0
6804af52a628d87a352cd5e1,67654209bf85ec5de3d4b68e,6,21,7,100000.0
6804af52a628d87a352cd5e1,67654209bf85ec5de3d4b68e,6,21,8,100000.0
6804af52a628d87a352cd5e1,67654209bf85ec5de3d4b68e,6,21,1,100000.0
6804af52a628d87a352cd5e1,67654209bf85ec5de3d4b68e,6,21,12,100000.0
6804af52a628d87a352cd5e1,67654209bf85ec5de3d4b68e,6,21,6,100000.0
6804af52a628d87a352cd5e1,67654209bf85ec5de3d4b68e,6,21,4,100000.0
6804af52a628d87a352cd5e1,67654209bf85ec5de3d4b68e,6,21,1,100000.0
6804af52a628d87a352cd5e1,67654209bf85ec5de3d4b68e,6,21,4,100000.0
6804af52a628d87a352cd5e1,67654209bf85ec5de3d4b68e,6,21,5,100000.0
6804af52a628d87a352cd5e1,67654209bf85ec5de3d4b68e,6,21,7,100000.0
6804af52a628d87a352cd5e1,67654209bf85ec5de3d4b68e,6,21,5,100000.0
6804af52a628d87a352cd5e1,67654209bf85ec5de3d4b68e,6,20,11,100000.0
6804af52a628d87a352cd5e1,67654209bf85ec5de3d4b68e,6,20,11,100000.0
6804af52a628d87a352cd5e1,67654209bf85ec5de3d4b68e,6,20,11,100000.0
6804af52a628d87a352cd5e1,67654209bf85ec5de3d4b68e,6,20,12,100000.0
6804af52a628d87a352cd5e1,67654209bf85ec5de3d4b68e,6,20,12,100000.0
6804af52a628d87a352cd5e1,67654209bf85ec5de3d4b68e,6,20,12,100000.0
6804af52a628d87a352cd5e1,67654209bf85ec5de3d4b68e,6,20,10,100000.0
6804af52a628d87a352cd5e1,67654209bf85ec5de3d4b68e,6,20,11,100000.0
6804af52a628d87a352cd5e1,67654209bf85ec5de3d4b68e,6,20,11,100000.0
6804af52a628d87a352cd5e1,67654209bf85ec5de3d4b68e,6,20,10,100000.0
6804af52a628d87a352cd5e1,67654209bf85ec5de3d4b68e,6,20,10,100000.0
6804af52a628d87a352cd5e1,67654209bf85ec5de3d4b68e,6,20,10,100000.0
6804af52a628d87a352cd5e1,67654209bf85ec5de3d4b68e,6,20,2,100000.0
6804af52a628d87a352cd5e1,67654209bf85ec5de3d4b68e,6,20,2,100000.0
6804af52a628d87a352cd5e1,67654209bf85ec5de3d4b68e,6,20,2,100000.0
6804af52a628d87a352cd5e1,67654209bf85ec5de3d4b68e,6,20,3,100000.0
6804af52a628d87a352cd5e1,67654209bf85ec5de3d4b68e,6,20,3,100000.0
6804af52a628d87a352cd5e1,67654209bf85ec5de3d4b68e,6,20,2,100000.0
6804af52a628d87a352cd5e1,67654209bf85ec5de3d4b68e,6,20,8,100000.0
6804af52a628d87a352cd5e1,67654209bf85ec5de3d4b68e,6,20,1,100000.0
6804af52a628d87a352cd5e1,67654209bf85ec5de3d4b68e,6,20,1,100000.0
6804af52a628d87a352cd5e1,67654209bf85ec5de3d4b68e,6,20,8,100000.0
6804af52a628d87a352cd5e1,67654209bf85ec5de3d4b68e,6,20,1,100000.0
6804af52a628d87a352cd5e1,67654209bf85ec5de3d4b68e,6,20,6,100000.0
6804af52a628d87a352cd5e1,67654209bf85ec5de3d4b68e,6,20,8,100000.0
6804af52a628d87a352cd5e1,67654209bf85ec5de3d4b68e,6,20,6,100000.0
6804af52a628d87a352cd5e1,67654209bf85ec5de3d4b68e,6,20,12,100000.0
6804af52a628d87a352cd5e1,67654209bf85ec5de3d4b68e,6,20,1,100000.0
6804af52a628d87a352cd5e1,67654209bf85ec5de3d4b68e,6,20,7,100000.0
6804af52a628d87a352cd5e1,67654209bf85ec5de3d4b68e,6,20,5,100000.0
6804af52a628d87a352cd5e1,67654209bf85ec5de3d4b68e,6,20,1,100000.0
6804af52a628d87a352cd5e1,67654209bf85ec5de3d4b68e,6,20,9,100000.0
6804af52a628d87a352cd5e1,67654209bf85ec5de3d4b68e,6,20,7,100000.0
6804af52a628d87a352cd5e1,67654209bf85ec5de3d4b68e,6,20,5,100000.0
6804af52a628d87a352cd5e1,67654209bf85ec5de3d4b68e,6,20,7,100000.0
6804af52a628d87a352cd5e1,67654209bf85ec5de3d4b68e,6,20,6,100000.0
6804af52a628d87a352cd5e1,67654209bf85ec5de3d4b68e,6,20,6,100000.0
6804af52a628d87a352cd5e1,67654209bf85ec5de3d4b68e,6,20,9,100000.0
6804af52a628d87a352cd5e1,67654209bf85ec5de3d4b68e,6,20,7,100000.0
6804af52a628d87a352cd5e1,67654209bf85ec5de3d4b68e,6,20,5,100000.0
6804af52a628d87a352cd5e1,67654209bf85ec5de3d4b68e,6,20,9,100000.0
6804af52a628d87a352cd5e1,67654209bf85ec5de3d4b68e,6,20,8,100000.0
6804af52a628d87a352cd5e1,67654209bf85ec5de3d4b68e,6,20,5,100000.0
6804af52a628d87a352cd5e1,67654209bf85ec5de3d4b68e,6,20,4,100000.0
6804af52a628d87a352cd5e1,67654209bf85ec5de3d4b68e,6,20,8,100000.0
6804af52a628d87a352cd5e1,67654209bf85ec5de3d4b68e,6,20,9,100000.0
6804af52a628d87a352cd5e1,67654209bf85ec5de3d4b68e,6,20,4,100000.0
6804af52a628d87a352cd5e1,67654209bf85ec5de3d4b68e,6,20,5,100000.0
6804af52a628d87a352cd5e1,67654209bf85ec5de3d4b68e,6,8,11,100000.0
6804af52a628d87a352cd5e1,67654209bf85ec5de3d4b68e,6,8,11,100000.0
6804af52a628d87a352cd5e1,67654209bf85ec5de3d4b68e,6,8,11,100000.0
6804af52a628d87a352cd5e1,67654209bf85ec5de3d4b68e,6,8,12,100000.0
6804af52a628d87a352cd5e1,67654209bf85ec5de3d4b68e,6,8,12,100000.0
6804af52a628d87a352cd5e1,67654209bf85ec5de3d4b68e,6,8,12,100000.0
6804af52a628d87a352cd5e1,67654209bf85ec5de3d4b68e,6,8,10,100000.0
6804af52a628d87a352cd5e1,67654209bf85ec5de3d4b68e,6,8,11,100000.0
6804af52a628d87a352cd5e1,67654209bf85ec5de3d4b68e,6,8,11,100000.0
6804af52a628d87a352cd5e1,67654209bf85ec5de3d4b68e,6,8,10,100000.0
6804af52a628d87a352cd5e1,67654209bf85ec5de3d4b68e,6,8,10,100000.0
6804af52a628d87a352cd5e1,67654209bf85ec5de3d4b68e,6,8,10,100000.0
6804af52a628d87a352cd5e1,67654209bf85ec5de3d4b68e,6,8,8,100000.0
6804af52a628d87a352cd5e1,67654209bf85ec5de3d4b68e,6,8,2,100000.0
6804af52a628d87a352cd5e1,67654209bf85ec5de3d4b68e,6,8,2,100000.0
6804af52a628d87a352cd5e1,67654209bf85ec5de3d4b68e,6,8,8,100000.0
6804af52a628d87a352cd5e1,67654209bf85ec5de3d4b68e,6,8,2,100000.0
6804af52a628d87a352cd5e1,67654209bf85ec5de3d4b68e,6,8,8,100000.0
6804af52a628d87a352cd5e1,67654209bf85ec5de3d4b68e,6,8,3,100000.0
6804af52a628d87a352cd5e1,67654209bf85ec5de3d4b68e,6,8,7,100000.0
6804af52a628d87a352cd5e1,67654209bf85ec5de3d4b68e,6,8,6,100000.0
6804af52a628d87a352cd5e1,67654209bf85ec5de3d4b68e,6,8,3,100000.0
6804af52a628d87a352cd5e1,67654209bf85ec5de3d4b68e,6,8,7,100000.0
6804af52a628d87a352cd5e1,67654209bf85ec5de3d4b68e,6,8,9,100000.0
6804af52a628d87a352cd5e1,67654209bf85ec5de3d4b68e,6,8,6,100000.0
6804af52a628d87a352cd5e1,67654209bf85ec5de3d4b68e,6,8,7,100000.0
6804af52a628d87a352cd5e1,67654209bf85ec5de3d4b68e,6,8,2,100000.0
6804af52a628d87a352cd5e1,67654209bf85ec5de3d4b68e,6,8,5,100000.0
6804af52a628d87a352cd5e1,67654209bf85ec5de3d4b68e,6,8,1,100000.0
6804af52a628d87a352cd5e1,67654209bf85ec5de3d4b68e,6,8,5,100000.0
6804af52a628d87a352cd5e1,67654209bf85ec5de3d4b68e,6,8,9,100000.0
6804af52a628d87a352cd5e1,67654209bf85ec5de3d4b68e,6,8,1,100000.0
6804af52a628d87a352cd5e1,67654209bf85ec5de3d4b68e,6,8,5,100000.0
6804af52a628d87a352cd5e1,67654209bf85ec5de3d4b68e,6,8,9,100000.0
6804af52a628d87a352cd5e1,67654209bf85ec5de3d4b68e,6,8,1,100000.0
6804af52a628d87a352cd5e1,67654209bf85ec5de3d4b68e,6,8,6,100000.0
6804af52a628d87a352cd5e1,67654209bf85ec5de3d4b68e,6,8,8,100000.0
6804af52a628d87a352cd5e1,67654209bf85ec5de3d4b68e,6,8,1,100000.0
6804af52a628d87a352cd5e1,67654209bf85ec5de3d4b68e,6,8,1,100000.0
6804af52a628d87a352cd5e1,67654209bf85ec5de3d4b68e,6,8,8,100000.0
6804af52a628d87a352cd5e1,67654209bf85ec5de3d4b68e,6,8,7,100000.0
6804af52a628d87a352cd5e1,67654209bf85ec5de3d4b68e,6,8,12,100000.0
6804af52a628d87a352cd5e1,67654209bf85ec5de3d4b68e,6,8,9,100000.0
6804af52a628d87a352cd5e1,67654209bf85ec5de3d4b68e,6,8,6,100000.0
6804af52a628d87a352cd5e1,67654209bf85ec5de3d4b68e,6,8,5,100000.0
6804af52a628d87a352cd5e1,67654209bf85ec5de3d4b68e,6,8,4,100000.0
6804af52a628d87a352cd5e1,67654209bf85ec5de3d4b68e,6,8,5,100000.0
6804af52a628d87a352cd5e1,67654209bf85ec5de3d4b68e,6,8,4,100000.0
6804af52a628d87a352cd5e1,67654209bf85ec5de3d4b68e,6,9,11,100000.0
6804af52a628d87a352cd5e1,67654209bf85ec5de3d4b68e,6,9,11,100000.0
6804af52a628d87a352cd5e1,67654209bf85ec5de3d4b68e,6,9,11,100000.0
6804af52a628d87a352cd5e1,67654209bf85ec5de3d4b68e,6,9,12,100000.0
6804af52a628d87a352cd5e1,67654209bf85ec5de3d4b68e,6,9,12,100000.0
6804af52a628d87a352cd5e1,67654209bf85ec5de3d4b68e,6,9,12,100000.0
6804af52a628d87a352cd5e1,67654209bf85ec5de3d4b68e,6,9,10,100000.0
6804af52a628d87a352cd5e1,67654209bf85ec5de3d4b68e,6,9,11,100000.0
6804af52a628d87a352cd5e1,67654209bf85ec5de3d4b68e,6,9,11,100000.0
6804af52a628d87a352cd5e1,67654209bf85ec5de3d4b68e,6,9,10,100000.0
6804af52a628d87a352cd5e1,67654209bf85ec5de3d4b68e,6,9,10,100000.0
6804af52a628d87a352cd5e1,67654209bf85ec5de3d4b68e,6,9,10,100000.0
6804af52a628d87a352cd5e1,67654209bf85ec5de3d4b68e,6,9,2,100000.0
6804af52a628d87a352cd5e1,67654209bf85ec5de3d4b68e,6,9,2,100000.0
6804af52a628d87a352cd5e1,67654209bf85ec5de3d4b68e,6,9,2,100000.0
6804af52a628d87a352cd5e1,67654209bf85ec5de3d4b68e,6,9,3,100000.0
6804af52a628d87a352cd5e1,67654209bf85ec5de3d4b68e,6,9,3,100000.0
6804af52a628d87a352cd5e1,67654209bf85ec5de3d4b68e,6,9,2,100000.0
6804af52a628d87a352cd5e1,67654209bf85ec5de3d4b68e,6,9,1,100000.0
6804af52a628d87a352cd5e1,67654209bf85ec5de3d4b68e,6,9,1,100000.0
6804af52a628d87a352cd5e1,67654209bf85ec5de3d4b68e,6,9,1,100000.0
6804af52a628d87a352cd5e1,67654209bf85ec5de3d4b68e,6,9,1,100000.0
6804af52a628d87a352cd5e1,67654209bf85ec5de3d4b68e,6,9,1,100000.0
6804af52a628d87a352cd5e1,67654209bf85ec5de3d4b68e,6,9,12,100000.0
6804af52a628d87a352cd5e1,67654209bf85ec5de3d4b68e,6,9,6,100000.0
6804af52a628d87a352cd5e1,67654209bf85ec5de3d4b68e,6,9,6,100000.0
6804af52a628d87a352cd5e1,67654209bf85ec5de3d4b68e,6,9,5,100000.0
6804af52a628d87a352cd5e1,67654209bf85ec5de3d4b68e,6,9,9,100000.0
6804af52a628d87a352cd5e1,67654209bf85ec5de3d4b68e,6,9,8,100000.0
6804af52a628d87a352cd5e1,67654209bf85ec5de3d4b68e,6,9,6,100000.0
6804af52a628d87a352cd5e1,67654209bf85ec5de3d4b68e,6,9,8,100000.0
6804af52a628d87a352cd5e1,67654209bf85ec5de3d4b68e,6,9,7,100000.0
6804af52a628d87a352cd5e1,67654209bf85ec5de3d4b68e,6,9,9,100000.0
6804af52a628d87a352cd5e1,67654209bf85ec5de3d4b68e,6,9,8,100000.0
6804af52a628d87a352cd5e1,67654209bf85ec5de3d4b68e,6,9,8,100000.0
6804af52a628d87a352cd5e1,67654209bf85ec5de3d4b68e,6,9,6,100000.0
6804af52a628d87a352cd5e1,67654209bf85ec5de3d4b68e,6,9,9,100000.0
6804af52a628d87a352cd5e1,67654209bf85ec5de3d4b68e,6,9,9,100000.0
6804af52a628d87a352cd5e1,67654209bf85ec5de3d4b68e,6,9,8,100000.0
6804af52a628d87a352cd5e1,67654209bf85ec5de3d4b68e,6,9,7,100000.0
6804af52a628d87a352cd5e1,67654209bf85ec5de3d4b68e,6,9,7,100000.0
6804af52a628d87a352cd5e1,67654209bf85ec5de3d4b68e,6,9,7,100000.0
6804af52a628d87a352cd5e1,67654209bf85ec5de3d4b68e,6,9,5,100000.0
6804af52a628d87a352cd5e1,67654209bf85ec5de3d4b68e,6,9,4,100000.0
6804af52a628d87a352cd5e1,67654209bf85ec5de3d4b68e,6,9,4,100000.0
6804af52a628d87a352cd5e1,67654209bf85ec5de3d4b68e,6,9,5,100000.0
6804af52a628d87a352cd5e1,67654209bf85ec5de3d4b68e,6,9,5,100000.0
6804af52a628d87a352cd5e1,67654209bf85ec5de3d4b68e,6,9,5,100000.0
6804af52a628d87a352cd5e1,67654209bf85ec5de3d4b68e,6,10,11,100000.0
6804af52a628d87a352cd5e1,67654209bf85ec5de3d4b68e,6,10,11,100000.0
6804af52a628d87a352cd5e1,67654209bf85ec5de3d4b68e,6,10,11,100000.0
6804af52a628d87a352cd5e1,67654209bf85ec5de3d4b68e,6,10,12,100000.0
6804af52a628d87a352cd5e1,67654209bf85ec5de3d4b68e,6,10,12,100000.0
6804af52a628d87a352cd5e1,67654209bf85ec5de3d4b68e,6,10,12,100000.0
6804af52a628d87a352cd5e1,67654209bf85ec5de3d4b68e,6,10,10,100000.0
6804af52a628d87a352cd5e1,67654209bf85ec5de3d4b68e,6,10,11,100000.0
6804af52a628d87a352cd5e1,67654209bf85ec5de3d4b68e,6,10,11,100000.0
6804af52a628d87a352cd5e1,67654209bf85ec5de3d4b68e,6,10,10,100000.0
6804af52a628d87a352cd5e1,67654209bf85ec5de3d4b68e,6,10,10,100000.0
6804af52a628d87a352cd5e1,67654209bf85ec5de3d4b68e,6,10,2,100000.0
6804af52a628d87a352cd5e1,67654209bf85ec5de3d4b68e,6,10,2,100000.0
6804af52a628d87a352cd5e1,67654209bf85ec5de3d4b68e,6,10,10,100000.0
6804af52a628d87a352cd5e1,67654209bf85ec5de3d4b68e,6,10,2,100000.0
6804af52a628d87a352cd5e1,67654209bf85ec5de3d4b68e,6,10,8,100000.0
6804af52a628d87a352cd5e1,67654209bf85ec5de3d4b68e,6,10,6,100000.0
6804af52a628d87a352cd5e1,67654209bf85ec5de3d4b68e,6,10,6,100000.0
6804af52a628d87a352cd5e1,67654209bf85ec5de3d4b68e,6,10,3,100000.0
6804af52a628d87a352cd5e1,67654209bf85ec5de3d4b68e,6,10,5,100000.0
6804af52a628d87a352cd5e1,67654209bf85ec5de3d4b68e,6,10,3,100000.0
6804af52a628d87a352cd5e1,67654209bf85ec5de3d4b68e,6,10,5,100000.0
6804af52a628d87a352cd5e1,67654209bf85ec5de3d4b68e,6,10,8,100000.0
6804af52a628d87a352cd5e1,67654209bf85ec5de3d4b68e,6,10,2,100000.0
6804af52a628d87a352cd5e1,67654209bf85ec5de3d4b68e,6,10,5,100000.0
6804af52a628d87a352cd5e1,67654209bf85ec5de3d4b68e,6,10,6,100000.0
6804af52a628d87a352cd5e1,67654209bf85ec5de3d4b68e,6,10,6,100000.0
6804af52a628d87a352cd5e1,67654209bf85ec5de3d4b68e,6,10,5,100000.0
6804af52a628d87a352cd5e1,67654209bf85ec5de3d4b68e,6,10,1,100000.0
6804af52a628d87a352cd5e1,67654209bf85ec5de3d4b68e,6,10,8,100000.0
6804af52a628d87a352cd5e1,67654209bf85ec5de3d4b68e,6,10,7,100000.0
6804af52a628d87a352cd5e1,67654209bf85ec5de3d4b68e,6,10,4,100000.0
6804af52a628d87a352cd5e1,67654209bf85ec5de3d4b68e,6,10,5,100000.0
6804af52a628d87a352cd5e1,67654209bf85ec5de3d4b68e,6,10,4,100000.0
6804af52a628d87a352cd5e1,67654209bf85ec5de3d4b68e,6,10,1,100000.0
6804af52a628d87a352cd5e1,67654209bf85ec5de3d4b68e,6,10,1,100000.0
6804af52a628d87a352cd5e1,67654209bf85ec5de3d4b68e,6,10,7,100000.0
6804af52a628d87a352cd5e1,67654209bf85ec5de3d4b68e,6,10,7,100000.0
6804af52a628d87a352cd5e1,67654209bf85ec5de3d4b68e,6,10,12,100000.0
6804af52a628d87a352cd5e1,67654209bf85ec5de3d4b68e,6,10,1,100000.0
6804af52a628d87a352cd5e1,67654209bf85ec5de3d4b68e,6,10,7,100000.0
6804af52a628d87a352cd5e1,67654209bf85ec5de3d4b68e,6,10,1,100000.0
6804af52a628d87a352cd5e1,67654209bf85ec5de3d4b68e,6,10,8,100000.0
6804af52a628d87a352cd5e1,67654209bf85ec5de3d4b68e,6,10,9,100000.0
6804af52a628d87a352cd5e1,67654209bf85ec5de3d4b68e,6,10,9,100000.0
6804af52a628d87a352cd5e1,67654209bf85ec5de3d4b68e,6,10,9,100000.0
6804af52a628d87a352cd5e1,67654209bf85ec5de3d4b68e,6,10,8,100000.0
6804af52a628d87a352cd5e1,67654209bf85ec5de3d4b68e,6,10,9,100000.0
6804af52a628d87a352cd5e1,67654209bf85ec5de3d4b68e,6,19,11,100000.0
6804af52a628d87a352cd5e1,67654209bf85ec5de3d4b68e,6,19,11,100000.0
6804af52a628d87a352cd5e1,67654209bf85ec5de3d4b68e,6,19,11,100000.0
6804af52a628d87a352cd5e1,67654209bf85ec5de3d4b68e,6,19,12,100000.0
6804af52a628d87a352cd5e1,67654209bf85ec5de3d4b68e,6,19,12,100000.0
6804af52a628d87a352cd5e1,67654209bf85ec5de3d4b68e,6,19,12,100000.0
6804af52a628d87a352cd5e1,67654209bf85ec5de3d4b68e,6,19,10,100000.0
6804af52a628d87a352cd5e1,67654209bf85ec5de3d4b68e,6,19,11,100000.0
6804af52a628d87a352cd5e1,67654209bf85ec5de3d4b68e,6,19,11,100000.0
6804af52a628d87a352cd5e1,67654209bf85ec5de3d4b68e,6,19,10,100000.0
6804af52a628d87a352cd5e1,67654209bf85ec5de3d4b68e,6,19,10,100000.0
6804af52a628d87a352cd5e1,67654209bf85ec5de3d4b68e,6,19,10,100000.0
6804af52a628d87a352cd5e1,67654209bf85ec5de3d4b68e,6,19,2,100000.0
6804af52a628d87a352cd5e1,67654209bf85ec5de3d4b68e,6,19,8,100000.0
6804af52a628d87a352cd5e1,67654209bf85ec5de3d4b68e,6,19,2,100000.0
6804af52a628d87a352cd5e1,67654209bf85ec5de3d4b68e,6,19,2,100000.0
6804af52a628d87a352cd5e1,67654209bf85ec5de3d4b68e,6,19,6,100000.0
6804af52a628d87a352cd5e1,67654209bf85ec5de3d4b68e,6,19,8,100000.0
6804af52a628d87a352cd5e1,67654209bf85ec5de3d4b68e,6,19,3,100000.0
6804af52a628d87a352cd5e1,67654209bf85ec5de3d4b68e,6,19,6,100000.0
6804af52a628d87a352cd5e1,67654209bf85ec5de3d4b68e,6,19,8,100000.0
6804af52a628d87a352cd5e1,67654209bf85ec5de3d4b68e,6,19,3,100000.0
6804af52a628d87a352cd5e1,67654209bf85ec5de3d4b68e,6,19,5,100000.0
6804af52a628d87a352cd5e1,67654209bf85ec5de3d4b68e,6,19,7,100000.0
6804af52a628d87a352cd5e1,67654209bf85ec5de3d4b68e,6,19,6,100000.0
6804af52a628d87a352cd5e1,67654209bf85ec5de3d4b68e,6,19,9,100000.0
6804af52a628d87a352cd5e1,67654209bf85ec5de3d4b68e,6,19,7,100000.0
6804af52a628d87a352cd5e1,67654209bf85ec5de3d4b68e,6,19,1,100000.0
6804af52a628d87a352cd5e1,67654209bf85ec5de3d4b68e,6,19,2,100000.0
6804af52a628d87a352cd5e1,67654209bf85ec5de3d4b68e,6,19,7,100000.0
6804af52a628d87a352cd5e1,67654209bf85ec5de3d4b68e,6,19,5,100000.0
6804af52a628d87a352cd5e1,67654209bf85ec5de3d4b68e,6,19,7,100000.0
6804af52a628d87a352cd5e1,67654209bf85ec5de3d4b68e,6,19,9,100000.0
6804af52a628d87a352cd5e1,67654209bf85ec5de3d4b68e,6,19,5,100000.0
6804af52a628d87a352cd5e1,67654209bf85ec5de3d4b68e,6,19,1,100000.0
6804af52a628d87a352cd5e1,67654209bf85ec5de3d4b68e,6,19,6,100000.0
6804af52a628d87a352cd5e1,67654209bf85ec5de3d4b68e,6,19,5,100000.0
6804af52a628d87a352cd5e1,67654209bf85ec5de3d4b68e,6,19,1,100000.0
6804af52a628d87a352cd5e1,67654209bf85ec5de3d4b68e,6,19,1,100000.0
6804af52a628d87a352cd5e1,67654209bf85ec5de3d4b68e,6,19,12,100000.0
6804af52a628d87a352cd5e1,67654209bf85ec5de3d4b68e,6,19,1,100000.0
6804af52a628d87a352cd5e1,67654209bf85ec5de3d4b68e,6,19,8,100000.0
6804af52a628d87a352cd5e1,67654209bf85ec5de3d4b68e,6,19,8,100000.0
6804af52a628d87a352cd5e1,67654209bf85ec5de3d4b68e,6,19,4,100000.0
6804af52a628d87a352cd5e1,67654209bf85ec5de3d4b68e,6,19,4,100000.0
6804af52a628d87a352cd5e1,67654209bf85ec5de3d4b68e,6,19,9,100000.0
6804af52a628d87a352cd5e1,67654209bf85ec5de3d4b68e,6,19,9,100000.0
6804af52a628d87a352cd5e1,67654209bf85ec5de3d4b68e,6,19,5,100000.0
6804af52a628d87a352cd5e1,67654209bf85ec5de3d4b68e,7,9,11,100000.0
6804af52a628d87a352cd5e1,67654209bf85ec5de3d4b68e,7,9,11,100000.0
6804af52a628d87a352cd5e1,67654209bf85ec5de3d4b68e,7,9,11,100000.0
6804af52a628d87a352cd5e1,67654209bf85ec5de3d4b68e,7,9,12,100000.0
6804af52a628d87a352cd5e1,67654209bf85ec5de3d4b68e,7,9,12,100000.0
6804af52a628d87a352cd5e1,67654209bf85ec5de3d4b68e,7,9,12,100000.0
6804af52a628d87a352cd5e1,67654209bf85ec5de3d4b68e,7,9,10,100000.0
6804af52a628d87a352cd5e1,67654209bf85ec5de3d4b68e,7,9,11,100000.0
6804af52a628d87a352cd5e1,67654209bf85ec5de3d4b68e,7,9,11,100000.0
6804af52a628d87a352cd5e1,67654209bf85ec5de3d4b68e,7,9,10,100000.0
6804af52a628d87a352cd5e1,67654209bf85ec5de3d4b68e,7,9,10,100000.0
6804af52a628d87a352cd5e1,67654209bf85ec5de3d4b68e,7,9,10,100000.0
6804af52a628d87a352cd5e1,67654209bf85ec5de3d4b68e,7,9,6,100000.0
6804af52a628d87a352cd5e1,67654209bf85ec5de3d4b68e,7,9,8,100000.0
6804af52a628d87a352cd5e1,67654209bf85ec5de3d4b68e,7,9,2,100000.0
6804af52a628d87a352cd5e1,67654209bf85ec5de3d4b68e,7,9,6,100000.0
6804af52a628d87a352cd5e1,67654209bf85ec5de3d4b68e,7,9,8,100000.0
6804af52a628d87a352cd5e1,67654209bf85ec5de3d4b68e,7,9,1,100000.0
6804af52a628d87a352cd5e1,67654209bf85ec5de3d4b68e,7,9,2,100000.0
6804af52a628d87a352cd5e1,67654209bf85ec5de3d4b68e,7,9,6,100000.0
6804af52a628d87a352cd5e1,67654209bf85ec5de3d4b68e,7,9,8,100000.0
6804af52a628d87a352cd5e1,67654209bf85ec5de3d4b68e,7,9,2,100000.0
6804af52a628d87a352cd5e1,67654209bf85ec5de3d4b68e,7,9,2,100000.0
6804af52a628d87a352cd5e1,67654209bf85ec5de3d4b68e,7,9,7,100000.0
6804af52a628d87a352cd5e1,67654209bf85ec5de3d4b68e,7,9,5,100000.0
6804af52a628d87a352cd5e1,67654209bf85ec5de3d4b68e,7,9,1,100000.0
6804af52a628d87a352cd5e1,67654209bf85ec5de3d4b68e,7,9,9,100000.0
6804af52a628d87a352cd5e1,67654209bf85ec5de3d4b68e,7,9,3,100000.0
6804af52a628d87a352cd5e1,67654209bf85ec5de3d4b68e,7,9,7,100000.0
6804af52a628d87a352cd5e1,67654209bf85ec5de3d4b68e,7,9,6,100000.0
6804af52a628d87a352cd5e1,67654209bf85ec5de3d4b68e,7,9,3,100000.0
6804af52a628d87a352cd5e1,67654209bf85ec5de3d4b68e,7,9,9,100000.0
6804af52a628d87a352cd5e1,67654209bf85ec5de3d4b68e,7,9,7,100000.0
6804af52a628d87a352cd5e1,67654209bf85ec5de3d4b68e,7,9,1,100000.0
6804af52a628d87a352cd5e1,67654209bf85ec5de3d4b68e,7,9,5,100000.0
6804af52a628d87a352cd5e1,67654209bf85ec5de3d4b68e,7,9,3,100000.0
6804af52a628d87a352cd5e1,67654209bf85ec5de3d4b68e,7,9,7,100000.0
6804af52a628d87a352cd5e1,67654209bf85ec5de3d4b68e,7,9,9,100000.0
6804af52a628d87a352cd5e1,67654209bf85ec5de3d4b68e,7,9,1,100000.0
6804af52a628d87a352cd5e1,67654209bf85ec5de3d4b68e,7,9,5,100000.0
6804af52a628d87a352cd5e1,67654209bf85ec5de3d4b68e,7,9,6,100000.0
6804af52a628d87a352cd5e1,67654209bf85ec5de3d4b68e,7,9,12,100000.0
6804af52a628d87a352cd5e1,67654209bf85ec5de3d4b68e,7,9,8,100000.0
6804af52a628d87a352cd5e1,67654209bf85ec5de3d4b68e,7,9,4,100000.0
6804af52a628d87a352cd5e1,67654209bf85ec5de3d4b68e,7,9,8,100000.0
6804af52a628d87a352cd5e1,67654209bf85ec5de3d4b68e,7,9,9,100000.0
6804af52a628d87a352cd5e1,67654209bf85ec5de3d4b68e,7,9,5,100000.0
6804af52a628d87a352cd5e1,67654209bf85ec5de3d4b68e,7,9,4,100000.0
6804af52a628d87a352cd5e1,67654209bf85ec5de3d4b68e,7,20,11,100000.0
6804af52a628d87a352cd5e1,67654209bf85ec5de3d4b68e,7,20,2,100000.0
6804af52a628d87a352cd5e1,67654209bf85ec5de3d4b68e,7,20,8,100000.0
6804af52a628d87a352cd5e1,67654209bf85ec5de3d4b68e,7,20,10,100000.0
6804af52a628d87a352cd5e1,67654209bf85ec5de3d4b68e,7,20,11,100000.0
6804af52a628d87a352cd5e1,67654209bf85ec5de3d4b68e,7,20,8,100000.0
6804af52a628d87a352cd5e1,67654209bf85ec5de3d4b68e,7,20,3,100000.0
6804af52a628d87a352cd5e1,67654209bf85ec5de3d4b68e,7,20,11,100000.0
6804af52a628d87a352cd5e1,67654209bf85ec5de3d4b68e,7,20,11,100000.0
6804af52a628d87a352cd5e1,67654209bf85ec5de3d4b68e,7,20,2,100000.0
6804af52a628d87a352cd5e1,67654209bf85ec5de3d4b68e,7,20,8,100000.0
6804af52a628d87a352cd5e1,67654209bf85ec5de3d4b68e,7,20,3,100000.0
6804af52a628d87a352cd5e1,67654209bf85ec5de3d4b68e,7,20,12,100000.0
6804af52a628d87a352cd5e1,67654209bf85ec5de3d4b68e,7,20,11,100000.0
6804af52a628d87a352cd5e1,67654209bf85ec5de3d4b68e,7,20,3,100000.0
6804af52a628d87a352cd5e1,67654209bf85ec5de3d4b68e,7,20,1,100000.0
6804af52a628d87a352cd5e1,67654209bf85ec5de3d4b68e,7,20,12,100000.0
6804af52a628d87a352cd5e1,67654209bf85ec5de3d4b68e,7,20,7,100000.0
6804af52a628d87a352cd5e1,67654209bf85ec5de3d4b68e,7,20,10,100000.0
6804af52a628d87a352cd5e1,67654209bf85ec5de3d4b68e,7,20,12,100000.0
6804af52a628d87a352cd5e1,67654209bf85ec5de3d4b68e,7,20,7,100000.0
6804af52a628d87a352cd5e1,67654209bf85ec5de3d4b68e,7,20,2,100000.0
6804af52a628d87a352cd5e1,67654209bf85ec5de3d4b68e,7,20,10,100000.0
6804af52a628d87a352cd5e1,67654209bf85ec5de3d4b68e,7,20,1,100000.0
6804af52a628d87a352cd5e1,67654209bf85ec5de3d4b68e,7,20,2,100000.0
6804af52a628d87a352cd5e1,67654209bf85ec5de3d4b68e,7,20,1,100000.0
6804af52a628d87a352cd5e1,67654209bf85ec5de3d4b68e,7,20,7,100000.0
6804af52a628d87a352cd5e1,67654209bf85ec5de3d4b68e,7,20,6,100000.0
6804af52a628d87a352cd5e1,67654209bf85ec5de3d4b68e,7,20,10,100000.0
6804af52a628d87a352cd5e1,67654209bf85ec5de3d4b68e,7,20,1,100000.0
6804af52a628d87a352cd5e1,67654209bf85ec5de3d4b68e,7,20,6,100000.0
6804af52a628d87a352cd5e1,67654209bf85ec5de3d4b68e,7,20,9,100000.0
6804af52a628d87a352cd5e1,67654209bf85ec5de3d4b68e,7,20,5,100000.0
6804af52a628d87a352cd5e1,67654209bf85ec5de3d4b68e,7,20,6,100000.0
6804af52a628d87a352cd5e1,67654209bf85ec5de3d4b68e,7,20,9,100000.0
6804af52a628d87a352cd5e1,67654209bf85ec5de3d4b68e,7,20,8,100000.0
6804af52a628d87a352cd5e1,67654209bf85ec5de3d4b68e,7,20,9,100000.0
6804af52a628d87a352cd5e1,67654209bf85ec5de3d4b68e,7,20,5,100000.0
6804af52a628d87a352cd5e1,67654209bf85ec5de3d4b68e,7,20,5,100000.0
6804af52a628d87a352cd5e1,67654209bf85ec5de3d4b68e,7,20,6,100000.0
6804af52a628d87a352cd5e1,67654209bf85ec5de3d4b68e,7,20,4,100000.0
6804af52a628d87a352cd5e1,67654209bf85ec5de3d4b68e,7,20,8,100000.0
6804af52a628d87a352cd5e1,67654209bf85ec5de3d4b68e,7,20,6,100000.0
6804af52a628d87a352cd5e1,67654209bf85ec5de3d4b68e,7,20,5,100000.0
6804af52a628d87a352cd5e1,67654209bf85ec5de3d4b68e,7,20,7,100000.0
6804af52a628d87a352cd5e1,67654209bf85ec5de3d4b68e,7,20,9,100000.0
6804af52a628d87a352cd5e1,67654209bf85ec5de3d4b68e,7,20,12,100000.0
6804af52a628d87a352cd5e1,67654209bf85ec5de3d4b68e,7,20,4,100000.0
6804af52a628d87a352cd5e1,67654209bf85ec5de3d4b68e,7,10,11,100000.0
6804af52a628d87a352cd5e1,67654209bf85ec5de3d4b68e,7,10,11,100000.0
6804af52a628d87a352cd5e1,67654209bf85ec5de3d4b68e,7,10,11,100000.0
6804af52a628d87a352cd5e1,67654209bf85ec5de3d4b68e,7,10,12,100000.0
6804af52a628d87a352cd5e1,67654209bf85ec5de3d4b68e,7,10,12,100000.0
6804af52a628d87a352cd5e1,67654209bf85ec5de3d4b68e,7,10,12,100000.0
6804af52a628d87a352cd5e1,67654209bf85ec5de3d4b68e,7,10,10,100000.0
6804af52a628d87a352cd5e1,67654209bf85ec5de3d4b68e,7,10,11,100000.0
6804af52a628d87a352cd5e1,67654209bf85ec5de3d4b68e,7,10,11,100000.0
6804af52a628d87a352cd5e1,67654209bf85ec5de3d4b68e,7,10,10,100000.0
6804af52a628d87a352cd5e1,67654209bf85ec5de3d4b68e,7,10,10,100000.0
6804af52a628d87a352cd5e1,67654209bf85ec5de3d4b68e,7,10,10,100000.0
6804af52a628d87a352cd5e1,67654209bf85ec5de3d4b68e,7,10,2,100000.0
6804af52a628d87a352cd5e1,67654209bf85ec5de3d4b68e,7,10,2,100000.0
6804af52a628d87a352cd5e1,67654209bf85ec5de3d4b68e,7,10,2,100000.0
6804af52a628d87a352cd5e1,67654209bf85ec5de3d4b68e,7,10,3,100000.0
6804af52a628d87a352cd5e1,67654209bf85ec5de3d4b68e,7,10,3,100000.0
6804af52a628d87a352cd5e1,67654209bf85ec5de3d4b68e,7,10,3,100000.0
6804af52a628d87a352cd5e1,67654209bf85ec5de3d4b68e,7,10,1,100000.0
6804af52a628d87a352cd5e1,67654209bf85ec5de3d4b68e,7,10,2,100000.0
6804af52a628d87a352cd5e1,67654209bf85ec5de3d4b68e,7,10,1,100000.0
6804af52a628d87a352cd5e1,67654209bf85ec5de3d4b68e,7,10,1,100000.0
6804af52a628d87a352cd5e1,67654209bf85ec5de3d4b68e,7,10,1,100000.0
6804af52a628d87a352cd5e1,67654209bf85ec5de3d4b68e,7,10,12,100000.0
6804af52a628d87a352cd5e1,67654209bf85ec5de3d4b68e,7,10,8,100000.0
6804af52a628d87a352cd5e1,67654209bf85ec5de3d4b68e,7,10,8,100000.0
6804af52a628d87a352cd5e1,67654209bf85ec5de3d4b68e,7,10,8,100000.0
6804af52a628d87a352cd5e1,67654209bf85ec5de3d4b68e,7,10,7,100000.0
6804af52a628d87a352cd5e1,67654209bf85ec5de3d4b68e,7,10,7,100000.0
6804af52a628d87a352cd5e1,67654209bf85ec5de3d4b68e,7,10,7,100000.0
6804af52a628d87a352cd5e1,67654209bf85ec5de3d4b68e,7,10,9,100000.0
6804af52a628d87a352cd5e1,67654209bf85ec5de3d4b68e,7,10,6,100000.0
6804af52a628d87a352cd5e1,67654209bf85ec5de3d4b68e,7,10,9,100000.0
6804af52a628d87a352cd5e1,67654209bf85ec5de3d4b68e,7,10,6,100000.0
6804af52a628d87a352cd5e1,67654209bf85ec5de3d4b68e,7,10,9,100000.0
6804af52a628d87a352cd5e1,67654209bf85ec5de3d4b68e,7,10,8,100000.0
6804af52a628d87a352cd5e1,67654209bf85ec5de3d4b68e,7,10,6,100000.0
6804af52a628d87a352cd5e1,67654209bf85ec5de3d4b68e,7,10,9,100000.0
6804af52a628d87a352cd5e1,67654209bf85ec5de3d4b68e,7,10,6,100000.0
6804af52a628d87a352cd5e1,67654209bf85ec5de3d4b68e,7,10,5,100000.0
6804af52a628d87a352cd5e1,67654209bf85ec5de3d4b68e,7,10,8,100000.0
6804af52a628d87a352cd5e1,67654209bf85ec5de3d4b68e,7,10,7,100000.0
6804af52a628d87a352cd5e1,67654209bf85ec5de3d4b68e,7,10,4,100000.0
6804af52a628d87a352cd5e1,67654209bf85ec5de3d4b68e,7,10,5,100000.0
6804af52a628d87a352cd5e1,67654209bf85ec5de3d4b68e,7,10,6,100000.0
6804af52a628d87a352cd5e1,67654209bf85ec5de3d4b68e,7,10,5,100000.0
6804af52a628d87a352cd5e1,67654209bf85ec5de3d4b68e,7,10,4,100000.0
6804af52a628d87a352cd5e1,67654209bf85ec5de3d4b68e,7,10,5,100000.0
6804ac8da628d87a352cd5d7,676541a9bf85ec5de3d4b68b,4,20,11,200000.0
6804ac8da628d87a352cd5d7,676541a9bf85ec5de3d4b68b,4,20,12,200000.0
6804ac8da628d87a352cd5d7,676541a9bf85ec5de3d4b68b,4,20,11,200000.0
6804ac8da628d87a352cd5d7,676541a9bf85ec5de3d4b68b,4,20,12,200000.0
6804ac8da628d87a352cd5d7,676541a9bf85ec5de3d4b68b,4,20,12,200000.0
6804ac8da628d87a352cd5d7,676541a9bf85ec5de3d4b68b,4,20,12,200000.0
6804ac8da628d87a352cd5d7,676541a9bf85ec5de3d4b68b,4,20,10,200000.0
6804ac8da628d87a352cd5d7,676541a9bf85ec5de3d4b68b,4,20,11,200000.0
6804ac8da628d87a352cd5d7,676541a9bf85ec5de3d4b68b,4,20,11,200000.0
6804ac8da628d87a352cd5d7,676541a9bf85ec5de3d4b68b,4,20,10,200000.0
6804ac8da628d87a352cd5d7,676541a9bf85ec5de3d4b68b,4,20,10,200000.0
6804ac8da628d87a352cd5d7,676541a9bf85ec5de3d4b68b,4,20,10,200000.0
6804ac8da628d87a352cd5d7,676541a9bf85ec5de3d4b68b,4,20,2,200000.0
6804ac8da628d87a352cd5d7,676541a9bf85ec5de3d4b68b,4,20,2,200000.0
6804ac8da628d87a352cd5d7,676541a9bf85ec5de3d4b68b,4,20,2,200000.0
6804ac8da628d87a352cd5d7,676541a9bf85ec5de3d4b68b,4,20,3,200000.0
6804ac8da628d87a352cd5d7,676541a9bf85ec5de3d4b68b,4,20,3,200000.0
6804ac8da628d87a352cd5d7,676541a9bf85ec5de3d4b68b,4,20,3,200000.0
6804ac8da628d87a352cd5d7,676541a9bf85ec5de3d4b68b,4,20,1,200000.0
6804ac8da628d87a352cd5d7,676541a9bf85ec5de3d4b68b,4,20,2,200000.0
6804ac8da628d87a352cd5d7,676541a9bf85ec5de3d4b68b,4,20,1,200000.0
6804ac8da628d87a352cd5d7,676541a9bf85ec5de3d4b68b,4,20,1,200000.0
6804ac8da628d87a352cd5d7,676541a9bf85ec5de3d4b68b,4,20,1,200000.0
6804ac8da628d87a352cd5d7,676541a9bf85ec5de3d4b68b,4,20,1,200000.0
6804ac8da628d87a352cd5d7,676541a9bf85ec5de3d4b68b,4,20,8,200000.0
6804ac8da628d87a352cd5d7,676541a9bf85ec5de3d4b68b,4,20,8,200000.0
6804ac8da628d87a352cd5d7,676541a9bf85ec5de3d4b68b,4,20,8,200000.0
6804ac8da628d87a352cd5d7,676541a9bf85ec5de3d4b68b,4,20,7,200000.0
6804ac8da628d87a352cd5d7,676541a9bf85ec5de3d4b68b,4,20,7,200000.0
6804ac8da628d87a352cd5d7,676541a9bf85ec5de3d4b68b,4,20,7,200000.0
6804ac8da628d87a352cd5d7,676541a9bf85ec5de3d4b68b,4,20,9,200000.0
6804ac8da628d87a352cd5d7,676541a9bf85ec5de3d4b68b,4,20,10,200000.0
6804ac8da628d87a352cd5d7,676541a9bf85ec5de3d4b68b,4,20,9,200000.0
6804ac8da628d87a352cd5d7,676541a9bf85ec5de3d4b68b,4,20,6,200000.0
6804ac8da628d87a352cd5d7,676541a9bf85ec5de3d4b68b,4,20,9,200000.0
6804ac8da628d87a352cd5d7,676541a9bf85ec5de3d4b68b,4,20,9,200000.0
6804ac8da628d87a352cd5d7,676541a9bf85ec5de3d4b68b,4,20,6,200000.0
6804ac8da628d87a352cd5d7,676541a9bf85ec5de3d4b68b,4,20,6,200000.0
6804ac8da628d87a352cd5d7,676541a9bf85ec5de3d4b68b,4,20,8,200000.0
6804ac8da628d87a352cd5d7,676541a9bf85ec5de3d4b68b,4,20,7,200000.0
6804ac8da628d87a352cd5d7,676541a9bf85ec5de3d4b68b,4,20,7,200000.0
6804ac8da628d87a352cd5d7,676541a9bf85ec5de3d4b68b,4,20,5,200000.0
6804ac8da628d87a352cd5d7,676541a9bf85ec5de3d4b68b,4,20,6,200000.0
6804ac8da628d87a352cd5d7,676541a9bf85ec5de3d4b68b,4,20,5,200000.0
6804ac8da628d87a352cd5d7,676541a9bf85ec5de3d4b68b,4,20,5,200000.0
6804ac8da628d87a352cd5d7,676541a9bf85ec5de3d4b68b,4,20,5,200000.0
6804ac8da628d87a352cd5d7,676541a9bf85ec5de3d4b68b,4,20,5,200000.0
6804ac8da628d87a352cd5d7,676541a9bf85ec5de3d4b68b,4,20,4,200000.0
6804ac8da628d87a352cd5d7,676541a9bf85ec5de3d4b68b,1,20,12,200000.0
6804ac8da628d87a352cd5d7,676541a9bf85ec5de3d4b68b,1,20,12,200000.0
6804ac8da628d87a352cd5d7,676541a9bf85ec5de3d4b68b,1,20,11,200000.0
6804ac8da628d87a352cd5d7,676541a9bf85ec5de3d4b68b,1,20,12,200000.0
6804ac8da628d87a352cd5d7,676541a9bf85ec5de3d4b68b,1,20,12,200000.0
6804ac8da628d87a352cd5d7,676541a9bf85ec5de3d4b68b,1,20,12,200000.0
6804ac8da628d87a352cd5d7,676541a9bf85ec5de3d4b68b,1,20,11,200000.0
6804ac8da628d87a352cd5d7,676541a9bf85ec5de3d4b68b,1,20,11,200000.0
6804ac8da628d87a352cd5d7,676541a9bf85ec5de3d4b68b,1,20,11,200000.0
6804ac8da628d87a352cd5d7,676541a9bf85ec5de3d4b68b,1,20,10,200000.0
6804ac8da628d87a352cd5d7,676541a9bf85ec5de3d4b68b,1,20,10,200000.0
6804ac8da628d87a352cd5d7,676541a9bf85ec5de3d4b68b,1,20,10,200000.0
6804ac8da628d87a352cd5d7,676541a9bf85ec5de3d4b68b,1,20,2,200000.0
6804ac8da628d87a352cd5d7,676541a9bf85ec5de3d4b68b,1,20,3,200000.0
6804ac8da628d87a352cd5d7,676541a9bf85ec5de3d4b68b,1,20,2,200000.0
6804ac8da628d87a352cd5d7,676541a9bf85ec5de3d4b68b,1,20,3,200000.0
6804ac8da628d87a352cd5d7,676541a9bf85ec5de3d4b68b,1,20,3,200000.0
6804ac8da628d87a352cd5d7,676541a9bf85ec5de3d4b68b,1,20,3,200000.0
6804ac8da628d87a352cd5d7,676541a9bf85ec5de3d4b68b,1,20,1,200000.0
6804ac8da628d87a352cd5d7,676541a9bf85ec5de3d4b68b,1,20,2,200000.0
6804ac8da628d87a352cd5d7,676541a9bf85ec5de3d4b68b,1,20,2,200000.0
6804ac8da628d87a352cd5d7,676541a9bf85ec5de3d4b68b,1,20,1,200000.0
6804ac8da628d87a352cd5d7,676541a9bf85ec5de3d4b68b,1,20,1,200000.0
6804ac8da628d87a352cd5d7,676541a9bf85ec5de3d4b68b,1,20,1,200000.0
6804ac8da628d87a352cd5d7,676541a9bf85ec5de3d4b68b,1,20,8,200000.0
6804ac8da628d87a352cd5d7,676541a9bf85ec5de3d4b68b,1,20,8,200000.0
6804ac8da628d87a352cd5d7,676541a9bf85ec5de3d4b68b,1,20,8,200000.0
6804ac8da628d87a352cd5d7,676541a9bf85ec5de3d4b68b,1,20,7,200000.0
6804ac8da628d87a352cd5d7,676541a9bf85ec5de3d4b68b,1,20,8,200000.0
6804ac8da628d87a352cd5d7,676541a9bf85ec5de3d4b68b,1,20,7,200000.0
6804ac8da628d87a352cd5d7,676541a9bf85ec5de3d4b68b,1,20,9,200000.0
6804ac8da628d87a352cd5d7,676541a9bf85ec5de3d4b68b,1,20,10,200000.0
6804ac8da628d87a352cd5d7,676541a9bf85ec5de3d4b68b,1,20,9,200000.0
6804ac8da628d87a352cd5d7,676541a9bf85ec5de3d4b68b,1,20,9,200000.0
6804ac8da628d87a352cd5d7,676541a9bf85ec5de3d4b68b,1,20,9,200000.0
6804ac8da628d87a352cd5d7,676541a9bf85ec5de3d4b68b,1,20,9,200000.0
6804ac8da628d87a352cd5d7,676541a9bf85ec5de3d4b68b,1,20,5,200000.0
6804ac8da628d87a352cd5d7,676541a9bf85ec5de3d4b68b,1,20,6,200000.0
6804ac8da628d87a352cd5d7,676541a9bf85ec5de3d4b68b,1,20,5,200000.0
6804ac8da628d87a352cd5d7,676541a9bf85ec5de3d4b68b,1,20,6,200000.0
6804ac8da628d87a352cd5d7,676541a9bf85ec5de3d4b68b,1,20,6,200000.0
6804ac8da628d87a352cd5d7,676541a9bf85ec5de3d4b68b,1,20,6,200000.0
6804ac8da628d87a352cd5d7,676541a9bf85ec5de3d4b68b,1,20,7,200000.0
6804ac8da628d87a352cd5d7,676541a9bf85ec5de3d4b68b,1,20,6,200000.0
6804ac8da628d87a352cd5d7,676541a9bf85ec5de3d4b68b,1,20,7,200000.0
6804ac8da628d87a352cd5d7,676541a9bf85ec5de3d4b68b,1,20,5,200000.0
6804ac8da628d87a352cd5d7,676541a9bf85ec5de3d4b68b,1,20,4,200000.0
6804ac8da628d87a352cd5d7,676541a9bf85ec5de3d4b68b,1,20,5,200000.0
6804ac8da628d87a352cd5d7,676541a9bf85ec5de3d4b68b,7,7,12,240000.0
6804ac8da628d87a352cd5d7,676541a9bf85ec5de3d4b68b,7,7,12,240000.0
6804ac8da628d87a352cd5d7,676541a9bf85ec5de3d4b68b,7,7,11,240000.0
6804ac8da628d87a352cd5d7,676541a9bf85ec5de3d4b68b,7,7,12,240000.0
6804ac8da628d87a352cd5d7,676541a9bf85ec5de3d4b68b,7,7,1,240000.0
6804ac8da628d87a352cd5d7,676541a9bf85ec5de3d4b68b,7,7,12,240000.0
6804ac8da628d87a352cd5d7,676541a9bf85ec5de3d4b68b,7,7,11,240000.0
6804ac8da628d87a352cd5d7,676541a9bf85ec5de3d4b68b,7,7,11,240000.0
6804ac8da628d87a352cd5d7,676541a9bf85ec5de3d4b68b,7,7,11,240000.0
6804ac8da628d87a352cd5d7,676541a9bf85ec5de3d4b68b,7,7,10,240000.0
6804ac8da628d87a352cd5d7,676541a9bf85ec5de3d4b68b,7,7,11,240000.0
6804ac8da628d87a352cd5d7,676541a9bf85ec5de3d4b68b,7,7,10,240000.0
6804ac8da628d87a352cd5d7,676541a9bf85ec5de3d4b68b,7,7,3,240000.0
6804ac8da628d87a352cd5d7,676541a9bf85ec5de3d4b68b,7,7,3,240000.0
6804ac8da628d87a352cd5d7,676541a9bf85ec5de3d4b68b,7,7,2,240000.0
6804ac8da628d87a352cd5d7,676541a9bf85ec5de3d4b68b,7,7,3,240000.0
6804ac8da628d87a352cd5d7,676541a9bf85ec5de3d4b68b,7,7,3,240000.0
6804ac8da628d87a352cd5d7,676541a9bf85ec5de3d4b68b,7,7,3,240000.0
6804ac8da628d87a352cd5d7,676541a9bf85ec5de3d4b68b,7,7,2,240000.0
6804ac8da628d87a352cd5d7,676541a9bf85ec5de3d4b68b,7,7,2,240000.0
6804ac8da628d87a352cd5d7,676541a9bf85ec5de3d4b68b,7,7,2,240000.0
6804ac8da628d87a352cd5d7,676541a9bf85ec5de3d4b68b,7,7,1,240000.0
6804ac8da628d87a352cd5d7,676541a9bf85ec5de3d4b68b,7,7,1,240000.0
6804ac8da628d87a352cd5d7,676541a9bf85ec5de3d4b68b,7,7,8,240000.0
6804ac8da628d87a352cd5d7,676541a9bf85ec5de3d4b68b,7,7,1,240000.0
6804ac8da628d87a352cd5d7,676541a9bf85ec5de3d4b68b,7,7,6,240000.0
6804ac8da628d87a352cd5d7,676541a9bf85ec5de3d4b68b,7,7,6,240000.0
6804ac8da628d87a352cd5d7,676541a9bf85ec5de3d4b68b,7,7,8,240000.0
6804ac8da628d87a352cd5d7,676541a9bf85ec5de3d4b68b,7,7,9,240000.0
6804ac8da628d87a352cd5d7,676541a9bf85ec5de3d4b68b,7,7,6,240000.0
6804ac8da628d87a352cd5d7,676541a9bf85ec5de3d4b68b,7,7,9,240000.0
6804ac8da628d87a352cd5d7,676541a9bf85ec5de3d4b68b,7,7,5,240000.0
6804ac8da628d87a352cd5d7,676541a9bf85ec5de3d4b68b,7,7,8,240000.0
6804ac8da628d87a352cd5d7,676541a9bf85ec5de3d4b68b,7,7,10,240000.0
6804ac8da628d87a352cd5d7,676541a9bf85ec5de3d4b68b,7,7,9,240000.0
6804ac8da628d87a352cd5d7,676541a9bf85ec5de3d4b68b,7,7,7,240000.0
6804ac8da628d87a352cd5d7,676541a9bf85ec5de3d4b68b,7,7,6,240000.0
6804ac8da628d87a352cd5d7,676541a9bf85ec5de3d4b68b,7,7,8,240000.0
6804ac8da628d87a352cd5d7,676541a9bf85ec5de3d4b68b,7,7,9,240000.0
6804ac8da628d87a352cd5d7,676541a9bf85ec5de3d4b68b,7,7,10,240000.0
6804ac8da628d87a352cd5d7,676541a9bf85ec5de3d4b68b,7,7,7,240000.0
6804ac8da628d87a352cd5d7,676541a9bf85ec5de3d4b68b,7,7,6,240000.0
6804ac8da628d87a352cd5d7,676541a9bf85ec5de3d4b68b,7,7,7,240000.0
6804ac8da628d87a352cd5d7,676541a9bf85ec5de3d4b68b,7,7,8,240000.0
6804ac8da628d87a352cd5d7,676541a9bf85ec5de3d4b68b,7,7,5,240000.0
6804ac8da628d87a352cd5d7,676541a9bf85ec5de3d4b68b,7,7,7,240000.0
6804ac8da628d87a352cd5d7,676541a9bf85ec5de3d4b68b,7,7,5,240000.0
6804ac8da628d87a352cd5d7,676541a9bf85ec5de3d4b68b,7,7,5,240000.0
6804ac8da628d87a352cd5d7,676541a9bf85ec5de3d4b68b,7,18,12,240000.0
6804ac8da628d87a352cd5d7,676541a9bf85ec5de3d4b68b,7,18,12,240000.0
6804ac8da628d87a352cd5d7,676541a9bf85ec5de3d4b68b,7,18,11,240000.0
6804ac8da628d87a352cd5d7,676541a9bf85ec5de3d4b68b,7,18,12,240000.0
6804ac8da628d87a352cd5d7,676541a9bf85ec5de3d4b68b,7,18,1,240000.0
6804ac8da628d87a352cd5d7,676541a9bf85ec5de3d4b68b,7,18,12,240000.0
6804ac8da628d87a352cd5d7,676541a9bf85ec5de3d4b68b,7,18,11,240000.0
6804ac8da628d87a352cd5d7,676541a9bf85ec5de3d4b68b,7,18,11,240000.0
6804ac8da628d87a352cd5d7,676541a9bf85ec5de3d4b68b,7,18,11,240000.0
6804ac8da628d87a352cd5d7,676541a9bf85ec5de3d4b68b,7,18,10,240000.0
6804ac8da628d87a352cd5d7,676541a9bf85ec5de3d4b68b,7,18,11,240000.0
6804ac8da628d87a352cd5d7,676541a9bf85ec5de3d4b68b,7,18,10,240000.0
6804ac8da628d87a352cd5d7,676541a9bf85ec5de3d4b68b,7,18,3,240000.0
6804ac8da628d87a352cd5d7,676541a9bf85ec5de3d4b68b,7,18,3,240000.0
6804ac8da628d87a352cd5d7,676541a9bf85ec5de3d4b68b,7,18,2,240000.0
6804ac8da628d87a352cd5d7,676541a9bf85ec5de3d4b68b,7,18,3,240000.0
6804ac8da628d87a352cd5d7,676541a9bf85ec5de3d4b68b,7,18,3,240000.0
6804ac8da628d87a352cd5d7,676541a9bf85ec5de3d4b68b,7,18,3,240000.0
6804ac8da628d87a352cd5d7,676541a9bf85ec5de3d4b68b,7,18,2,240000.0
6804ac8da628d87a352cd5d7,676541a9bf85ec5de3d4b68b,7,18,2,240000.0
6804ac8da628d87a352cd5d7,676541a9bf85ec5de3d4b68b,7,18,2,240000.0
6804ac8da628d87a352cd5d7,676541a9bf85ec5de3d4b68b,7,18,1,240000.0
6804ac8da628d87a352cd5d7,676541a9bf85ec5de3d4b68b,7,18,1,240000.0
6804ac8da628d87a352cd5d7,676541a9bf85ec5de3d4b68b,7,18,1,240000.0
6804ac8da628d87a352cd5d7,676541a9bf85ec5de3d4b68b,7,18,8,240000.0
6804ac8da628d87a352cd5d7,676541a9bf85ec5de3d4b68b,7,18,8,240000.0
6804ac8da628d87a352cd5d7,676541a9bf85ec5de3d4b68b,7,18,8,240000.0
6804ac8da628d87a352cd5d7,676541a9bf85ec5de3d4b68b,7,18,8,240000.0
6804ac8da628d87a352cd5d7,676541a9bf85ec5de3d4b68b,7,18,8,240000.0
6804ac8da628d87a352cd5d7,676541a9bf85ec5de3d4b68b,7,18,7,240000.0
6804ac8da628d87a352cd5d7,676541a9bf85ec5de3d4b68b,7,18,9,240000.0
6804ac8da628d87a352cd5d7,676541a9bf85ec5de3d4b68b,7,18,10,240000.0
6804ac8da628d87a352cd5d7,676541a9bf85ec5de3d4b68b,7,18,10,240000.0
6804ac8da628d87a352cd5d7,676541a9bf85ec5de3d4b68b,7,18,9,240000.0
6804ac8da628d87a352cd5d7,676541a9bf85ec5de3d4b68b,7,18,9,240000.0
6804ac8da628d87a352cd5d7,676541a9bf85ec5de3d4b68b,7,18,9,240000.0
6804ac8da628d87a352cd5d7,676541a9bf85ec5de3d4b68b,7,18,6,240000.0
6804ac8da628d87a352cd5d7,676541a9bf85ec5de3d4b68b,7,18,7,240000.0
6804ac8da628d87a352cd5d7,676541a9bf85ec5de3d4b68b,7,18,6,240000.0
6804ac8da628d87a352cd5d7,676541a9bf85ec5de3d4b68b,7,18,7,240000.0
6804ac8da628d87a352cd5d7,676541a9bf85ec5de3d4b68b,7,18,6,240000.0
6804ac8da628d87a352cd5d7,676541a9bf85ec5de3d4b68b,7,18,5,240000.0
6804ac8da628d87a352cd5d7,676541a9bf85ec5de3d4b68b,7,18,5,240000.0
6804ac8da628d87a352cd5d7,676541a9bf85ec5de3d4b68b,7,18,5,240000.0
6804ac8da628d87a352cd5d7,676541a9bf85ec5de3d4b68b,7,18,6,240000.0
6804ac8da628d87a352cd5d7,676541a9bf85ec5de3d4b68b,7,18,6,240000.0
6804ac8da628d87a352cd5d7,676541a9bf85ec5de3d4b68b,7,18,5,240000.0
6804ac8da628d87a352cd5d7,676541a9bf85ec5de3d4b68b,7,18,7,240000.0
6804ac6aa628d87a352cd5d6,676541a9bf85ec5de3d4b68b,7,20,11,100000.0
6804ac6aa628d87a352cd5d6,676541a9bf85ec5de3d4b68b,7,20,12,100000.0
6804ac6aa628d87a352cd5d6,676541a9bf85ec5de3d4b68b,7,20,11,100000.0
6804ac6aa628d87a352cd5d6,676541a9bf85ec5de3d4b68b,7,20,12,100000.0
6804ac6aa628d87a352cd5d6,676541a9bf85ec5de3d4b68b,7,20,12,100000.0
6804ac6aa628d87a352cd5d6,676541a9bf85ec5de3d4b68b,7,20,12,100000.0
6804ac6aa628d87a352cd5d6,676541a9bf85ec5de3d4b68b,7,20,11,100000.0
6804ac6aa628d87a352cd5d6,676541a9bf85ec5de3d4b68b,7,20,11,100000.0
6804ac6aa628d87a352cd5d6,676541a9bf85ec5de3d4b68b,7,20,11,100000.0
6804ac6aa628d87a352cd5d6,676541a9bf85ec5de3d4b68b,7,20,10,100000.0
6804ac6aa628d87a352cd5d6,676541a9bf85ec5de3d4b68b,7,20,10,100000.0
6804ac6aa628d87a352cd5d6,676541a9bf85ec5de3d4b68b,7,20,10,100000.0
6804ac6aa628d87a352cd5d6,676541a9bf85ec5de3d4b68b,7,20,2,100000.0
6804ac6aa628d87a352cd5d6,676541a9bf85ec5de3d4b68b,7,20,3,100000.0
6804ac6aa628d87a352cd5d6,676541a9bf85ec5de3d4b68b,7,20,2,100000.0
6804ac6aa628d87a352cd5d6,676541a9bf85ec5de3d4b68b,7,20,3,100000.0
6804ac6aa628d87a352cd5d6,676541a9bf85ec5de3d4b68b,7,20,3,100000.0
6804ac6aa628d87a352cd5d6,676541a9bf85ec5de3d4b68b,7,20,3,100000.0
6804ac6aa628d87a352cd5d6,676541a9bf85ec5de3d4b68b,7,20,1,100000.0
6804ac6aa628d87a352cd5d6,676541a9bf85ec5de3d4b68b,7,20,2,100000.0
6804ac6aa628d87a352cd5d6,676541a9bf85ec5de3d4b68b,7,20,2,100000.0
6804ac6aa628d87a352cd5d6,676541a9bf85ec5de3d4b68b,7,20,1,100000.0
6804ac6aa628d87a352cd5d6,676541a9bf85ec5de3d4b68b,7,20,1,100000.0
6804ac6aa628d87a352cd5d6,676541a9bf85ec5de3d4b68b,7,20,1,100000.0
6804ac6aa628d87a352cd5d6,676541a9bf85ec5de3d4b68b,7,20,8,100000.0
6804ac6aa628d87a352cd5d6,676541a9bf85ec5de3d4b68b,7,20,8,100000.0
6804ac6aa628d87a352cd5d6,676541a9bf85ec5de3d4b68b,7,20,8,100000.0
6804ac6aa628d87a352cd5d6,676541a9bf85ec5de3d4b68b,7,20,7,100000.0
6804ac6aa628d87a352cd5d6,676541a9bf85ec5de3d4b68b,7,20,8,100000.0
6804ac6aa628d87a352cd5d6,676541a9bf85ec5de3d4b68b,7,20,7,100000.0
6804ac6aa628d87a352cd5d6,676541a9bf85ec5de3d4b68b,7,20,9,100000.0
6804ac6aa628d87a352cd5d6,676541a9bf85ec5de3d4b68b,7,20,10,100000.0
6804ac6aa628d87a352cd5d6,676541a9bf85ec5de3d4b68b,7,20,9,100000.0
6804ac6aa628d87a352cd5d6,676541a9bf85ec5de3d4b68b,7,20,9,100000.0
6804ac6aa628d87a352cd5d6,676541a9bf85ec5de3d4b68b,7,20,9,100000.0
6804ac6aa628d87a352cd5d6,676541a9bf85ec5de3d4b68b,7,20,8,100000.0
6804ac6aa628d87a352cd5d6,676541a9bf85ec5de3d4b68b,7,20,6,100000.0
6804ac6aa628d87a352cd5d6,676541a9bf85ec5de3d4b68b,7,20,6,100000.0
6804ac6aa628d87a352cd5d6,676541a9bf85ec5de3d4b68b,7,20,6,100000.0
6804ac6aa628d87a352cd5d6,676541a9bf85ec5de3d4b68b,7,20,7,100000.0
6804ac6aa628d87a352cd5d6,676541a9bf85ec5de3d4b68b,7,20,7,100000.0
6804ac6aa628d87a352cd5d6,676541a9bf85ec5de3d4b68b,7,20,5,100000.0
6804ac6aa628d87a352cd5d6,676541a9bf85ec5de3d4b68b,7,20,6,100000.0
6804ac6aa628d87a352cd5d6,676541a9bf85ec5de3d4b68b,7,20,5,100000.0
6804ac6aa628d87a352cd5d6,676541a9bf85ec5de3d4b68b,7,20,5,100000.0
6804ac6aa628d87a352cd5d6,676541a9bf85ec5de3d4b68b,7,20,5,100000.0
6804ac6aa628d87a352cd5d6,676541a9bf85ec5de3d4b68b,7,20,6,100000.0
6804ac6aa628d87a352cd5d6,676541a9bf85ec5de3d4b68b,7,20,4,100000.0
6804ac6aa628d87a352cd5d6,676541a9bf85ec5de3d4b68b,7,21,11,100000.0
6804ac6aa628d87a352cd5d6,676541a9bf85ec5de3d4b68b,7,21,12,100000.0
6804ac6aa628d87a352cd5d6,676541a9bf85ec5de3d4b68b,7,21,11,100000.0
6804ac6aa628d87a352cd5d6,676541a9bf85ec5de3d4b68b,7,21,12,100000.0
6804ac6aa628d87a352cd5d6,676541a9bf85ec5de3d4b68b,7,21,12,100000.0
6804ac6aa628d87a352cd5d6,676541a9bf85ec5de3d4b68b,7,21,12,100000.0
6804ac6aa628d87a352cd5d6,676541a9bf85ec5de3d4b68b,7,21,11,100000.0
6804ac6aa628d87a352cd5d6,676541a9bf85ec5de3d4b68b,7,21,11,100000.0
6804ac6aa628d87a352cd5d6,676541a9bf85ec5de3d4b68b,7,21,11,100000.0
6804ac6aa628d87a352cd5d6,676541a9bf85ec5de3d4b68b,7,21,10,100000.0
6804ac6aa628d87a352cd5d6,676541a9bf85ec5de3d4b68b,7,21,10,100000.0
6804ac6aa628d87a352cd5d6,676541a9bf85ec5de3d4b68b,7,21,10,100000.0
6804ac6aa628d87a352cd5d6,676541a9bf85ec5de3d4b68b,7,21,2,100000.0
6804ac6aa628d87a352cd5d6,676541a9bf85ec5de3d4b68b,7,21,3,100000.0
6804ac6aa628d87a352cd5d6,676541a9bf85ec5de3d4b68b,7,21,2,100000.0
6804ac6aa628d87a352cd5d6,676541a9bf85ec5de3d4b68b,7,21,3,100000.0
6804ac6aa628d87a352cd5d6,676541a9bf85ec5de3d4b68b,7,21,3,100000.0
6804ac6aa628d87a352cd5d6,676541a9bf85ec5de3d4b68b,7,21,3,100000.0
6804ac6aa628d87a352cd5d6,676541a9bf85ec5de3d4b68b,7,21,1,100000.0
6804ac6aa628d87a352cd5d6,676541a9bf85ec5de3d4b68b,7,21,2,100000.0
6804ac6aa628d87a352cd5d6,676541a9bf85ec5de3d4b68b,7,21,2,100000.0
6804ac6aa628d87a352cd5d6,676541a9bf85ec5de3d4b68b,7,21,1,100000.0
6804ac6aa628d87a352cd5d6,676541a9bf85ec5de3d4b68b,7,21,1,100000.0
6804ac6aa628d87a352cd5d6,676541a9bf85ec5de3d4b68b,7,21,1,100000.0
6804ac6aa628d87a352cd5d6,676541a9bf85ec5de3d4b68b,7,21,8,100000.0
6804ac6aa628d87a352cd5d6,676541a9bf85ec5de3d4b68b,7,21,8,100000.0
6804ac6aa628d87a352cd5d6,676541a9bf85ec5de3d4b68b,7,21,8,100000.0
6804ac6aa628d87a352cd5d6,676541a9bf85ec5de3d4b68b,7,21,7,100000.0
6804ac6aa628d87a352cd5d6,676541a9bf85ec5de3d4b68b,7,21,8,100000.0
6804ac6aa628d87a352cd5d6,676541a9bf85ec5de3d4b68b,7,21,7,100000.0
6804ac6aa628d87a352cd5d6,676541a9bf85ec5de3d4b68b,7,21,9,100000.0
6804ac6aa628d87a352cd5d6,676541a9bf85ec5de3d4b68b,7,21,10,100000.0
6804ac6aa628d87a352cd5d6,676541a9bf85ec5de3d4b68b,7,21,9,100000.0
6804ac6aa628d87a352cd5d6,676541a9bf85ec5de3d4b68b,7,21,9,100000.0
6804ac6aa628d87a352cd5d6,676541a9bf85ec5de3d4b68b,7,21,9,100000.0
6804ac6aa628d87a352cd5d6,676541a9bf85ec5de3d4b68b,7,21,8,100000.0
6804ac6aa628d87a352cd5d6,676541a9bf85ec5de3d4b68b,7,21,6,100000.0
6804ac6aa628d87a352cd5d6,676541a9bf85ec5de3d4b68b,7,21,6,100000.0
6804ac6aa628d87a352cd5d6,676541a9bf85ec5de3d4b68b,7,21,6,100000.0
6804ac6aa628d87a352cd5d6,676541a9bf85ec5de3d4b68b,7,21,7,100000.0
6804ac6aa628d87a352cd5d6,676541a9bf85ec5de3d4b68b,7,21,7,100000.0
6804ac6aa628d87a352cd5d6,676541a9bf85ec5de3d4b68b,7,21,6,100000.0
6804ac6aa628d87a352cd5d6,676541a9bf85ec5de3d4b68b,7,21,5,100000.0
6804ac6aa628d87a352cd5d6,676541a9bf85ec5de3d4b68b,7,21,6,100000.0
6804ac6aa628d87a352cd5d6,676541a9bf85ec5de3d4b68b,7,21,5,100000.0
6804ac6aa628d87a352cd5d6,676541a9bf85ec5de3d4b68b,7,21,5,100000.0
6804ac6aa628d87a352cd5d6,676541a9bf85ec5de3d4b68b,7,21,5,100000.0
6804ac6aa628d87a352cd5d6,676541a9bf85ec5de3d4b68b,7,21,4,100000.0
6804ad43a628d87a352cd5d9,676541cdbf85ec5de3d4b68c,4,18,8,100000.0
6804ad43a628d87a352cd5d9,676541cdbf85ec5de3d4b68c,4,18,8,100000.0
6804ad43a628d87a352cd5d9,676541cdbf85ec5de3d4b68c,4,18,8,100000.0
6804ad43a628d87a352cd5d9,676541cdbf85ec5de3d4b68c,4,18,7,100000.0
6804ad43a628d87a352cd5d9,676541cdbf85ec5de3d4b68c,4,18,7,100000.0
6804ad43a628d87a352cd5d9,676541cdbf85ec5de3d4b68c,4,18,7,100000.0
6804ad43a628d87a352cd5d9,676541cdbf85ec5de3d4b68c,4,18,9,100000.0
6804ad43a628d87a352cd5d9,676541cdbf85ec5de3d4b68c,4,18,10,100000.0
6804ad43a628d87a352cd5d9,676541cdbf85ec5de3d4b68c,4,18,9,100000.0
6804ad43a628d87a352cd5d9,676541cdbf85ec5de3d4b68c,4,18,9,100000.0
6804ad43a628d87a352cd5d9,676541cdbf85ec5de3d4b68c,4,18,9,100000.0
6804ad43a628d87a352cd5d9,676541cdbf85ec5de3d4b68c,4,18,8,100000.0
6804ad43a628d87a352cd5d9,676541cdbf85ec5de3d4b68c,4,18,6,100000.0
6804ad43a628d87a352cd5d9,676541cdbf85ec5de3d4b68c,4,18,6,100000.0
6804ad43a628d87a352cd5d9,676541cdbf85ec5de3d4b68c,4,18,6,100000.0
6804ad43a628d87a352cd5d9,676541cdbf85ec5de3d4b68c,4,18,7,100000.0
6804ad43a628d87a352cd5d9,676541cdbf85ec5de3d4b68c,4,18,7,100000.0
6804ad43a628d87a352cd5d9,676541cdbf85ec5de3d4b68c,4,18,6,100000.0
6804ad43a628d87a352cd5d9,676541cdbf85ec5de3d4b68c,4,18,5,100000.0
6804ad43a628d87a352cd5d9,676541cdbf85ec5de3d4b68c,4,18,5,100000.0
6804ad43a628d87a352cd5d9,676541cdbf85ec5de3d4b68c,4,18,5,100000.0
6804ad43a628d87a352cd5d9,676541cdbf85ec5de3d4b68c,4,18,5,100000.0
6804ad43a628d87a352cd5d9,676541cdbf85ec5de3d4b68c,4,18,5,100000.0
6804ad43a628d87a352cd5d9,676541cdbf85ec5de3d4b68c,4,18,4,100000.0
6804b039a628d87a352cd5e4,67654209bf85ec5de3d4b68e,4,20,12,80000.0
6804b039a628d87a352cd5e4,67654209bf85ec5de3d4b68e,4,20,12,80000.0
6804b039a628d87a352cd5e4,67654209bf85ec5de3d4b68e,4,20,12,80000.0
6804b039a628d87a352cd5e4,67654209bf85ec5de3d4b68e,4,20,1,80000.0
6804b039a628d87a352cd5e4,67654209bf85ec5de3d4b68e,4,20,1,80000.0
6804b039a628d87a352cd5e4,67654209bf85ec5de3d4b68e,4,20,12,80000.0
6804b039a628d87a352cd5e4,67654209bf85ec5de3d4b68e,4,20,11,80000.0
6804b039a628d87a352cd5e4,67654209bf85ec5de3d4b68e,4,20,11,80000.0
6804b039a628d87a352cd5e4,67654209bf85ec5de3d4b68e,4,20,11,80000.0
6804b039a628d87a352cd5e4,67654209bf85ec5de3d4b68e,4,20,10,80000.0
6804b039a628d87a352cd5e4,67654209bf85ec5de3d4b68e,4,20,11,80000.0
6804b039a628d87a352cd5e4,67654209bf85ec5de3d4b68e,4,20,10,80000.0
6804b039a628d87a352cd5e4,67654209bf85ec5de3d4b68e,4,20,3,80000.0
6804b039a628d87a352cd5e4,67654209bf85ec5de3d4b68e,4,20,3,80000.0
6804b039a628d87a352cd5e4,67654209bf85ec5de3d4b68e,4,20,2,80000.0
6804b039a628d87a352cd5e4,67654209bf85ec5de3d4b68e,4,20,3,80000.0
6804b039a628d87a352cd5e4,67654209bf85ec5de3d4b68e,4,20,4,80000.0
6804b039a628d87a352cd5e4,67654209bf85ec5de3d4b68e,4,20,3,80000.0
6804b039a628d87a352cd5e4,67654209bf85ec5de3d4b68e,4,20,2,80000.0
6804b039a628d87a352cd5e4,67654209bf85ec5de3d4b68e,4,20,2,80000.0
6804b039a628d87a352cd5e4,67654209bf85ec5de3d4b68e,4,20,2,80000.0
6804b039a628d87a352cd5e4,67654209bf85ec5de3d4b68e,4,20,1,80000.0
6804b039a628d87a352cd5e4,67654209bf85ec5de3d4b68e,4,20,1,80000.0
6804b039a628d87a352cd5e4,67654209bf85ec5de3d4b68e,4,20,1,80000.0
6804b039a628d87a352cd5e4,67654209bf85ec5de3d4b68e,4,20,8,80000.0
6804b039a628d87a352cd5e4,67654209bf85ec5de3d4b68e,4,20,9,80000.0
6804b039a628d87a352cd5e4,67654209bf85ec5de3d4b68e,4,20,8,80000.0
6804b039a628d87a352cd5e4,67654209bf85ec5de3d4b68e,4,20,8,80000.0
6804b039a628d87a352cd5e4,67654209bf85ec5de3d4b68e,4,20,8,80000.0
6804b039a628d87a352cd5e4,67654209bf85ec5de3d4b68e,4,20,7,80000.0
6804b039a628d87a352cd5e4,67654209bf85ec5de3d4b68e,4,20,10,80000.0
6804b039a628d87a352cd5e4,67654209bf85ec5de3d4b68e,4,20,10,80000.0
6804b039a628d87a352cd5e4,67654209bf85ec5de3d4b68e,4,20,10,80000.0
6804b039a628d87a352cd5e4,67654209bf85ec5de3d4b68e,4,20,9,80000.0
6804b039a628d87a352cd5e4,67654209bf85ec5de3d4b68e,4,20,9,80000.0
6804b039a628d87a352cd5e4,67654209bf85ec5de3d4b68e,4,20,9,80000.0
6804b039a628d87a352cd5e4,67654209bf85ec5de3d4b68e,4,20,6,80000.0
6804b039a628d87a352cd5e4,67654209bf85ec5de3d4b68e,4,20,7,80000.0
6804b039a628d87a352cd5e4,67654209bf85ec5de3d4b68e,4,20,6,80000.0
6804b039a628d87a352cd5e4,67654209bf85ec5de3d4b68e,4,20,7,80000.0
6804b039a628d87a352cd5e4,67654209bf85ec5de3d4b68e,4,20,7,80000.0
6804b039a628d87a352cd5e4,67654209bf85ec5de3d4b68e,4,20,7,80000.0
6804b039a628d87a352cd5e4,67654209bf85ec5de3d4b68e,4,20,5,80000.0
6804b039a628d87a352cd5e4,67654209bf85ec5de3d4b68e,4,20,6,80000.0
6804b039a628d87a352cd5e4,67654209bf85ec5de3d4b68e,4,20,6,80000.0
6804b039a628d87a352cd5e4,67654209bf85ec5de3d4b68e,4,20,5,80000.0
6804b039a628d87a352cd5e4,67654209bf85ec5de3d4b68e,4,20,5,80000.0
6804b039a628d87a352cd5e4,67654209bf85ec5de3d4b68e,4,20,5,80000.0
6804af99a628d87a352cd5e2,67654209bf85ec5de3d4b68e,1,10,11,100000.0
6804af99a628d87a352cd5e2,67654209bf85ec5de3d4b68e,1,10,12,100000.0
6804af99a628d87a352cd5e2,67654209bf85ec5de3d4b68e,1,10,11,100000.0
6804af99a628d87a352cd5e2,67654209bf85ec5de3d4b68e,1,10,12,100000.0
6804af99a628d87a352cd5e2,67654209bf85ec5de3d4b68e,1,10,12,100000.0
6804af99a628d87a352cd5e2,67654209bf85ec5de3d4b68e,1,10,12,100000.0
6804af99a628d87a352cd5e2,67654209bf85ec5de3d4b68e,1,10,10,100000.0
6804af99a628d87a352cd5e2,67654209bf85ec5de3d4b68e,1,10,11,100000.0
6804af99a628d87a352cd5e2,67654209bf85ec5de3d4b68e,1,10,11,100000.0
6804af99a628d87a352cd5e2,67654209bf85ec5de3d4b68e,1,10,10,100000.0
6804af99a628d87a352cd5e2,67654209bf85ec5de3d4b68e,1,10,10,100000.0
6804af99a628d87a352cd5e2,67654209bf85ec5de3d4b68e,1,10,10,100000.0
6804af99a628d87a352cd5e2,67654209bf85ec5de3d4b68e,1,10,2,100000.0
6804af99a628d87a352cd5e2,67654209bf85ec5de3d4b68e,1,10,2,100000.0
6804af99a628d87a352cd5e2,67654209bf85ec5de3d4b68e,1,10,2,100000.0
6804af99a628d87a352cd5e2,67654209bf85ec5de3d4b68e,1,10,3,100000.0
6804af99a628d87a352cd5e2,67654209bf85ec5de3d4b68e,1,10,3,100000.0
6804af99a628d87a352cd5e2,67654209bf85ec5de3d4b68e,1,10,3,100000.0
6804af99a628d87a352cd5e2,67654209bf85ec5de3d4b68e,1,10,8,100000.0
6804af99a628d87a352cd5e2,67654209bf85ec5de3d4b68e,1,10,1,100000.0
6804af99a628d87a352cd5e2,67654209bf85ec5de3d4b68e,1,10,8,100000.0
6804af99a628d87a352cd5e2,67654209bf85ec5de3d4b68e,1,10,8,100000.0
6804af99a628d87a352cd5e2,67654209bf85ec5de3d4b68e,1,10,2,100000.0
6804af99a628d87a352cd5e2,67654209bf85ec5de3d4b68e,1,10,7,100000.0
6804af99a628d87a352cd5e2,67654209bf85ec5de3d4b68e,1,10,1,100000.0
6804af99a628d87a352cd5e2,67654209bf85ec5de3d4b68e,1,10,7,100000.0
6804af99a628d87a352cd5e2,67654209bf85ec5de3d4b68e,1,10,7,100000.0
6804af99a628d87a352cd5e2,67654209bf85ec5de3d4b68e,1,10,9,100000.0
6804af99a628d87a352cd5e2,67654209bf85ec5de3d4b68e,1,10,1,100000.0
6804af99a628d87a352cd5e2,67654209bf85ec5de3d4b68e,1,10,9,100000.0
6804af99a628d87a352cd5e2,67654209bf85ec5de3d4b68e,1,10,1,100000.0
6804af99a628d87a352cd5e2,67654209bf85ec5de3d4b68e,1,10,9,100000.0
6804af99a628d87a352cd5e2,67654209bf85ec5de3d4b68e,1,10,9,100000.0
6804af99a628d87a352cd5e2,67654209bf85ec5de3d4b68e,1,10,9,100000.0
6804af99a628d87a352cd5e2,67654209bf85ec5de3d4b68e,1,10,8,100000.0
6804af99a628d87a352cd5e2,67654209bf85ec5de3d4b68e,1,10,12,100000.0
6804af99a628d87a352cd5e2,67654209bf85ec5de3d4b68e,1,10,6,100000.0
6804af99a628d87a352cd5e2,67654209bf85ec5de3d4b68e,1,10,6,100000.0
6804af99a628d87a352cd5e2,67654209bf85ec5de3d4b68e,1,10,5,100000.0
6804af99a628d87a352cd5e2,67654209bf85ec5de3d4b68e,1,10,4,100000.0
6804af99a628d87a352cd5e2,67654209bf85ec5de3d4b68e,1,10,4,100000.0
6804af99a628d87a352cd5e2,67654209bf85ec5de3d4b68e,1,10,5,100000.0
6804af99a628d87a352cd5e2,67654209bf85ec5de3d4b68e,1,10,6,100000.0
6804af99a628d87a352cd5e2,67654209bf85ec5de3d4b68e,1,10,5,100000.0
6804af99a628d87a352cd5e2,67654209bf85ec5de3d4b68e,1,10,6,100000.0
6804af99a628d87a352cd5e2,67654209bf85ec5de3d4b68e,1,10,7,100000.0
6804af99a628d87a352cd5e2,67654209bf85ec5de3d4b68e,1,10,5,100000.0
6804af99a628d87a352cd5e2,67654209bf85ec5de3d4b68e,1,10,6,100000.0
6804af99a628d87a352cd5e2,67654209bf85ec5de3d4b68e,6,18,6,100000.0
6804af99a628d87a352cd5e2,67654209bf85ec5de3d4b68e,6,18,6,100000.0
6804af99a628d87a352cd5e2,67654209bf85ec5de3d4b68e,6,18,6,100000.0
6804af99a628d87a352cd5e2,67654209bf85ec5de3d4b68e,6,18,7,100000.0
6804af99a628d87a352cd5e2,67654209bf85ec5de3d4b68e,6,18,7,100000.0
6804af99a628d87a352cd5e2,67654209bf85ec5de3d4b68e,6,18,7,100000.0
6804af99a628d87a352cd5e2,67654209bf85ec5de3d4b68e,6,18,5,100000.0
6804af99a628d87a352cd5e2,67654209bf85ec5de3d4b68e,6,18,6,100000.0
6804af99a628d87a352cd5e2,67654209bf85ec5de3d4b68e,6,18,5,100000.0
6804af99a628d87a352cd5e2,67654209bf85ec5de3d4b68e,6,18,5,100000.0
6804af99a628d87a352cd5e2,67654209bf85ec5de3d4b68e,6,18,5,100000.0
6804af99a628d87a352cd5e2,67654209bf85ec5de3d4b68e,6,18,5,100000.0
6804ac28a628d87a352cd5d5,676541a9bf85ec5de3d4b68b,1,20,6,180000.0
6804ac28a628d87a352cd5d5,676541a9bf85ec5de3d4b68b,1,20,6,180000.0
6804ac28a628d87a352cd5d5,676541a9bf85ec5de3d4b68b,1,20,6,180000.0
6804ac28a628d87a352cd5d5,676541a9bf85ec5de3d4b68b,1,20,6,180000.0
6804ac28a628d87a352cd5d5,676541a9bf85ec5de3d4b68b,1,20,7,180000.0
6804ac28a628d87a352cd5d5,676541a9bf85ec5de3d4b68b,1,20,6,180000.0
6804ac28a628d87a352cd5d5,676541a9bf85ec5de3d4b68b,1,20,5,180000.0
6804ac28a628d87a352cd5d5,676541a9bf85ec5de3d4b68b,1,20,5,180000.0
6804ac28a628d87a352cd5d5,676541a9bf85ec5de3d4b68b,1,20,5,180000.0
6804ac28a628d87a352cd5d5,676541a9bf85ec5de3d4b68b,1,20,4,180000.0
6804ac28a628d87a352cd5d5,676541a9bf85ec5de3d4b68b,1,20,5,180000.0
6804ac28a628d87a352cd5d5,676541a9bf85ec5de3d4b68b,1,20,4,180000.0
6804acafa628d87a352cd5d8,676541a9bf85ec5de3d4b68b,4,20,6,100000.0
6804acafa628d87a352cd5d8,676541a9bf85ec5de3d4b68b,4,20,6,100000.0
6804acafa628d87a352cd5d8,676541a9bf85ec5de3d4b68b,4,20,6,100000.0
6804acafa628d87a352cd5d8,676541a9bf85ec5de3d4b68b,4,20,7,100000.0
6804acafa628d87a352cd5d8,676541a9bf85ec5de3d4b68b,4,20,7,100000.0
6804acafa628d87a352cd5d8,676541a9bf85ec5de3d4b68b,4,20,7,100000.0
6804acafa628d87a352cd5d8,676541a9bf85ec5de3d4b68b,4,20,5,100000.0
6804acafa628d87a352cd5d8,676541a9bf85ec5de3d4b68b,4,20,6,100000.0
6804acafa628d87a352cd5d8,676541a9bf85ec5de3d4b68b,4,20,5,100000.0
6804acafa628d87a352cd5d8,676541a9bf85ec5de3d4b68b,4,20,5,100000.0
6804acafa628d87a352cd5d8,676541a9bf85ec5de3d4b68b,4,20,5,100000.0
6804acafa628d87a352cd5d8,676541a9bf85ec5de3d4b68b,4,20,5,100000.0
6804af52a628d87a352cd5e1,67654209bf85ec5de3d4b68e,3,21,4,100000.0
6804af52a628d87a352cd5e1,67654209bf85ec5de3d4b68e,3,22,4,100000.0
6804af52a628d87a352cd5e1,67654209bf85ec5de3d4b68e,7,16,4,100000.0
6804af52a628d87a352cd5e1,67654209bf85ec5de3d4b68e,7,17,4,100000.0
6804b039a628d87a352cd5e4,67654209bf85ec5de3d4b68e,2,17,5,80000.0
6804b039a628d87a352cd5e4,67654209bf85ec5de3d4b68e,5,9,6,100000.0
6804b039a628d87a352cd5e4,67654209bf85ec5de3d4b68e,5,10,6,100000.0
6804b039a628d87a352cd5e4,67654209bf85ec5de3d4b68e,5,13,6,100000.0
6804af99a628d87a352cd5e2,67654209bf85ec5de3d4b68e,3,5,8,100000.0
6804af99a628d87a352cd5e2,67654209bf85ec5de3d4b68e,3,20,8,100000.0
6804af99a628d87a352cd5e2,67654209bf85ec5de3d4b68e,3,21,8,100000.0
6804af99a628d87a352cd5e2,67654209bf85ec5de3d4b68e,3,22,8,100000.0
6804af99a628d87a352cd5e2,67654209bf85ec5de3d4b68e,3,16,8,100000.0
6804af99a628d87a352cd5e2,67654209bf85ec5de3d4b68e,3,13,8,100000.0
6804b039a628d87a352cd5e4,67654209bf85ec5de3d4b68e,5,18,8,100000.0
6804b039a628d87a352cd5e4,67654209bf85ec5de3d4b68e,5,19,8,100000.0
6804b039a628d87a352cd5e4,67654209bf85ec5de3d4b68e,5,20,8,100000.0
